,AETUC-0A-A76,AETUC-0A-A97,AETUCCF-2A-A79,AGRPRI-1A-A19,AGRPRI-1A-D10,ANF-0A-A14,ARQ-0A-A84,ARQ-0A-A85,ARQ-0B-A87,ARQ-0D-A88,ARQ-0D-A89,ARQ-0D-A90,ARQ-0G-A93-CEPAUC,ARQ-1C-A86,ARQ-1C-A96,ARQ-1E-A91,ARQ-1E-A92,ART-0A-A15,AUL1-2A-A110,AUL1-2A-A111,AUL1-3A-A104,AUL1-3A-A112,AUL2-01A-A124-SUBLAB2,AUL2-01A-A24-SUB,AUL2-0A-A106,AUL2-0A-A118,AUL2-0A-A119,AUL2-0A-A120,AUL2-0A-A121,AUL2-0A-A122,AUL2-0A-A123,BAL-AUL1-D4,BAL-AUL2-D1,BAL-CENTEC-D2,BAL-EADM-D3,BIB-2A-A16,BLOQUED-0A-A21,CB-EADMI-D6,CC-ADM-D40,CC-AETUC-D30,CC-ARQUITECTURA-D107,CC-BIBLIOTECA-D112,CC-BLOQUE-IQ,CC-ECONOMIA-D51,CC-FILOSOFIA-A-D108,CC-FILOSOFIA-B-D111,CC-JURISPRUDENCIA-D110,CC-MONJAS-D126,CC-PROMAS-D31,CC-PSICOLOGIA-D125,CC-QUIMICA-D109,CCADM-2A-A43,CCADM-2A-A44,CCADM-2A-A45,CCBIB-1A-A71,CCJ-1A-A10,CCJ-1A-A11,CCJ-CJURIDICO-D4,CEA-0A-A108,CEN-1A-A20,CENDIA-0A-A19,CMED-0A-A42,CP-EADMINA1-D6,CP-ENFERMERIA-D1,CP-INVESTIGACION-D5,CP-ODONTOLOGIA-D4,CP-POSGRADO-D2,CP-TECMEDICO-D3,CPAR-C10,CREDU-0B-A94,CTBLOQ1-0A-A101,CTBLOQ2-0A-A102,CTBLOQ3-0A-A103,DAN-1A-A11,DATCC-2A-C2,DATCC-2A-C3,DT-0A-C12,DT-0A-C13,EA-0A-A114,EA-1A-A115,EA-1A-A116,ECOK1-1A-A101,ECOK1-1A-A102,ECOK2-1A-A52,ECOK3-0A-A63,ENF-2B-A122,ENF-2B-A22,ENF-3A-A21,FILOA-0B-A56,FILOA-2A-A55,FILOB-1B-A58,FILOB-2A-A57,FORTIGATE-1800F-BALZAY,FORTIGATE-1800F-CENTRAL,HOS-0A-A10,HOS-0A-A13,HOS-0A-D05,HOS-1A-A12,HOS-2A-A11,INTERNET-MPLS,INV-1A-A161,INV-1A-A61,INV-1B-A162,INV-1B-A62,JUR-0A-A59,JUR-0A-A60,JUR-1A-A61,JUR-1A-A62,LAB-1A-A18,LABMAC-1A-A13,LAC-0A-A17,MEDADM-0F-A16,MEDADM-0G-A17,MEDADM-1A-A11,MEDADM-1B-A12,MEDADM-1C-A13,MEDADM-1D-A14,MEDADM-1E-A15,MEDADM-1H-A18,MICRORED-1A-A109,MON-0A-A103,MON-0A-A104,MON-1B-A67,MON-1B-A68,MON-1C-A105,MON-1C-A106,ODO-0B-A152,ODO-0B-A52,ODO-0C-A153,ODO-0C-A154,ODO-0C-A53,ODO-0C-A54,ODO-1A-A151,ODO-1A-A51,PE1-BALZAY,PE1-CENTRAL,PE2-BALZAY,PE2-CENTRAL,POS-0A-A131,POS-0A-A31,POS-1B-A32,POS-2C-A133,POS-2C-A33,POSLAB-0D-A34,POST-1A-A64,POST-1A-A65,POST-2A-A66,PRO-1A-A73,PRO-3A-A74,PSIC-1A-A53,PSIC-2B-A54,QUI-0A-A78,QUI-1A-A83,QUI-2A-A81,QUI-2A-A82,QUIN-1A-A117,QUIN-1A-A128,ROUTER-CAMPUS-CENTRO-HISTORICO,ROUTER-CAMPUS-HUAYNA-CAPAC,ROUTER-CAMPUS-MUSEO,ROUTER-CAMPUS-PARAISO,ROUTER-CAMPUS-YANUNCAY,ROUTER-L2TP-BALZAY,SW-ARUBA-CENTRO-HISTORICO,SW-ARUBA-MUSEO,TALL-0A-A12,TEAT-0A-A75,TECMED-0B-A42,TECMED-1A-A141,TECMED-1A-A41,TECMED-2C-A43,TECMED-3D-A44,TECQUI-0A-A10,TECQUI-0A-A11,TECQUI-0A-A12,VIN-0A-A72,VLIR-0A-A107
AETUC-0A-A76,0.0,4.0,2.0,9.450000000000001,7.450000000000001,9.450000000000001,8.2,6.2,6.2,6.2,8.2,6.2,6.2,6.2,6.2,6.2,8.2,9.450000000000001,10.4,10.4,10.4,10.4,10.4,10.4,10.4,10.4,10.4,10.4,10.4,10.4,10.4,8.4,8.4,8.4,9.5,9.450000000000001,9.450000000000001,8.4,4.2,2.0,4.2,4.2,4.2,4.2,4.2,4.2,4.2,4.2,4.2,4.2,4.2,6.2,6.2,6.2,6.2,8.350000000000001,8.350000000000001,6.3500000000000005,10.4,9.450000000000001,10.55,6.2,8.55,8.55,8.55,8.55,8.55,8.55,7.45,6.2,10.4,10.4,10.4,9.450000000000001,3.1,3.1,7.300000000000001,7.300000000000001,10.4,10.4,10.4,6.2,6.2,6.2,6.2,12.55,10.55,10.55,6.2,6.2,6.2,6.2,6.2,4.2,8.350000000000001,8.350000000000001,6.3500000000000005,8.350000000000001,8.350000000000001,5.25,10.55,10.55,12.55,10.55,6.2,6.2,6.2,6.2,9.450000000000001,9.450000000000001,9.450000000000001,10.55,10.55,10.55,10.55,10.55,10.55,10.55,10.55,10.4,6.2,6.2,6.2,8.2,6.2,6.2,12.55,10.55,12.55,10.55,10.55,12.55,10.55,10.55,5.25,5.25,6.3500000000000005,4.15,10.55,10.55,10.55,12.55,10.55,10.55,6.2,8.2,10.2,6.2,8.2,6.2,6.2,6.2,6.2,8.2,6.2,11.5,13.5,5.300000000000001,6.35,5.300000000000001,5.25,6.3500000000000005,7.300000000000001,4.2,4.2,9.450000000000001,6.2,10.55,12.55,10.55,10.55,10.55,6.2,8.2,8.2,6.2,10.4
AETUC-0A-A97,4.0,0.0,6.0,9.450000000000001,7.450000000000001,9.450000000000001,8.2,6.2,6.2,6.2,8.2,6.2,6.2,6.2,6.2,6.2,8.2,9.450000000000001,10.4,10.4,10.4,10.4,10.4,10.4,10.4,10.4,10.4,10.4,10.4,10.4,10.4,8.4,8.4,8.4,9.5,9.450000000000001,9.450000000000001,8.4,4.2,2.0,4.2,4.2,4.2,4.2,4.2,4.2,4.2,4.2,4.2,4.2,4.2,6.2,6.2,6.2,6.2,8.350000000000001,8.350000000000001,6.3500000000000005,10.4,9.450000000000001,10.55,6.2,8.55,8.55,8.55,8.55,8.55,8.55,7.45,6.2,10.4,10.4,10.4,9.450000000000001,3.1,3.1,7.300000000000001,7.300000000000001,10.4,10.4,10.4,6.2,6.2,6.2,6.2,12.55,10.55,10.55,6.2,6.2,6.2,6.2,6.2,4.2,8.350000000000001,8.350000000000001,6.3500000000000005,8.350000000000001,8.350000000000001,5.25,10.55,10.55,12.55,10.55,6.2,6.2,6.2,6.2,9.450000000000001,9.450000000000001,9.450000000000001,10.55,10.55,10.55,10.55,10.55,10.55,10.55,10.55,10.4,6.2,6.2,6.2,8.2,6.2,6.2,12.55,10.55,12.55,10.55,10.55,12.55,10.55,10.55,5.25,5.25,6.3500000000000005,4.15,10.55,10.55,10.55,12.55,10.55,10.55,6.2,8.2,10.2,6.2,8.2,6.2,6.2,6.2,6.2,8.2,6.2,11.5,13.5,5.300000000000001,6.35,5.300000000000001,5.25,6.3500000000000005,7.300000000000001,4.2,4.2,9.450000000000001,6.2,10.55,12.55,10.55,10.55,10.55,6.2,8.2,8.2,6.2,10.4
AETUCCF-2A-A79,2.0,6.0,0.0,11.45,9.45,11.45,10.2,8.2,8.2,8.2,10.2,8.2,8.2,8.2,8.2,8.2,10.2,11.45,12.399999999999999,12.399999999999999,12.399999999999999,12.399999999999999,12.399999999999999,12.399999999999999,12.399999999999999,12.399999999999999,12.399999999999999,12.399999999999999,12.399999999999999,12.399999999999999,12.399999999999999,10.399999999999999,10.399999999999999,10.399999999999999,11.5,11.45,11.45,10.399999999999999,6.199999999999999,4.0,6.199999999999999,6.199999999999999,6.199999999999999,6.199999999999999,6.199999999999999,6.199999999999999,6.199999999999999,6.199999999999999,6.199999999999999,6.199999999999999,6.199999999999999,8.2,8.2,8.2,8.2,10.35,10.35,8.35,12.399999999999999,11.45,12.55,8.2,10.55,10.55,10.55,10.55,10.55,10.55,9.45,8.2,12.399999999999999,12.399999999999999,12.399999999999999,11.45,5.1,5.1,9.299999999999999,9.299999999999999,12.399999999999999,12.399999999999999,12.399999999999999,8.2,8.2,8.2,8.2,14.55,12.55,12.55,8.2,8.2,8.2,8.2,8.2,6.199999999999999,10.35,10.35,8.35,10.35,10.35,7.25,12.55,12.55,14.55,12.55,8.2,8.2,8.2,8.2,11.45,11.45,11.45,12.55,12.55,12.55,12.55,12.55,12.55,12.55,12.55,12.399999999999999,8.2,8.2,8.2,10.2,8.2,8.2,14.55,12.55,14.55,12.55,12.55,14.55,12.55,12.55,7.25,7.25,8.35,6.1499999999999995,12.55,12.55,12.55,14.55,12.55,12.55,8.2,10.2,12.2,8.2,10.2,8.2,8.2,8.2,8.2,10.2,8.2,13.5,15.5,7.299999999999999,8.35,7.299999999999999,7.25,8.35,9.299999999999999,6.199999999999999,6.199999999999999,11.45,8.2,12.55,14.55,12.55,12.55,12.55,8.2,10.2,10.2,8.2,12.399999999999999
AGRPRI-1A-A19,9.450000000000001,9.450000000000001,11.45,0.0,2.0,4.0,11.45,9.450000000000001,9.450000000000001,9.450000000000001,11.45,9.450000000000001,9.450000000000001,9.450000000000001,9.450000000000001,9.450000000000001,11.45,4.0,9.450000000000001,9.450000000000001,9.450000000000001,9.450000000000001,9.450000000000001,9.450000000000001,9.450000000000001,9.450000000000001,9.450000000000001,9.450000000000001,9.450000000000001,9.450000000000001,9.450000000000001,7.450000000000001,7.450000000000001,7.450000000000001,8.55,4.0,4.0,7.450000000000001,7.450000000000001,7.450000000000001,7.450000000000001,7.450000000000001,7.450000000000001,7.450000000000001,7.450000000000001,7.450000000000001,7.450000000000001,7.450000000000001,7.450000000000001,7.450000000000001,7.450000000000001,9.450000000000001,9.450000000000001,9.450000000000001,9.450000000000001,7.300000000000001,7.300000000000001,5.300000000000001,9.450000000000001,4.0,9.5,9.450000000000001,7.5,7.5,7.5,7.5,7.5,7.5,6.4,9.450000000000001,9.450000000000001,9.450000000000001,9.450000000000001,4.0,6.4,6.35,7.450000000000001,6.35,9.450000000000001,9.450000000000001,9.450000000000001,9.450000000000001,9.450000000000001,9.450000000000001,9.450000000000001,11.5,9.5,9.5,9.450000000000001,9.450000000000001,9.450000000000001,9.450000000000001,6.4,5.300000000000001,7.300000000000001,7.300000000000001,5.300000000000001,7.300000000000001,7.300000000000001,4.2,9.5,9.5,11.5,9.5,9.450000000000001,9.450000000000001,9.450000000000001,9.450000000000001,4.0,4.0,4.0,9.5,9.5,9.5,9.5,9.5,9.5,9.5,9.5,9.450000000000001,9.450000000000001,9.450000000000001,9.450000000000001,11.450000000000001,9.450000000000001,9.450000000000001,11.5,9.5,11.5,9.5,9.5,11.5,9.5,9.5,5.300000000000001,4.2,5.300000000000001,5.300000000000001,9.5,9.5,9.5,11.5,9.5,9.5,9.450000000000001,11.450000000000001,13.450000000000001,9.450000000000001,11.450000000000001,9.450000000000001,9.450000000000001,9.450000000000001,9.450000000000001,11.450000000000001,9.450000000000001,10.55,12.549999999999999,8.55,5.300000000000001,8.6,6.4,3.1,8.35,7.450000000000001,7.5,4.0,9.450000000000001,9.5,11.5,9.5,9.5,9.5,9.450000000000001,11.450000000000001,11.450000000000001,9.450000000000001,9.450000000000001
AGRPRI-1A-D10,7.450000000000001,7.450000000000001,9.45,2.0,0.0,2.0,9.45,7.450000000000001,7.450000000000001,7.450000000000001,9.45,7.450000000000001,7.450000000000001,7.450000000000001,7.450000000000001,7.450000000000001,9.45,2.0,7.450000000000001,7.450000000000001,7.450000000000001,7.450000000000001,7.450000000000001,7.450000000000001,7.450000000000001,7.450000000000001,7.450000000000001,7.450000000000001,7.450000000000001,7.450000000000001,7.450000000000001,5.450000000000001,5.450000000000001,5.450000000000001,6.550000000000001,2.0,2.0,5.450000000000001,5.450000000000001,5.450000000000001,5.450000000000001,5.450000000000001,5.450000000000001,5.450000000000001,5.450000000000001,5.450000000000001,5.450000000000001,5.450000000000001,5.450000000000001,5.450000000000001,5.450000000000001,7.450000000000001,7.450000000000001,7.450000000000001,7.450000000000001,5.300000000000001,5.300000000000001,3.3000000000000003,7.450000000000001,2.0,7.5,7.450000000000001,5.5,5.5,5.5,5.5,5.5,5.5,4.4,7.450000000000001,7.450000000000001,7.450000000000001,7.450000000000001,2.0,4.4,4.35,5.450000000000001,4.35,7.450000000000001,7.450000000000001,7.450000000000001,7.450000000000001,7.450000000000001,7.450000000000001,7.450000000000001,9.5,7.5,7.5,7.450000000000001,7.450000000000001,7.450000000000001,7.450000000000001,4.4,3.3000000000000003,5.300000000000001,5.300000000000001,3.3000000000000003,5.300000000000001,5.300000000000001,2.2,7.5,7.5,9.5,7.5,7.450000000000001,7.450000000000001,7.450000000000001,7.450000000000001,2.0,2.0,2.0,7.5,7.5,7.5,7.5,7.5,7.5,7.5,7.5,7.450000000000001,7.450000000000001,7.450000000000001,7.450000000000001,9.450000000000001,7.450000000000001,7.450000000000001,9.5,7.5,9.5,7.5,7.5,9.5,7.5,7.5,3.3000000000000003,2.2,3.3000000000000003,3.3000000000000003,7.5,7.5,7.5,9.5,7.5,7.5,7.450000000000001,9.450000000000001,11.450000000000001,7.450000000000001,9.450000000000001,7.450000000000001,7.450000000000001,7.450000000000001,7.450000000000001,9.450000000000001,7.450000000000001,8.55,10.549999999999999,6.550000000000001,3.3000000000000003,6.6,4.4,1.1,6.35,5.450000000000001,5.5,2.0,7.450000000000001,7.5,9.5,7.5,7.5,7.5,7.450000000000001,9.450000000000001,9.450000000000001,7.450000000000001,7.450000000000001
ANF-0A-A14,9.450000000000001,9.450000000000001,11.45,4.0,2.0,0.0,11.45,9.450000000000001,9.450000000000001,9.450000000000001,11.45,9.450000000000001,9.450000000000001,9.450000000000001,9.450000000000001,9.450000000000001,11.45,4.0,9.450000000000001,9.450000000000001,9.450000000000001,9.450000000000001,9.450000000000001,9.450000000000001,9.450000000000001,9.450000000000001,9.450000000000001,9.450000000000001,9.450000000000001,9.450000000000001,9.450000000000001,7.450000000000001,7.450000000000001,7.450000000000001,8.55,4.0,4.0,7.450000000000001,7.450000000000001,7.450000000000001,7.450000000000001,7.450000000000001,7.450000000000001,7.450000000000001,7.450000000000001,7.450000000000001,7.450000000000001,7.450000000000001,7.450000000000001,7.450000000000001,7.450000000000001,9.450000000000001,9.450000000000001,9.450000000000001,9.450000000000001,7.300000000000001,7.300000000000001,5.300000000000001,9.450000000000001,4.0,9.5,9.450000000000001,7.5,7.5,7.5,7.5,7.5,7.5,6.4,9.450000000000001,9.450000000000001,9.450000000000001,9.450000000000001,4.0,6.4,6.35,7.450000000000001,6.35,9.450000000000001,9.450000000000001,9.450000000000001,9.450000000000001,9.450000000000001,9.450000000000001,9.450000000000001,11.5,9.5,9.5,9.450000000000001,9.450000000000001,9.450000000000001,9.450000000000001,6.4,5.300000000000001,7.300000000000001,7.300000000000001,5.300000000000001,7.300000000000001,7.300000000000001,4.2,9.5,9.5,11.5,9.5,9.450000000000001,9.450000000000001,9.450000000000001,9.450000000000001,4.0,4.0,4.0,9.5,9.5,9.5,9.5,9.5,9.5,9.5,9.5,9.450000000000001,9.450000000000001,9.450000000000001,9.450000000000001,11.450000000000001,9.450000000000001,9.450000000000001,11.5,9.5,11.5,9.5,9.5,11.5,9.5,9.5,5.300000000000001,4.2,5.300000000000001,5.300000000000001,9.5,9.5,9.5,11.5,9.5,9.5,9.450000000000001,11.450000000000001,13.450000000000001,9.450000000000001,11.450000000000001,9.450000000000001,9.450000000000001,9.450000000000001,9.450000000000001,11.450000000000001,9.450000000000001,10.55,12.549999999999999,8.55,5.300000000000001,8.6,6.4,3.1,8.35,7.450000000000001,7.5,4.0,9.450000000000001,9.5,11.5,9.5,9.5,9.5,9.450000000000001,11.450000000000001,11.450000000000001,9.450000000000001,9.450000000000001
ARQ-0A-A84,8.2,8.2,10.2,11.45,9.45,11.45,0.0,2.0,6.0,6.0,8.0,6.0,6.0,6.0,6.0,6.0,8.0,11.45,12.399999999999999,12.399999999999999,12.399999999999999,12.399999999999999,12.399999999999999,12.399999999999999,12.399999999999999,12.399999999999999,12.399999999999999,12.399999999999999,12.399999999999999,12.399999999999999,12.399999999999999,10.399999999999999,10.399999999999999,10.399999999999999,11.5,11.45,11.45,10.399999999999999,6.199999999999999,6.199999999999999,4.0,6.199999999999999,6.199999999999999,6.199999999999999,6.199999999999999,6.199999999999999,6.199999999999999,6.199999999999999,6.199999999999999,6.199999999999999,6.199999999999999,8.2,8.2,8.2,8.2,10.35,10.35,8.35,12.399999999999999,11.45,12.55,8.2,10.55,10.55,10.55,10.55,10.55,10.55,9.45,8.2,12.399999999999999,12.399999999999999,12.399999999999999,11.45,5.1,5.1,9.299999999999999,9.299999999999999,12.399999999999999,12.399999999999999,12.399999999999999,8.2,8.2,8.2,8.2,14.55,12.55,12.55,8.2,8.2,8.2,8.2,8.2,6.199999999999999,10.35,10.35,8.35,10.35,10.35,7.25,12.55,12.55,14.55,12.55,8.2,8.2,8.2,8.2,11.45,11.45,11.45,12.55,12.55,12.55,12.55,12.55,12.55,12.55,12.55,12.399999999999999,8.2,8.2,8.2,10.2,8.2,8.2,14.55,12.55,14.55,12.55,12.55,14.55,12.55,12.55,7.25,7.25,8.35,6.1499999999999995,12.55,12.55,12.55,14.55,12.55,12.55,8.2,10.2,12.2,8.2,10.2,8.2,8.2,8.2,8.2,10.2,8.2,13.5,15.5,7.299999999999999,8.35,7.299999999999999,7.25,8.35,9.299999999999999,6.199999999999999,6.199999999999999,11.45,8.2,12.55,14.55,12.55,12.55,12.55,8.2,10.2,10.2,8.2,12.399999999999999
ARQ-0A-A85,6.2,6.2,8.2,9.450000000000001,7.450000000000001,9.450000000000001,2.0,0.0,4.0,4.0,6.0,4.0,4.0,4.0,4.0,4.0,6.0,9.450000000000001,10.4,10.4,10.4,10.4,10.4,10.4,10.4,10.4,10.4,10.4,10.4,10.4,10.4,8.4,8.4,8.4,9.5,9.450000000000001,9.450000000000001,8.4,4.2,4.2,2.0,4.2,4.2,4.2,4.2,4.2,4.2,4.2,4.2,4.2,4.2,6.2,6.2,6.2,6.2,8.350000000000001,8.350000000000001,6.3500000000000005,10.4,9.450000000000001,10.55,6.2,8.55,8.55,8.55,8.55,8.55,8.55,7.45,6.2,10.4,10.4,10.4,9.450000000000001,3.1,3.1,7.300000000000001,7.300000000000001,10.4,10.4,10.4,6.2,6.2,6.2,6.2,12.55,10.55,10.55,6.2,6.2,6.2,6.2,6.2,4.2,8.350000000000001,8.350000000000001,6.3500000000000005,8.350000000000001,8.350000000000001,5.25,10.55,10.55,12.55,10.55,6.2,6.2,6.2,6.2,9.450000000000001,9.450000000000001,9.450000000000001,10.55,10.55,10.55,10.55,10.55,10.55,10.55,10.55,10.4,6.2,6.2,6.2,8.2,6.2,6.2,12.55,10.55,12.55,10.55,10.55,12.55,10.55,10.55,5.25,5.25,6.3500000000000005,4.15,10.55,10.55,10.55,12.55,10.55,10.55,6.2,8.2,10.2,6.2,8.2,6.2,6.2,6.2,6.2,8.2,6.2,11.5,13.5,5.300000000000001,6.35,5.300000000000001,5.25,6.3500000000000005,7.300000000000001,4.2,4.2,9.450000000000001,6.2,10.55,12.55,10.55,10.55,10.55,6.2,8.2,8.2,6.2,10.4
ARQ-0B-A87,6.2,6.2,8.2,9.450000000000001,7.450000000000001,9.450000000000001,6.0,4.0,0.0,4.0,6.0,4.0,4.0,4.0,4.0,4.0,6.0,9.450000000000001,10.4,10.4,10.4,10.4,10.4,10.4,10.4,10.4,10.4,10.4,10.4,10.4,10.4,8.4,8.4,8.4,9.5,9.450000000000001,9.450000000000001,8.4,4.2,4.2,2.0,4.2,4.2,4.2,4.2,4.2,4.2,4.2,4.2,4.2,4.2,6.2,6.2,6.2,6.2,8.350000000000001,8.350000000000001,6.3500000000000005,10.4,9.450000000000001,10.55,6.2,8.55,8.55,8.55,8.55,8.55,8.55,7.45,6.2,10.4,10.4,10.4,9.450000000000001,3.1,3.1,7.300000000000001,7.300000000000001,10.4,10.4,10.4,6.2,6.2,6.2,6.2,12.55,10.55,10.55,6.2,6.2,6.2,6.2,6.2,4.2,8.350000000000001,8.350000000000001,6.3500000000000005,8.350000000000001,8.350000000000001,5.25,10.55,10.55,12.55,10.55,6.2,6.2,6.2,6.2,9.450000000000001,9.450000000000001,9.450000000000001,10.55,10.55,10.55,10.55,10.55,10.55,10.55,10.55,10.4,6.2,6.2,6.2,8.2,6.2,6.2,12.55,10.55,12.55,10.55,10.55,12.55,10.55,10.55,5.25,5.25,6.3500000000000005,4.15,10.55,10.55,10.55,12.55,10.55,10.55,6.2,8.2,10.2,6.2,8.2,6.2,6.2,6.2,6.2,8.2,6.2,11.5,13.5,5.300000000000001,6.35,5.300000000000001,5.25,6.3500000000000005,7.300000000000001,4.2,4.2,9.450000000000001,6.2,10.55,12.55,10.55,10.55,10.55,6.2,8.2,8.2,6.2,10.4
ARQ-0D-A88,6.2,6.2,8.2,9.450000000000001,7.450000000000001,9.450000000000001,6.0,4.0,4.0,0.0,2.0,4.0,4.0,4.0,4.0,4.0,6.0,9.450000000000001,10.4,10.4,10.4,10.4,10.4,10.4,10.4,10.4,10.4,10.4,10.4,10.4,10.4,8.4,8.4,8.4,9.5,9.450000000000001,9.450000000000001,8.4,4.2,4.2,2.0,4.2,4.2,4.2,4.2,4.2,4.2,4.2,4.2,4.2,4.2,6.2,6.2,6.2,6.2,8.350000000000001,8.350000000000001,6.3500000000000005,10.4,9.450000000000001,10.55,6.2,8.55,8.55,8.55,8.55,8.55,8.55,7.45,6.2,10.4,10.4,10.4,9.450000000000001,3.1,3.1,7.300000000000001,7.300000000000001,10.4,10.4,10.4,6.2,6.2,6.2,6.2,12.55,10.55,10.55,6.2,6.2,6.2,6.2,6.2,4.2,8.350000000000001,8.350000000000001,6.3500000000000005,8.350000000000001,8.350000000000001,5.25,10.55,10.55,12.55,10.55,6.2,6.2,6.2,6.2,9.450000000000001,9.450000000000001,9.450000000000001,10.55,10.55,10.55,10.55,10.55,10.55,10.55,10.55,10.4,6.2,6.2,6.2,8.2,6.2,6.2,12.55,10.55,12.55,10.55,10.55,12.55,10.55,10.55,5.25,5.25,6.3500000000000005,4.15,10.55,10.55,10.55,12.55,10.55,10.55,6.2,8.2,10.2,6.2,8.2,6.2,6.2,6.2,6.2,8.2,6.2,11.5,13.5,5.300000000000001,6.35,5.300000000000001,5.25,6.3500000000000005,7.300000000000001,4.2,4.2,9.450000000000001,6.2,10.55,12.55,10.55,10.55,10.55,6.2,8.2,8.2,6.2,10.4
ARQ-0D-A89,8.2,8.2,10.2,11.45,9.45,11.45,8.0,6.0,6.0,2.0,0.0,6.0,6.0,6.0,6.0,6.0,8.0,11.45,12.399999999999999,12.399999999999999,12.399999999999999,12.399999999999999,12.399999999999999,12.399999999999999,12.399999999999999,12.399999999999999,12.399999999999999,12.399999999999999,12.399999999999999,12.399999999999999,12.399999999999999,10.399999999999999,10.399999999999999,10.399999999999999,11.5,11.45,11.45,10.399999999999999,6.199999999999999,6.199999999999999,4.0,6.199999999999999,6.199999999999999,6.199999999999999,6.199999999999999,6.199999999999999,6.199999999999999,6.199999999999999,6.199999999999999,6.199999999999999,6.199999999999999,8.2,8.2,8.2,8.2,10.35,10.35,8.35,12.399999999999999,11.45,12.55,8.2,10.55,10.55,10.55,10.55,10.55,10.55,9.45,8.2,12.399999999999999,12.399999999999999,12.399999999999999,11.45,5.1,5.1,9.299999999999999,9.299999999999999,12.399999999999999,12.399999999999999,12.399999999999999,8.2,8.2,8.2,8.2,14.55,12.55,12.55,8.2,8.2,8.2,8.2,8.2,6.199999999999999,10.35,10.35,8.35,10.35,10.35,7.25,12.55,12.55,14.55,12.55,8.2,8.2,8.2,8.2,11.45,11.45,11.45,12.55,12.55,12.55,12.55,12.55,12.55,12.55,12.55,12.399999999999999,8.2,8.2,8.2,10.2,8.2,8.2,14.55,12.55,14.55,12.55,12.55,14.55,12.55,12.55,7.25,7.25,8.35,6.1499999999999995,12.55,12.55,12.55,14.55,12.55,12.55,8.2,10.2,12.2,8.2,10.2,8.2,8.2,8.2,8.2,10.2,8.2,13.5,15.5,7.299999999999999,8.35,7.299999999999999,7.25,8.35,9.299999999999999,6.199999999999999,6.199999999999999,11.45,8.2,12.55,14.55,12.55,12.55,12.55,8.2,10.2,10.2,8.2,12.399999999999999
ARQ-0D-A90,6.2,6.2,8.2,9.450000000000001,7.450000000000001,9.450000000000001,6.0,4.0,4.0,4.0,6.0,0.0,4.0,4.0,4.0,4.0,6.0,9.450000000000001,10.4,10.4,10.4,10.4,10.4,10.4,10.4,10.4,10.4,10.4,10.4,10.4,10.4,8.4,8.4,8.4,9.5,9.450000000000001,9.450000000000001,8.4,4.2,4.2,2.0,4.2,4.2,4.2,4.2,4.2,4.2,4.2,4.2,4.2,4.2,6.2,6.2,6.2,6.2,8.350000000000001,8.350000000000001,6.3500000000000005,10.4,9.450000000000001,10.55,6.2,8.55,8.55,8.55,8.55,8.55,8.55,7.45,6.2,10.4,10.4,10.4,9.450000000000001,3.1,3.1,7.300000000000001,7.300000000000001,10.4,10.4,10.4,6.2,6.2,6.2,6.2,12.55,10.55,10.55,6.2,6.2,6.2,6.2,6.2,4.2,8.350000000000001,8.350000000000001,6.3500000000000005,8.350000000000001,8.350000000000001,5.25,10.55,10.55,12.55,10.55,6.2,6.2,6.2,6.2,9.450000000000001,9.450000000000001,9.450000000000001,10.55,10.55,10.55,10.55,10.55,10.55,10.55,10.55,10.4,6.2,6.2,6.2,8.2,6.2,6.2,12.55,10.55,12.55,10.55,10.55,12.55,10.55,10.55,5.25,5.25,6.3500000000000005,4.15,10.55,10.55,10.55,12.55,10.55,10.55,6.2,8.2,10.2,6.2,8.2,6.2,6.2,6.2,6.2,8.2,6.2,11.5,13.5,5.300000000000001,6.35,5.300000000000001,5.25,6.3500000000000005,7.300000000000001,4.2,4.2,9.450000000000001,6.2,10.55,12.55,10.55,10.55,10.55,6.2,8.2,8.2,6.2,10.4
ARQ-0G-A93-CEPAUC,6.2,6.2,8.2,9.450000000000001,7.450000000000001,9.450000000000001,6.0,4.0,4.0,4.0,6.0,4.0,0.0,4.0,4.0,4.0,6.0,9.450000000000001,10.4,10.4,10.4,10.4,10.4,10.4,10.4,10.4,10.4,10.4,10.4,10.4,10.4,8.4,8.4,8.4,9.5,9.450000000000001,9.450000000000001,8.4,4.2,4.2,2.0,4.2,4.2,4.2,4.2,4.2,4.2,4.2,4.2,4.2,4.2,6.2,6.2,6.2,6.2,8.350000000000001,8.350000000000001,6.3500000000000005,10.4,9.450000000000001,10.55,6.2,8.55,8.55,8.55,8.55,8.55,8.55,7.45,6.2,10.4,10.4,10.4,9.450000000000001,3.1,3.1,7.300000000000001,7.300000000000001,10.4,10.4,10.4,6.2,6.2,6.2,6.2,12.55,10.55,10.55,6.2,6.2,6.2,6.2,6.2,4.2,8.350000000000001,8.350000000000001,6.3500000000000005,8.350000000000001,8.350000000000001,5.25,10.55,10.55,12.55,10.55,6.2,6.2,6.2,6.2,9.450000000000001,9.450000000000001,9.450000000000001,10.55,10.55,10.55,10.55,10.55,10.55,10.55,10.55,10.4,6.2,6.2,6.2,8.2,6.2,6.2,12.55,10.55,12.55,10.55,10.55,12.55,10.55,10.55,5.25,5.25,6.3500000000000005,4.15,10.55,10.55,10.55,12.55,10.55,10.55,6.2,8.2,10.2,6.2,8.2,6.2,6.2,6.2,6.2,8.2,6.2,11.5,13.5,5.300000000000001,6.35,5.300000000000001,5.25,6.3500000000000005,7.300000000000001,4.2,4.2,9.450000000000001,6.2,10.55,12.55,10.55,10.55,10.55,6.2,8.2,8.2,6.2,10.4
ARQ-1C-A86,6.2,6.2,8.2,9.450000000000001,7.450000000000001,9.450000000000001,6.0,4.0,4.0,4.0,6.0,4.0,4.0,0.0,4.0,4.0,6.0,9.450000000000001,10.4,10.4,10.4,10.4,10.4,10.4,10.4,10.4,10.4,10.4,10.4,10.4,10.4,8.4,8.4,8.4,9.5,9.450000000000001,9.450000000000001,8.4,4.2,4.2,2.0,4.2,4.2,4.2,4.2,4.2,4.2,4.2,4.2,4.2,4.2,6.2,6.2,6.2,6.2,8.350000000000001,8.350000000000001,6.3500000000000005,10.4,9.450000000000001,10.55,6.2,8.55,8.55,8.55,8.55,8.55,8.55,7.45,6.2,10.4,10.4,10.4,9.450000000000001,3.1,3.1,7.300000000000001,7.300000000000001,10.4,10.4,10.4,6.2,6.2,6.2,6.2,12.55,10.55,10.55,6.2,6.2,6.2,6.2,6.2,4.2,8.350000000000001,8.350000000000001,6.3500000000000005,8.350000000000001,8.350000000000001,5.25,10.55,10.55,12.55,10.55,6.2,6.2,6.2,6.2,9.450000000000001,9.450000000000001,9.450000000000001,10.55,10.55,10.55,10.55,10.55,10.55,10.55,10.55,10.4,6.2,6.2,6.2,8.2,6.2,6.2,12.55,10.55,12.55,10.55,10.55,12.55,10.55,10.55,5.25,5.25,6.3500000000000005,4.15,10.55,10.55,10.55,12.55,10.55,10.55,6.2,8.2,10.2,6.2,8.2,6.2,6.2,6.2,6.2,8.2,6.2,11.5,13.5,5.300000000000001,6.35,5.300000000000001,5.25,6.3500000000000005,7.300000000000001,4.2,4.2,9.450000000000001,6.2,10.55,12.55,10.55,10.55,10.55,6.2,8.2,8.2,6.2,10.4
ARQ-1C-A96,6.2,6.2,8.2,9.450000000000001,7.450000000000001,9.450000000000001,6.0,4.0,4.0,4.0,6.0,4.0,4.0,4.0,0.0,4.0,6.0,9.450000000000001,10.4,10.4,10.4,10.4,10.4,10.4,10.4,10.4,10.4,10.4,10.4,10.4,10.4,8.4,8.4,8.4,9.5,9.450000000000001,9.450000000000001,8.4,4.2,4.2,2.0,4.2,4.2,4.2,4.2,4.2,4.2,4.2,4.2,4.2,4.2,6.2,6.2,6.2,6.2,8.350000000000001,8.350000000000001,6.3500000000000005,10.4,9.450000000000001,10.55,6.2,8.55,8.55,8.55,8.55,8.55,8.55,7.45,6.2,10.4,10.4,10.4,9.450000000000001,3.1,3.1,7.300000000000001,7.300000000000001,10.4,10.4,10.4,6.2,6.2,6.2,6.2,12.55,10.55,10.55,6.2,6.2,6.2,6.2,6.2,4.2,8.350000000000001,8.350000000000001,6.3500000000000005,8.350000000000001,8.350000000000001,5.25,10.55,10.55,12.55,10.55,6.2,6.2,6.2,6.2,9.450000000000001,9.450000000000001,9.450000000000001,10.55,10.55,10.55,10.55,10.55,10.55,10.55,10.55,10.4,6.2,6.2,6.2,8.2,6.2,6.2,12.55,10.55,12.55,10.55,10.55,12.55,10.55,10.55,5.25,5.25,6.3500000000000005,4.15,10.55,10.55,10.55,12.55,10.55,10.55,6.2,8.2,10.2,6.2,8.2,6.2,6.2,6.2,6.2,8.2,6.2,11.5,13.5,5.300000000000001,6.35,5.300000000000001,5.25,6.3500000000000005,7.300000000000001,4.2,4.2,9.450000000000001,6.2,10.55,12.55,10.55,10.55,10.55,6.2,8.2,8.2,6.2,10.4
ARQ-1E-A91,6.2,6.2,8.2,9.450000000000001,7.450000000000001,9.450000000000001,6.0,4.0,4.0,4.0,6.0,4.0,4.0,4.0,4.0,0.0,2.0,9.450000000000001,10.4,10.4,10.4,10.4,10.4,10.4,10.4,10.4,10.4,10.4,10.4,10.4,10.4,8.4,8.4,8.4,9.5,9.450000000000001,9.450000000000001,8.4,4.2,4.2,2.0,4.2,4.2,4.2,4.2,4.2,4.2,4.2,4.2,4.2,4.2,6.2,6.2,6.2,6.2,8.350000000000001,8.350000000000001,6.3500000000000005,10.4,9.450000000000001,10.55,6.2,8.55,8.55,8.55,8.55,8.55,8.55,7.45,6.2,10.4,10.4,10.4,9.450000000000001,3.1,3.1,7.300000000000001,7.300000000000001,10.4,10.4,10.4,6.2,6.2,6.2,6.2,12.55,10.55,10.55,6.2,6.2,6.2,6.2,6.2,4.2,8.350000000000001,8.350000000000001,6.3500000000000005,8.350000000000001,8.350000000000001,5.25,10.55,10.55,12.55,10.55,6.2,6.2,6.2,6.2,9.450000000000001,9.450000000000001,9.450000000000001,10.55,10.55,10.55,10.55,10.55,10.55,10.55,10.55,10.4,6.2,6.2,6.2,8.2,6.2,6.2,12.55,10.55,12.55,10.55,10.55,12.55,10.55,10.55,5.25,5.25,6.3500000000000005,4.15,10.55,10.55,10.55,12.55,10.55,10.55,6.2,8.2,10.2,6.2,8.2,6.2,6.2,6.2,6.2,8.2,6.2,11.5,13.5,5.300000000000001,6.35,5.300000000000001,5.25,6.3500000000000005,7.300000000000001,4.2,4.2,9.450000000000001,6.2,10.55,12.55,10.55,10.55,10.55,6.2,8.2,8.2,6.2,10.4
ARQ-1E-A92,8.2,8.2,10.2,11.45,9.45,11.45,8.0,6.0,6.0,6.0,8.0,6.0,6.0,6.0,6.0,2.0,0.0,11.45,12.399999999999999,12.399999999999999,12.399999999999999,12.399999999999999,12.399999999999999,12.399999999999999,12.399999999999999,12.399999999999999,12.399999999999999,12.399999999999999,12.399999999999999,12.399999999999999,12.399999999999999,10.399999999999999,10.399999999999999,10.399999999999999,11.5,11.45,11.45,10.399999999999999,6.199999999999999,6.199999999999999,4.0,6.199999999999999,6.199999999999999,6.199999999999999,6.199999999999999,6.199999999999999,6.199999999999999,6.199999999999999,6.199999999999999,6.199999999999999,6.199999999999999,8.2,8.2,8.2,8.2,10.35,10.35,8.35,12.399999999999999,11.45,12.55,8.2,10.55,10.55,10.55,10.55,10.55,10.55,9.45,8.2,12.399999999999999,12.399999999999999,12.399999999999999,11.45,5.1,5.1,9.299999999999999,9.299999999999999,12.399999999999999,12.399999999999999,12.399999999999999,8.2,8.2,8.2,8.2,14.55,12.55,12.55,8.2,8.2,8.2,8.2,8.2,6.199999999999999,10.35,10.35,8.35,10.35,10.35,7.25,12.55,12.55,14.55,12.55,8.2,8.2,8.2,8.2,11.45,11.45,11.45,12.55,12.55,12.55,12.55,12.55,12.55,12.55,12.55,12.399999999999999,8.2,8.2,8.2,10.2,8.2,8.2,14.55,12.55,14.55,12.55,12.55,14.55,12.55,12.55,7.25,7.25,8.35,6.1499999999999995,12.55,12.55,12.55,14.55,12.55,12.55,8.2,10.2,12.2,8.2,10.2,8.2,8.2,8.2,8.2,10.2,8.2,13.5,15.5,7.299999999999999,8.35,7.299999999999999,7.25,8.35,9.299999999999999,6.199999999999999,6.199999999999999,11.45,8.2,12.55,14.55,12.55,12.55,12.55,8.2,10.2,10.2,8.2,12.399999999999999
ART-0A-A15,9.450000000000001,9.450000000000001,11.45,4.0,2.0,4.0,11.45,9.450000000000001,9.450000000000001,9.450000000000001,11.45,9.450000000000001,9.450000000000001,9.450000000000001,9.450000000000001,9.450000000000001,11.45,0.0,9.450000000000001,9.450000000000001,9.450000000000001,9.450000000000001,9.450000000000001,9.450000000000001,9.450000000000001,9.450000000000001,9.450000000000001,9.450000000000001,9.450000000000001,9.450000000000001,9.450000000000001,7.450000000000001,7.450000000000001,7.450000000000001,8.55,4.0,4.0,7.450000000000001,7.450000000000001,7.450000000000001,7.450000000000001,7.450000000000001,7.450000000000001,7.450000000000001,7.450000000000001,7.450000000000001,7.450000000000001,7.450000000000001,7.450000000000001,7.450000000000001,7.450000000000001,9.450000000000001,9.450000000000001,9.450000000000001,9.450000000000001,7.300000000000001,7.300000000000001,5.300000000000001,9.450000000000001,4.0,9.5,9.450000000000001,7.5,7.5,7.5,7.5,7.5,7.5,6.4,9.450000000000001,9.450000000000001,9.450000000000001,9.450000000000001,4.0,6.4,6.35,7.450000000000001,6.35,9.450000000000001,9.450000000000001,9.450000000000001,9.450000000000001,9.450000000000001,9.450000000000001,9.450000000000001,11.5,9.5,9.5,9.450000000000001,9.450000000000001,9.450000000000001,9.450000000000001,6.4,5.300000000000001,7.300000000000001,7.300000000000001,5.300000000000001,7.300000000000001,7.300000000000001,4.2,9.5,9.5,11.5,9.5,9.450000000000001,9.450000000000001,9.450000000000001,9.450000000000001,4.0,4.0,4.0,9.5,9.5,9.5,9.5,9.5,9.5,9.5,9.5,9.450000000000001,9.450000000000001,9.450000000000001,9.450000000000001,11.450000000000001,9.450000000000001,9.450000000000001,11.5,9.5,11.5,9.5,9.5,11.5,9.5,9.5,5.300000000000001,4.2,5.300000000000001,5.300000000000001,9.5,9.5,9.5,11.5,9.5,9.5,9.450000000000001,11.450000000000001,13.450000000000001,9.450000000000001,11.450000000000001,9.450000000000001,9.450000000000001,9.450000000000001,9.450000000000001,11.450000000000001,9.450000000000001,10.55,12.549999999999999,8.55,5.300000000000001,8.6,6.4,3.1,8.35,7.450000000000001,7.5,4.0,9.450000000000001,9.5,11.5,9.5,9.5,9.5,9.450000000000001,11.450000000000001,11.450000000000001,9.450000000000001,9.450000000000001
AUL1-2A-A110,10.4,10.4,12.399999999999999,9.450000000000001,7.450000000000001,9.450000000000001,12.399999999999999,10.4,10.4,10.4,12.399999999999999,10.4,10.4,10.4,10.4,10.4,12.399999999999999,9.450000000000001,0.0,4.0,4.0,4.0,6.2,6.2,6.2,6.2,6.2,6.2,6.2,6.2,6.2,2.0,4.2,4.2,5.300000000000001,9.450000000000001,9.450000000000001,4.2,8.4,8.4,8.4,8.4,8.4,8.4,8.4,8.4,8.4,8.4,8.4,8.4,8.4,10.4,10.4,10.4,10.4,8.350000000000001,8.350000000000001,6.3500000000000005,6.2,9.450000000000001,10.55,10.4,8.55,8.55,8.55,8.55,8.55,8.55,7.450000000000001,10.4,6.2,6.2,6.2,9.450000000000001,7.300000000000001,7.300000000000001,3.1,3.1,6.2,6.2,6.2,10.4,10.4,10.4,10.4,12.55,10.55,10.55,10.4,10.4,10.4,10.4,4.2,6.2,8.350000000000001,8.350000000000001,6.3500000000000005,8.350000000000001,8.350000000000001,5.25,10.55,10.55,12.55,10.55,10.4,10.4,10.4,10.4,9.450000000000001,9.450000000000001,9.450000000000001,10.55,10.55,10.55,10.55,10.55,10.55,10.55,10.55,6.2,10.4,10.4,10.4,12.4,10.4,10.4,12.55,10.55,12.55,10.55,10.55,12.55,10.55,10.55,5.25,5.25,4.15,6.3500000000000005,10.55,10.55,10.55,12.55,10.55,10.55,10.4,12.4,14.4,10.4,12.4,10.4,10.4,10.4,10.4,12.4,10.4,7.300000000000001,9.3,7.1,6.3500000000000005,7.1,7.450000000000001,6.3500000000000005,5.1,8.2,8.2,9.450000000000001,10.4,10.55,12.55,10.55,10.55,10.55,10.4,12.4,12.4,10.4,6.2
AUL1-2A-A111,10.4,10.4,12.399999999999999,9.450000000000001,7.450000000000001,9.450000000000001,12.399999999999999,10.4,10.4,10.4,12.399999999999999,10.4,10.4,10.4,10.4,10.4,12.399999999999999,9.450000000000001,4.0,0.0,4.0,4.0,6.2,6.2,6.2,6.2,6.2,6.2,6.2,6.2,6.2,2.0,4.2,4.2,5.300000000000001,9.450000000000001,9.450000000000001,4.2,8.4,8.4,8.4,8.4,8.4,8.4,8.4,8.4,8.4,8.4,8.4,8.4,8.4,10.4,10.4,10.4,10.4,8.350000000000001,8.350000000000001,6.3500000000000005,6.2,9.450000000000001,10.55,10.4,8.55,8.55,8.55,8.55,8.55,8.55,7.450000000000001,10.4,6.2,6.2,6.2,9.450000000000001,7.300000000000001,7.300000000000001,3.1,3.1,6.2,6.2,6.2,10.4,10.4,10.4,10.4,12.55,10.55,10.55,10.4,10.4,10.4,10.4,4.2,6.2,8.350000000000001,8.350000000000001,6.3500000000000005,8.350000000000001,8.350000000000001,5.25,10.55,10.55,12.55,10.55,10.4,10.4,10.4,10.4,9.450000000000001,9.450000000000001,9.450000000000001,10.55,10.55,10.55,10.55,10.55,10.55,10.55,10.55,6.2,10.4,10.4,10.4,12.4,10.4,10.4,12.55,10.55,12.55,10.55,10.55,12.55,10.55,10.55,5.25,5.25,4.15,6.3500000000000005,10.55,10.55,10.55,12.55,10.55,10.55,10.4,12.4,14.4,10.4,12.4,10.4,10.4,10.4,10.4,12.4,10.4,7.300000000000001,9.3,7.1,6.3500000000000005,7.1,7.450000000000001,6.3500000000000005,5.1,8.2,8.2,9.450000000000001,10.4,10.55,12.55,10.55,10.55,10.55,10.4,12.4,12.4,10.4,6.2
AUL1-3A-A104,10.4,10.4,12.399999999999999,9.450000000000001,7.450000000000001,9.450000000000001,12.399999999999999,10.4,10.4,10.4,12.399999999999999,10.4,10.4,10.4,10.4,10.4,12.399999999999999,9.450000000000001,4.0,4.0,0.0,4.0,6.2,6.2,6.2,6.2,6.2,6.2,6.2,6.2,6.2,2.0,4.2,4.2,5.300000000000001,9.450000000000001,9.450000000000001,4.2,8.4,8.4,8.4,8.4,8.4,8.4,8.4,8.4,8.4,8.4,8.4,8.4,8.4,10.4,10.4,10.4,10.4,8.350000000000001,8.350000000000001,6.3500000000000005,6.2,9.450000000000001,10.55,10.4,8.55,8.55,8.55,8.55,8.55,8.55,7.450000000000001,10.4,6.2,6.2,6.2,9.450000000000001,7.300000000000001,7.300000000000001,3.1,3.1,6.2,6.2,6.2,10.4,10.4,10.4,10.4,12.55,10.55,10.55,10.4,10.4,10.4,10.4,4.2,6.2,8.350000000000001,8.350000000000001,6.3500000000000005,8.350000000000001,8.350000000000001,5.25,10.55,10.55,12.55,10.55,10.4,10.4,10.4,10.4,9.450000000000001,9.450000000000001,9.450000000000001,10.55,10.55,10.55,10.55,10.55,10.55,10.55,10.55,6.2,10.4,10.4,10.4,12.4,10.4,10.4,12.55,10.55,12.55,10.55,10.55,12.55,10.55,10.55,5.25,5.25,4.15,6.3500000000000005,10.55,10.55,10.55,12.55,10.55,10.55,10.4,12.4,14.4,10.4,12.4,10.4,10.4,10.4,10.4,12.4,10.4,7.300000000000001,9.3,7.1,6.3500000000000005,7.1,7.450000000000001,6.3500000000000005,5.1,8.2,8.2,9.450000000000001,10.4,10.55,12.55,10.55,10.55,10.55,10.4,12.4,12.4,10.4,6.2
AUL1-3A-A112,10.4,10.4,12.399999999999999,9.450000000000001,7.450000000000001,9.450000000000001,12.399999999999999,10.4,10.4,10.4,12.399999999999999,10.4,10.4,10.4,10.4,10.4,12.399999999999999,9.450000000000001,4.0,4.0,4.0,0.0,6.2,6.2,6.2,6.2,6.2,6.2,6.2,6.2,6.2,2.0,4.2,4.2,5.300000000000001,9.450000000000001,9.450000000000001,4.2,8.4,8.4,8.4,8.4,8.4,8.4,8.4,8.4,8.4,8.4,8.4,8.4,8.4,10.4,10.4,10.4,10.4,8.350000000000001,8.350000000000001,6.3500000000000005,6.2,9.450000000000001,10.55,10.4,8.55,8.55,8.55,8.55,8.55,8.55,7.450000000000001,10.4,6.2,6.2,6.2,9.450000000000001,7.300000000000001,7.300000000000001,3.1,3.1,6.2,6.2,6.2,10.4,10.4,10.4,10.4,12.55,10.55,10.55,10.4,10.4,10.4,10.4,4.2,6.2,8.350000000000001,8.350000000000001,6.3500000000000005,8.350000000000001,8.350000000000001,5.25,10.55,10.55,12.55,10.55,10.4,10.4,10.4,10.4,9.450000000000001,9.450000000000001,9.450000000000001,10.55,10.55,10.55,10.55,10.55,10.55,10.55,10.55,6.2,10.4,10.4,10.4,12.4,10.4,10.4,12.55,10.55,12.55,10.55,10.55,12.55,10.55,10.55,5.25,5.25,4.15,6.3500000000000005,10.55,10.55,10.55,12.55,10.55,10.55,10.4,12.4,14.4,10.4,12.4,10.4,10.4,10.4,10.4,12.4,10.4,7.300000000000001,9.3,7.1,6.3500000000000005,7.1,7.450000000000001,6.3500000000000005,5.1,8.2,8.2,9.450000000000001,10.4,10.55,12.55,10.55,10.55,10.55,10.4,12.4,12.4,10.4,6.2
AUL2-01A-A124-SUBLAB2,10.4,10.4,12.399999999999999,9.450000000000001,7.450000000000001,9.450000000000001,12.399999999999999,10.4,10.4,10.4,12.399999999999999,10.4,10.4,10.4,10.4,10.4,12.399999999999999,9.450000000000001,6.2,6.2,6.2,6.2,0.0,4.0,4.0,4.0,4.0,4.0,4.0,4.0,4.0,4.2,2.0,4.2,5.300000000000001,9.450000000000001,9.450000000000001,4.2,8.4,8.4,8.4,8.4,8.4,8.4,8.4,8.4,8.4,8.4,8.4,8.4,8.4,10.4,10.4,10.4,10.4,8.350000000000001,8.350000000000001,6.3500000000000005,6.2,9.450000000000001,10.55,10.4,8.55,8.55,8.55,8.55,8.55,8.55,7.450000000000001,10.4,6.2,6.2,6.2,9.450000000000001,7.300000000000001,7.300000000000001,3.1,3.1,6.2,6.2,6.2,10.4,10.4,10.4,10.4,12.55,10.55,10.55,10.4,10.4,10.4,10.4,4.2,6.2,8.350000000000001,8.350000000000001,6.3500000000000005,8.350000000000001,8.350000000000001,5.25,10.55,10.55,12.55,10.55,10.4,10.4,10.4,10.4,9.450000000000001,9.450000000000001,9.450000000000001,10.55,10.55,10.55,10.55,10.55,10.55,10.55,10.55,4.0,10.4,10.4,10.4,12.4,10.4,10.4,12.55,10.55,12.55,10.55,10.55,12.55,10.55,10.55,5.25,5.25,4.15,6.3500000000000005,10.55,10.55,10.55,12.55,10.55,10.55,10.4,12.4,14.4,10.4,12.4,10.4,10.4,10.4,10.4,12.4,10.4,7.300000000000001,9.3,7.1,6.3500000000000005,7.1,7.450000000000001,6.3500000000000005,5.1,8.2,8.2,9.450000000000001,10.4,10.55,12.55,10.55,10.55,10.55,10.4,12.4,12.4,10.4,6.2
AUL2-01A-A24-SUB,10.4,10.4,12.399999999999999,9.450000000000001,7.450000000000001,9.450000000000001,12.399999999999999,10.4,10.4,10.4,12.399999999999999,10.4,10.4,10.4,10.4,10.4,12.399999999999999,9.450000000000001,6.2,6.2,6.2,6.2,4.0,0.0,4.0,4.0,4.0,4.0,4.0,4.0,4.0,4.2,2.0,4.2,5.300000000000001,9.450000000000001,9.450000000000001,4.2,8.4,8.4,8.4,8.4,8.4,8.4,8.4,8.4,8.4,8.4,8.4,8.4,8.4,10.4,10.4,10.4,10.4,8.350000000000001,8.350000000000001,6.3500000000000005,6.2,9.450000000000001,10.55,10.4,8.55,8.55,8.55,8.55,8.55,8.55,7.450000000000001,10.4,6.2,6.2,6.2,9.450000000000001,7.300000000000001,7.300000000000001,3.1,3.1,6.2,6.2,6.2,10.4,10.4,10.4,10.4,12.55,10.55,10.55,10.4,10.4,10.4,10.4,4.2,6.2,8.350000000000001,8.350000000000001,6.3500000000000005,8.350000000000001,8.350000000000001,5.25,10.55,10.55,12.55,10.55,10.4,10.4,10.4,10.4,9.450000000000001,9.450000000000001,9.450000000000001,10.55,10.55,10.55,10.55,10.55,10.55,10.55,10.55,4.0,10.4,10.4,10.4,12.4,10.4,10.4,12.55,10.55,12.55,10.55,10.55,12.55,10.55,10.55,5.25,5.25,4.15,6.3500000000000005,10.55,10.55,10.55,12.55,10.55,10.55,10.4,12.4,14.4,10.4,12.4,10.4,10.4,10.4,10.4,12.4,10.4,7.300000000000001,9.3,7.1,6.3500000000000005,7.1,7.450000000000001,6.3500000000000005,5.1,8.2,8.2,9.450000000000001,10.4,10.55,12.55,10.55,10.55,10.55,10.4,12.4,12.4,10.4,6.2
AUL2-0A-A106,10.4,10.4,12.399999999999999,9.450000000000001,7.450000000000001,9.450000000000001,12.399999999999999,10.4,10.4,10.4,12.399999999999999,10.4,10.4,10.4,10.4,10.4,12.399999999999999,9.450000000000001,6.2,6.2,6.2,6.2,4.0,4.0,0.0,4.0,4.0,4.0,4.0,4.0,4.0,4.2,2.0,4.2,5.300000000000001,9.450000000000001,9.450000000000001,4.2,8.4,8.4,8.4,8.4,8.4,8.4,8.4,8.4,8.4,8.4,8.4,8.4,8.4,10.4,10.4,10.4,10.4,8.350000000000001,8.350000000000001,6.3500000000000005,6.2,9.450000000000001,10.55,10.4,8.55,8.55,8.55,8.55,8.55,8.55,7.450000000000001,10.4,6.2,6.2,6.2,9.450000000000001,7.300000000000001,7.300000000000001,3.1,3.1,6.2,6.2,6.2,10.4,10.4,10.4,10.4,12.55,10.55,10.55,10.4,10.4,10.4,10.4,4.2,6.2,8.350000000000001,8.350000000000001,6.3500000000000005,8.350000000000001,8.350000000000001,5.25,10.55,10.55,12.55,10.55,10.4,10.4,10.4,10.4,9.450000000000001,9.450000000000001,9.450000000000001,10.55,10.55,10.55,10.55,10.55,10.55,10.55,10.55,4.0,10.4,10.4,10.4,12.4,10.4,10.4,12.55,10.55,12.55,10.55,10.55,12.55,10.55,10.55,5.25,5.25,4.15,6.3500000000000005,10.55,10.55,10.55,12.55,10.55,10.55,10.4,12.4,14.4,10.4,12.4,10.4,10.4,10.4,10.4,12.4,10.4,7.300000000000001,9.3,7.1,6.3500000000000005,7.1,7.450000000000001,6.3500000000000005,5.1,8.2,8.2,9.450000000000001,10.4,10.55,12.55,10.55,10.55,10.55,10.4,12.4,12.4,10.4,6.2
AUL2-0A-A118,10.4,10.4,12.399999999999999,9.450000000000001,7.450000000000001,9.450000000000001,12.399999999999999,10.4,10.4,10.4,12.399999999999999,10.4,10.4,10.4,10.4,10.4,12.399999999999999,9.450000000000001,6.2,6.2,6.2,6.2,4.0,4.0,4.0,0.0,4.0,4.0,4.0,4.0,4.0,4.2,2.0,4.2,5.300000000000001,9.450000000000001,9.450000000000001,4.2,8.4,8.4,8.4,8.4,8.4,8.4,8.4,8.4,8.4,8.4,8.4,8.4,8.4,10.4,10.4,10.4,10.4,8.350000000000001,8.350000000000001,6.3500000000000005,6.2,9.450000000000001,10.55,10.4,8.55,8.55,8.55,8.55,8.55,8.55,7.450000000000001,10.4,6.2,6.2,6.2,9.450000000000001,7.300000000000001,7.300000000000001,3.1,3.1,6.2,6.2,6.2,10.4,10.4,10.4,10.4,12.55,10.55,10.55,10.4,10.4,10.4,10.4,4.2,6.2,8.350000000000001,8.350000000000001,6.3500000000000005,8.350000000000001,8.350000000000001,5.25,10.55,10.55,12.55,10.55,10.4,10.4,10.4,10.4,9.450000000000001,9.450000000000001,9.450000000000001,10.55,10.55,10.55,10.55,10.55,10.55,10.55,10.55,4.0,10.4,10.4,10.4,12.4,10.4,10.4,12.55,10.55,12.55,10.55,10.55,12.55,10.55,10.55,5.25,5.25,4.15,6.3500000000000005,10.55,10.55,10.55,12.55,10.55,10.55,10.4,12.4,14.4,10.4,12.4,10.4,10.4,10.4,10.4,12.4,10.4,7.300000000000001,9.3,7.1,6.3500000000000005,7.1,7.450000000000001,6.3500000000000005,5.1,8.2,8.2,9.450000000000001,10.4,10.55,12.55,10.55,10.55,10.55,10.4,12.4,12.4,10.4,6.2
AUL2-0A-A119,10.4,10.4,12.399999999999999,9.450000000000001,7.450000000000001,9.450000000000001,12.399999999999999,10.4,10.4,10.4,12.399999999999999,10.4,10.4,10.4,10.4,10.4,12.399999999999999,9.450000000000001,6.2,6.2,6.2,6.2,4.0,4.0,4.0,4.0,0.0,4.0,4.0,4.0,4.0,4.2,2.0,4.2,5.300000000000001,9.450000000000001,9.450000000000001,4.2,8.4,8.4,8.4,8.4,8.4,8.4,8.4,8.4,8.4,8.4,8.4,8.4,8.4,10.4,10.4,10.4,10.4,8.350000000000001,8.350000000000001,6.3500000000000005,6.2,9.450000000000001,10.55,10.4,8.55,8.55,8.55,8.55,8.55,8.55,7.450000000000001,10.4,6.2,6.2,6.2,9.450000000000001,7.300000000000001,7.300000000000001,3.1,3.1,6.2,6.2,6.2,10.4,10.4,10.4,10.4,12.55,10.55,10.55,10.4,10.4,10.4,10.4,4.2,6.2,8.350000000000001,8.350000000000001,6.3500000000000005,8.350000000000001,8.350000000000001,5.25,10.55,10.55,12.55,10.55,10.4,10.4,10.4,10.4,9.450000000000001,9.450000000000001,9.450000000000001,10.55,10.55,10.55,10.55,10.55,10.55,10.55,10.55,4.0,10.4,10.4,10.4,12.4,10.4,10.4,12.55,10.55,12.55,10.55,10.55,12.55,10.55,10.55,5.25,5.25,4.15,6.3500000000000005,10.55,10.55,10.55,12.55,10.55,10.55,10.4,12.4,14.4,10.4,12.4,10.4,10.4,10.4,10.4,12.4,10.4,7.300000000000001,9.3,7.1,6.3500000000000005,7.1,7.450000000000001,6.3500000000000005,5.1,8.2,8.2,9.450000000000001,10.4,10.55,12.55,10.55,10.55,10.55,10.4,12.4,12.4,10.4,6.2
AUL2-0A-A120,10.4,10.4,12.399999999999999,9.450000000000001,7.450000000000001,9.450000000000001,12.399999999999999,10.4,10.4,10.4,12.399999999999999,10.4,10.4,10.4,10.4,10.4,12.399999999999999,9.450000000000001,6.2,6.2,6.2,6.2,4.0,4.0,4.0,4.0,4.0,0.0,4.0,4.0,4.0,4.2,2.0,4.2,5.300000000000001,9.450000000000001,9.450000000000001,4.2,8.4,8.4,8.4,8.4,8.4,8.4,8.4,8.4,8.4,8.4,8.4,8.4,8.4,10.4,10.4,10.4,10.4,8.350000000000001,8.350000000000001,6.3500000000000005,6.2,9.450000000000001,10.55,10.4,8.55,8.55,8.55,8.55,8.55,8.55,7.450000000000001,10.4,6.2,6.2,6.2,9.450000000000001,7.300000000000001,7.300000000000001,3.1,3.1,6.2,6.2,6.2,10.4,10.4,10.4,10.4,12.55,10.55,10.55,10.4,10.4,10.4,10.4,4.2,6.2,8.350000000000001,8.350000000000001,6.3500000000000005,8.350000000000001,8.350000000000001,5.25,10.55,10.55,12.55,10.55,10.4,10.4,10.4,10.4,9.450000000000001,9.450000000000001,9.450000000000001,10.55,10.55,10.55,10.55,10.55,10.55,10.55,10.55,4.0,10.4,10.4,10.4,12.4,10.4,10.4,12.55,10.55,12.55,10.55,10.55,12.55,10.55,10.55,5.25,5.25,4.15,6.3500000000000005,10.55,10.55,10.55,12.55,10.55,10.55,10.4,12.4,14.4,10.4,12.4,10.4,10.4,10.4,10.4,12.4,10.4,7.300000000000001,9.3,7.1,6.3500000000000005,7.1,7.450000000000001,6.3500000000000005,5.1,8.2,8.2,9.450000000000001,10.4,10.55,12.55,10.55,10.55,10.55,10.4,12.4,12.4,10.4,6.2
AUL2-0A-A121,10.4,10.4,12.399999999999999,9.450000000000001,7.450000000000001,9.450000000000001,12.399999999999999,10.4,10.4,10.4,12.399999999999999,10.4,10.4,10.4,10.4,10.4,12.399999999999999,9.450000000000001,6.2,6.2,6.2,6.2,4.0,4.0,4.0,4.0,4.0,4.0,0.0,4.0,4.0,4.2,2.0,4.2,5.300000000000001,9.450000000000001,9.450000000000001,4.2,8.4,8.4,8.4,8.4,8.4,8.4,8.4,8.4,8.4,8.4,8.4,8.4,8.4,10.4,10.4,10.4,10.4,8.350000000000001,8.350000000000001,6.3500000000000005,6.2,9.450000000000001,10.55,10.4,8.55,8.55,8.55,8.55,8.55,8.55,7.450000000000001,10.4,6.2,6.2,6.2,9.450000000000001,7.300000000000001,7.300000000000001,3.1,3.1,6.2,6.2,6.2,10.4,10.4,10.4,10.4,12.55,10.55,10.55,10.4,10.4,10.4,10.4,4.2,6.2,8.350000000000001,8.350000000000001,6.3500000000000005,8.350000000000001,8.350000000000001,5.25,10.55,10.55,12.55,10.55,10.4,10.4,10.4,10.4,9.450000000000001,9.450000000000001,9.450000000000001,10.55,10.55,10.55,10.55,10.55,10.55,10.55,10.55,4.0,10.4,10.4,10.4,12.4,10.4,10.4,12.55,10.55,12.55,10.55,10.55,12.55,10.55,10.55,5.25,5.25,4.15,6.3500000000000005,10.55,10.55,10.55,12.55,10.55,10.55,10.4,12.4,14.4,10.4,12.4,10.4,10.4,10.4,10.4,12.4,10.4,7.300000000000001,9.3,7.1,6.3500000000000005,7.1,7.450000000000001,6.3500000000000005,5.1,8.2,8.2,9.450000000000001,10.4,10.55,12.55,10.55,10.55,10.55,10.4,12.4,12.4,10.4,6.2
AUL2-0A-A122,10.4,10.4,12.399999999999999,9.450000000000001,7.450000000000001,9.450000000000001,12.399999999999999,10.4,10.4,10.4,12.399999999999999,10.4,10.4,10.4,10.4,10.4,12.399999999999999,9.450000000000001,6.2,6.2,6.2,6.2,4.0,4.0,4.0,4.0,4.0,4.0,4.0,0.0,4.0,4.2,2.0,4.2,5.300000000000001,9.450000000000001,9.450000000000001,4.2,8.4,8.4,8.4,8.4,8.4,8.4,8.4,8.4,8.4,8.4,8.4,8.4,8.4,10.4,10.4,10.4,10.4,8.350000000000001,8.350000000000001,6.3500000000000005,6.2,9.450000000000001,10.55,10.4,8.55,8.55,8.55,8.55,8.55,8.55,7.450000000000001,10.4,6.2,6.2,6.2,9.450000000000001,7.300000000000001,7.300000000000001,3.1,3.1,6.2,6.2,6.2,10.4,10.4,10.4,10.4,12.55,10.55,10.55,10.4,10.4,10.4,10.4,4.2,6.2,8.350000000000001,8.350000000000001,6.3500000000000005,8.350000000000001,8.350000000000001,5.25,10.55,10.55,12.55,10.55,10.4,10.4,10.4,10.4,9.450000000000001,9.450000000000001,9.450000000000001,10.55,10.55,10.55,10.55,10.55,10.55,10.55,10.55,4.0,10.4,10.4,10.4,12.4,10.4,10.4,12.55,10.55,12.55,10.55,10.55,12.55,10.55,10.55,5.25,5.25,4.15,6.3500000000000005,10.55,10.55,10.55,12.55,10.55,10.55,10.4,12.4,14.4,10.4,12.4,10.4,10.4,10.4,10.4,12.4,10.4,7.300000000000001,9.3,7.1,6.3500000000000005,7.1,7.450000000000001,6.3500000000000005,5.1,8.2,8.2,9.450000000000001,10.4,10.55,12.55,10.55,10.55,10.55,10.4,12.4,12.4,10.4,6.2
AUL2-0A-A123,10.4,10.4,12.399999999999999,9.450000000000001,7.450000000000001,9.450000000000001,12.399999999999999,10.4,10.4,10.4,12.399999999999999,10.4,10.4,10.4,10.4,10.4,12.399999999999999,9.450000000000001,6.2,6.2,6.2,6.2,4.0,4.0,4.0,4.0,4.0,4.0,4.0,4.0,0.0,4.2,2.0,4.2,5.300000000000001,9.450000000000001,9.450000000000001,4.2,8.4,8.4,8.4,8.4,8.4,8.4,8.4,8.4,8.4,8.4,8.4,8.4,8.4,10.4,10.4,10.4,10.4,8.350000000000001,8.350000000000001,6.3500000000000005,6.2,9.450000000000001,10.55,10.4,8.55,8.55,8.55,8.55,8.55,8.55,7.450000000000001,10.4,6.2,6.2,6.2,9.450000000000001,7.300000000000001,7.300000000000001,3.1,3.1,6.2,6.2,6.2,10.4,10.4,10.4,10.4,12.55,10.55,10.55,10.4,10.4,10.4,10.4,4.2,6.2,8.350000000000001,8.350000000000001,6.3500000000000005,8.350000000000001,8.350000000000001,5.25,10.55,10.55,12.55,10.55,10.4,10.4,10.4,10.4,9.450000000000001,9.450000000000001,9.450000000000001,10.55,10.55,10.55,10.55,10.55,10.55,10.55,10.55,4.0,10.4,10.4,10.4,12.4,10.4,10.4,12.55,10.55,12.55,10.55,10.55,12.55,10.55,10.55,5.25,5.25,4.15,6.3500000000000005,10.55,10.55,10.55,12.55,10.55,10.55,10.4,12.4,14.4,10.4,12.4,10.4,10.4,10.4,10.4,12.4,10.4,7.300000000000001,9.3,7.1,6.3500000000000005,7.1,7.450000000000001,6.3500000000000005,5.1,8.2,8.2,9.450000000000001,10.4,10.55,12.55,10.55,10.55,10.55,10.4,12.4,12.4,10.4,6.2
BAL-AUL1-D4,8.4,8.4,10.399999999999999,7.450000000000001,5.450000000000001,7.450000000000001,10.399999999999999,8.4,8.4,8.4,10.399999999999999,8.4,8.4,8.4,8.4,8.4,10.399999999999999,7.450000000000001,2.0,2.0,2.0,2.0,4.2,4.2,4.2,4.2,4.2,4.2,4.2,4.2,4.2,0.0,2.2,2.2,3.3000000000000003,7.450000000000001,7.450000000000001,2.2,6.4,6.4,6.4,6.4,6.4,6.4,6.4,6.4,6.4,6.4,6.4,6.4,6.4,8.4,8.4,8.4,8.4,6.3500000000000005,6.3500000000000005,4.3500000000000005,4.2,7.450000000000001,8.55,8.4,6.550000000000001,6.550000000000001,6.550000000000001,6.550000000000001,6.550000000000001,6.550000000000001,5.450000000000001,8.4,4.2,4.2,4.2,7.450000000000001,5.300000000000001,5.300000000000001,1.1,1.1,4.2,4.2,4.2,8.4,8.4,8.4,8.4,10.55,8.55,8.55,8.4,8.4,8.4,8.4,2.2,4.2,6.3500000000000005,6.3500000000000005,4.3500000000000005,6.3500000000000005,6.3500000000000005,3.2500000000000004,8.55,8.55,10.55,8.55,8.4,8.4,8.4,8.4,7.450000000000001,7.450000000000001,7.450000000000001,8.55,8.55,8.55,8.55,8.55,8.55,8.55,8.55,4.2,8.4,8.4,8.4,10.4,8.4,8.4,10.55,8.55,10.55,8.55,8.55,10.55,8.55,8.55,3.2500000000000004,3.2500000000000004,2.1500000000000004,4.3500000000000005,8.55,8.55,8.55,10.55,8.55,8.55,8.4,10.4,12.4,8.4,10.4,8.4,8.4,8.4,8.4,10.4,8.4,5.300000000000001,7.300000000000001,5.1,4.3500000000000005,5.1,5.450000000000001,4.3500000000000005,3.1,6.2,6.2,7.450000000000001,8.4,8.55,10.55,8.55,8.55,8.55,8.4,10.4,10.4,8.4,4.2
BAL-AUL2-D1,8.4,8.4,10.399999999999999,7.450000000000001,5.450000000000001,7.450000000000001,10.399999999999999,8.4,8.4,8.4,10.399999999999999,8.4,8.4,8.4,8.4,8.4,10.399999999999999,7.450000000000001,4.2,4.2,4.2,4.2,2.0,2.0,2.0,2.0,2.0,2.0,2.0,2.0,2.0,2.2,0.0,2.2,3.3000000000000003,7.450000000000001,7.450000000000001,2.2,6.4,6.4,6.4,6.4,6.4,6.4,6.4,6.4,6.4,6.4,6.4,6.4,6.4,8.4,8.4,8.4,8.4,6.3500000000000005,6.3500000000000005,4.3500000000000005,4.2,7.450000000000001,8.55,8.4,6.550000000000001,6.550000000000001,6.550000000000001,6.550000000000001,6.550000000000001,6.550000000000001,5.450000000000001,8.4,4.2,4.2,4.2,7.450000000000001,5.300000000000001,5.300000000000001,1.1,1.1,4.2,4.2,4.2,8.4,8.4,8.4,8.4,10.55,8.55,8.55,8.4,8.4,8.4,8.4,2.2,4.2,6.3500000000000005,6.3500000000000005,4.3500000000000005,6.3500000000000005,6.3500000000000005,3.2500000000000004,8.55,8.55,10.55,8.55,8.4,8.4,8.4,8.4,7.450000000000001,7.450000000000001,7.450000000000001,8.55,8.55,8.55,8.55,8.55,8.55,8.55,8.55,2.0,8.4,8.4,8.4,10.4,8.4,8.4,10.55,8.55,10.55,8.55,8.55,10.55,8.55,8.55,3.2500000000000004,3.2500000000000004,2.1500000000000004,4.3500000000000005,8.55,8.55,8.55,10.55,8.55,8.55,8.4,10.4,12.4,8.4,10.4,8.4,8.4,8.4,8.4,10.4,8.4,5.300000000000001,7.300000000000001,5.1,4.3500000000000005,5.1,5.450000000000001,4.3500000000000005,3.1,6.2,6.2,7.450000000000001,8.4,8.55,10.55,8.55,8.55,8.55,8.4,10.4,10.4,8.4,4.2
BAL-CENTEC-D2,8.4,8.4,10.399999999999999,7.450000000000001,5.450000000000001,7.450000000000001,10.399999999999999,8.4,8.4,8.4,10.399999999999999,8.4,8.4,8.4,8.4,8.4,10.399999999999999,7.450000000000001,4.2,4.2,4.2,4.2,4.2,4.2,4.2,4.2,4.2,4.2,4.2,4.2,4.2,2.2,2.2,0.0,3.3000000000000003,7.450000000000001,7.450000000000001,2.2,6.4,6.4,6.4,6.4,6.4,6.4,6.4,6.4,6.4,6.4,6.4,6.4,6.4,8.4,8.4,8.4,8.4,6.3500000000000005,6.3500000000000005,4.3500000000000005,2.0,7.450000000000001,8.55,8.4,6.550000000000001,6.550000000000001,6.550000000000001,6.550000000000001,6.550000000000001,6.550000000000001,5.450000000000001,8.4,2.0,2.0,2.0,7.450000000000001,5.300000000000001,5.300000000000001,1.1,1.1,4.2,4.2,4.2,8.4,8.4,8.4,8.4,10.55,8.55,8.55,8.4,8.4,8.4,8.4,2.2,4.2,6.3500000000000005,6.3500000000000005,4.3500000000000005,6.3500000000000005,6.3500000000000005,3.2500000000000004,8.55,8.55,10.55,8.55,8.4,8.4,8.4,8.4,7.450000000000001,7.450000000000001,7.450000000000001,8.55,8.55,8.55,8.55,8.55,8.55,8.55,8.55,4.2,8.4,8.4,8.4,10.4,8.4,8.4,10.55,8.55,10.55,8.55,8.55,10.55,8.55,8.55,3.2500000000000004,3.2500000000000004,2.1500000000000004,4.3500000000000005,8.55,8.55,8.55,10.55,8.55,8.55,8.4,10.4,12.4,8.4,10.4,8.4,8.4,8.4,8.4,10.4,8.4,5.300000000000001,7.300000000000001,5.1,4.3500000000000005,5.1,5.450000000000001,4.3500000000000005,3.1,6.2,6.2,7.450000000000001,8.4,8.55,10.55,8.55,8.55,8.55,8.4,10.4,10.4,8.4,2.0
BAL-EADM-D3,9.5,9.5,11.5,8.55,6.550000000000001,8.55,11.5,9.5,9.5,9.5,11.5,9.5,9.5,9.5,9.5,9.5,11.5,8.55,5.300000000000001,5.300000000000001,5.300000000000001,5.300000000000001,5.300000000000001,5.300000000000001,5.300000000000001,5.300000000000001,5.300000000000001,5.300000000000001,5.300000000000001,5.300000000000001,5.300000000000001,3.3000000000000003,3.3000000000000003,3.3000000000000003,0.0,8.55,8.55,1.1,7.500000000000001,7.500000000000001,7.500000000000001,7.500000000000001,7.500000000000001,7.500000000000001,7.500000000000001,7.500000000000001,7.500000000000001,7.500000000000001,7.500000000000001,7.500000000000001,7.500000000000001,9.5,9.5,9.5,9.5,7.45,7.45,5.45,5.300000000000001,8.55,9.65,9.5,7.65,7.65,7.65,7.65,7.65,7.65,6.550000000000001,9.5,5.300000000000001,5.300000000000001,5.300000000000001,8.55,6.4,6.4,2.2,2.2,3.1,3.1,3.1,9.5,9.5,9.5,9.5,11.65,9.65,9.65,9.5,9.5,9.5,9.5,3.3000000000000003,5.300000000000001,7.45,7.45,5.45,7.45,7.45,4.35,9.65,9.65,11.65,9.65,9.5,9.5,9.5,9.5,8.55,8.55,8.55,9.65,9.65,9.65,9.65,9.65,9.65,9.65,9.65,5.300000000000001,9.5,9.5,9.5,11.5,9.5,9.5,11.65,9.65,11.65,9.65,9.65,11.65,9.65,9.65,4.35,4.35,3.25,5.45,9.65,9.65,9.65,11.65,9.65,9.65,9.5,11.5,13.5,9.5,11.5,9.5,9.5,9.5,9.5,11.5,9.5,2.0,4.0,6.2,5.45,6.2,6.550000000000001,5.45,4.2,7.300000000000001,7.300000000000001,8.55,9.5,9.65,11.65,9.65,9.65,9.65,9.5,11.5,11.5,9.5,5.300000000000001
BIB-2A-A16,9.450000000000001,9.450000000000001,11.45,4.0,2.0,4.0,11.45,9.450000000000001,9.450000000000001,9.450000000000001,11.45,9.450000000000001,9.450000000000001,9.450000000000001,9.450000000000001,9.450000000000001,11.45,4.0,9.450000000000001,9.450000000000001,9.450000000000001,9.450000000000001,9.450000000000001,9.450000000000001,9.450000000000001,9.450000000000001,9.450000000000001,9.450000000000001,9.450000000000001,9.450000000000001,9.450000000000001,7.450000000000001,7.450000000000001,7.450000000000001,8.55,0.0,4.0,7.450000000000001,7.450000000000001,7.450000000000001,7.450000000000001,7.450000000000001,7.450000000000001,7.450000000000001,7.450000000000001,7.450000000000001,7.450000000000001,7.450000000000001,7.450000000000001,7.450000000000001,7.450000000000001,9.450000000000001,9.450000000000001,9.450000000000001,9.450000000000001,7.300000000000001,7.300000000000001,5.300000000000001,9.450000000000001,4.0,9.5,9.450000000000001,7.5,7.5,7.5,7.5,7.5,7.5,6.4,9.450000000000001,9.450000000000001,9.450000000000001,9.450000000000001,4.0,6.4,6.35,7.450000000000001,6.35,9.450000000000001,9.450000000000001,9.450000000000001,9.450000000000001,9.450000000000001,9.450000000000001,9.450000000000001,11.5,9.5,9.5,9.450000000000001,9.450000000000001,9.450000000000001,9.450000000000001,6.4,5.300000000000001,7.300000000000001,7.300000000000001,5.300000000000001,7.300000000000001,7.300000000000001,4.2,9.5,9.5,11.5,9.5,9.450000000000001,9.450000000000001,9.450000000000001,9.450000000000001,4.0,4.0,4.0,9.5,9.5,9.5,9.5,9.5,9.5,9.5,9.5,9.450000000000001,9.450000000000001,9.450000000000001,9.450000000000001,11.450000000000001,9.450000000000001,9.450000000000001,11.5,9.5,11.5,9.5,9.5,11.5,9.5,9.5,5.300000000000001,4.2,5.300000000000001,5.300000000000001,9.5,9.5,9.5,11.5,9.5,9.5,9.450000000000001,11.450000000000001,13.450000000000001,9.450000000000001,11.450000000000001,9.450000000000001,9.450000000000001,9.450000000000001,9.450000000000001,11.450000000000001,9.450000000000001,10.55,12.549999999999999,8.55,5.300000000000001,8.6,6.4,3.1,8.35,7.450000000000001,7.5,4.0,9.450000000000001,9.5,11.5,9.5,9.5,9.5,9.450000000000001,11.450000000000001,11.450000000000001,9.450000000000001,9.450000000000001
BLOQUED-0A-A21,9.450000000000001,9.450000000000001,11.45,4.0,2.0,4.0,11.45,9.450000000000001,9.450000000000001,9.450000000000001,11.45,9.450000000000001,9.450000000000001,9.450000000000001,9.450000000000001,9.450000000000001,11.45,4.0,9.450000000000001,9.450000000000001,9.450000000000001,9.450000000000001,9.450000000000001,9.450000000000001,9.450000000000001,9.450000000000001,9.450000000000001,9.450000000000001,9.450000000000001,9.450000000000001,9.450000000000001,7.450000000000001,7.450000000000001,7.450000000000001,8.55,4.0,0.0,7.450000000000001,7.450000000000001,7.450000000000001,7.450000000000001,7.450000000000001,7.450000000000001,7.450000000000001,7.450000000000001,7.450000000000001,7.450000000000001,7.450000000000001,7.450000000000001,7.450000000000001,7.450000000000001,9.450000000000001,9.450000000000001,9.450000000000001,9.450000000000001,7.300000000000001,7.300000000000001,5.300000000000001,9.450000000000001,4.0,9.5,9.450000000000001,7.5,7.5,7.5,7.5,7.5,7.5,6.4,9.450000000000001,9.450000000000001,9.450000000000001,9.450000000000001,4.0,6.4,6.35,7.450000000000001,6.35,9.450000000000001,9.450000000000001,9.450000000000001,9.450000000000001,9.450000000000001,9.450000000000001,9.450000000000001,11.5,9.5,9.5,9.450000000000001,9.450000000000001,9.450000000000001,9.450000000000001,6.4,5.300000000000001,7.300000000000001,7.300000000000001,5.300000000000001,7.300000000000001,7.300000000000001,4.2,9.5,9.5,11.5,9.5,9.450000000000001,9.450000000000001,9.450000000000001,9.450000000000001,4.0,4.0,4.0,9.5,9.5,9.5,9.5,9.5,9.5,9.5,9.5,9.450000000000001,9.450000000000001,9.450000000000001,9.450000000000001,11.450000000000001,9.450000000000001,9.450000000000001,11.5,9.5,11.5,9.5,9.5,11.5,9.5,9.5,5.300000000000001,4.2,5.300000000000001,5.300000000000001,9.5,9.5,9.5,11.5,9.5,9.5,9.450000000000001,11.450000000000001,13.450000000000001,9.450000000000001,11.450000000000001,9.450000000000001,9.450000000000001,9.450000000000001,9.450000000000001,11.450000000000001,9.450000000000001,10.55,12.549999999999999,8.55,5.300000000000001,8.6,6.4,3.1,8.35,7.450000000000001,7.5,4.0,9.450000000000001,9.5,11.5,9.5,9.5,9.5,9.450000000000001,11.450000000000001,11.450000000000001,9.450000000000001,9.450000000000001
CB-EADMI-D6,8.4,8.4,10.399999999999999,7.450000000000001,5.450000000000001,7.450000000000001,10.399999999999999,8.4,8.4,8.4,10.399999999999999,8.4,8.4,8.4,8.4,8.4,10.399999999999999,7.450000000000001,4.2,4.2,4.2,4.2,4.2,4.2,4.2,4.2,4.2,4.2,4.2,4.2,4.2,2.2,2.2,2.2,1.1,7.450000000000001,7.450000000000001,0.0,6.4,6.4,6.4,6.4,6.4,6.4,6.4,6.4,6.4,6.4,6.4,6.4,6.4,8.4,8.4,8.4,8.4,6.3500000000000005,6.3500000000000005,4.3500000000000005,4.2,7.450000000000001,8.55,8.4,6.550000000000001,6.550000000000001,6.550000000000001,6.550000000000001,6.550000000000001,6.550000000000001,5.450000000000001,8.4,4.2,4.2,4.2,7.450000000000001,5.300000000000001,5.300000000000001,1.1,1.1,2.0,2.0,2.0,8.4,8.4,8.4,8.4,10.55,8.55,8.55,8.4,8.4,8.4,8.4,2.2,4.2,6.3500000000000005,6.3500000000000005,4.3500000000000005,6.3500000000000005,6.3500000000000005,3.2500000000000004,8.55,8.55,10.55,8.55,8.4,8.4,8.4,8.4,7.450000000000001,7.450000000000001,7.450000000000001,8.55,8.55,8.55,8.55,8.55,8.55,8.55,8.55,4.2,8.4,8.4,8.4,10.4,8.4,8.4,10.55,8.55,10.55,8.55,8.55,10.55,8.55,8.55,3.2500000000000004,3.2500000000000004,2.1500000000000004,4.3500000000000005,8.55,8.55,8.55,10.55,8.55,8.55,8.4,10.4,12.4,8.4,10.4,8.4,8.4,8.4,8.4,10.4,8.4,3.1,5.1,5.1,4.3500000000000005,5.1,5.450000000000001,4.3500000000000005,3.1,6.2,6.2,7.450000000000001,8.4,8.55,10.55,8.55,8.55,8.55,8.4,10.4,10.4,8.4,4.2
CC-ADM-D40,4.2,4.2,6.199999999999999,7.450000000000001,5.450000000000001,7.450000000000001,6.199999999999999,4.2,4.2,4.2,6.199999999999999,4.2,4.2,4.2,4.2,4.2,6.199999999999999,7.450000000000001,8.4,8.4,8.4,8.4,8.4,8.4,8.4,8.4,8.4,8.4,8.4,8.4,8.4,6.4,6.4,6.4,7.500000000000001,7.450000000000001,7.450000000000001,6.4,0.0,2.2,2.2,2.2,2.2,2.2,2.2,2.2,2.2,2.2,2.2,2.2,2.2,2.0,2.0,2.0,4.2,6.3500000000000005,6.3500000000000005,4.3500000000000005,8.4,7.450000000000001,8.55,2.0,6.550000000000001,6.550000000000001,6.550000000000001,6.550000000000001,6.550000000000001,6.550000000000001,5.450000000000001,4.2,8.4,8.4,8.4,7.450000000000001,1.1,1.1,5.300000000000001,5.300000000000001,8.4,8.4,8.4,4.2,4.2,4.2,4.2,10.55,8.55,8.55,4.2,4.2,4.2,4.2,4.2,2.2,6.3500000000000005,6.3500000000000005,4.3500000000000005,6.3500000000000005,6.3500000000000005,3.2500000000000004,8.55,8.55,10.55,8.55,4.2,4.2,4.2,4.2,7.450000000000001,7.450000000000001,7.450000000000001,8.55,8.55,8.55,8.55,8.55,8.55,8.55,8.55,8.4,4.2,4.2,4.2,6.2,4.2,4.2,10.55,8.55,10.55,8.55,8.55,10.55,8.55,8.55,3.2500000000000004,3.2500000000000004,4.3500000000000005,2.1500000000000004,8.55,8.55,8.55,10.55,8.55,8.55,4.2,6.2,8.2,4.2,6.2,4.2,4.2,4.2,4.2,6.2,4.2,9.5,11.5,3.3000000000000003,4.3500000000000005,3.3000000000000003,3.2500000000000004,4.3500000000000005,5.300000000000001,2.2,2.2,7.450000000000001,2.0,8.55,10.55,8.55,8.55,8.55,4.2,6.2,6.2,4.2,8.4
CC-AETUC-D30,2.0,2.0,4.0,7.450000000000001,5.450000000000001,7.450000000000001,6.199999999999999,4.2,4.2,4.2,6.199999999999999,4.2,4.2,4.2,4.2,4.2,6.199999999999999,7.450000000000001,8.4,8.4,8.4,8.4,8.4,8.4,8.4,8.4,8.4,8.4,8.4,8.4,8.4,6.4,6.4,6.4,7.500000000000001,7.450000000000001,7.450000000000001,6.4,2.2,0.0,2.2,2.2,2.2,2.2,2.2,2.2,2.2,2.2,2.2,2.2,2.2,4.2,4.2,4.2,4.2,6.3500000000000005,6.3500000000000005,4.3500000000000005,8.4,7.450000000000001,8.55,4.2,6.550000000000001,6.550000000000001,6.550000000000001,6.550000000000001,6.550000000000001,6.550000000000001,5.450000000000001,4.2,8.4,8.4,8.4,7.450000000000001,1.1,1.1,5.300000000000001,5.300000000000001,8.4,8.4,8.4,4.2,4.2,4.2,4.2,10.55,8.55,8.55,4.2,4.2,4.2,4.2,4.2,2.2,6.3500000000000005,6.3500000000000005,4.3500000000000005,6.3500000000000005,6.3500000000000005,3.2500000000000004,8.55,8.55,10.55,8.55,4.2,4.2,4.2,4.2,7.450000000000001,7.450000000000001,7.450000000000001,8.55,8.55,8.55,8.55,8.55,8.55,8.55,8.55,8.4,4.2,4.2,4.2,6.2,4.2,4.2,10.55,8.55,10.55,8.55,8.55,10.55,8.55,8.55,3.2500000000000004,3.2500000000000004,4.3500000000000005,2.1500000000000004,8.55,8.55,8.55,10.55,8.55,8.55,4.2,6.2,8.2,4.2,6.2,4.2,4.2,4.2,4.2,6.2,4.2,9.5,11.5,3.3000000000000003,4.3500000000000005,3.3000000000000003,3.2500000000000004,4.3500000000000005,5.300000000000001,2.2,2.2,7.450000000000001,4.2,8.55,10.55,8.55,8.55,8.55,4.2,6.2,6.2,4.2,8.4
CC-ARQUITECTURA-D107,4.2,4.2,6.199999999999999,7.450000000000001,5.450000000000001,7.450000000000001,4.0,2.0,2.0,2.0,4.0,2.0,2.0,2.0,2.0,2.0,4.0,7.450000000000001,8.4,8.4,8.4,8.4,8.4,8.4,8.4,8.4,8.4,8.4,8.4,8.4,8.4,6.4,6.4,6.4,7.500000000000001,7.450000000000001,7.450000000000001,6.4,2.2,2.2,0.0,2.2,2.2,2.2,2.2,2.2,2.2,2.2,2.2,2.2,2.2,4.2,4.2,4.2,4.2,6.3500000000000005,6.3500000000000005,4.3500000000000005,8.4,7.450000000000001,8.55,4.2,6.550000000000001,6.550000000000001,6.550000000000001,6.550000000000001,6.550000000000001,6.550000000000001,5.450000000000001,4.2,8.4,8.4,8.4,7.450000000000001,1.1,1.1,5.300000000000001,5.300000000000001,8.4,8.4,8.4,4.2,4.2,4.2,4.2,10.55,8.55,8.55,4.2,4.2,4.2,4.2,4.2,2.2,6.3500000000000005,6.3500000000000005,4.3500000000000005,6.3500000000000005,6.3500000000000005,3.2500000000000004,8.55,8.55,10.55,8.55,4.2,4.2,4.2,4.2,7.450000000000001,7.450000000000001,7.450000000000001,8.55,8.55,8.55,8.55,8.55,8.55,8.55,8.55,8.4,4.2,4.2,4.2,6.2,4.2,4.2,10.55,8.55,10.55,8.55,8.55,10.55,8.55,8.55,3.2500000000000004,3.2500000000000004,4.3500000000000005,2.1500000000000004,8.55,8.55,8.55,10.55,8.55,8.55,4.2,6.2,8.2,4.2,6.2,4.2,4.2,4.2,4.2,6.2,4.2,9.5,11.5,3.3000000000000003,4.3500000000000005,3.3000000000000003,3.2500000000000004,4.3500000000000005,5.300000000000001,2.2,2.2,7.450000000000001,4.2,8.55,10.55,8.55,8.55,8.55,4.2,6.2,6.2,4.2,8.4
CC-BIBLIOTECA-D112,4.2,4.2,6.199999999999999,7.450000000000001,5.450000000000001,7.450000000000001,6.199999999999999,4.2,4.2,4.2,6.199999999999999,4.2,4.2,4.2,4.2,4.2,6.199999999999999,7.450000000000001,8.4,8.4,8.4,8.4,8.4,8.4,8.4,8.4,8.4,8.4,8.4,8.4,8.4,6.4,6.4,6.4,7.500000000000001,7.450000000000001,7.450000000000001,6.4,2.2,2.2,2.2,0.0,2.2,2.2,2.2,2.2,2.2,2.2,2.2,2.2,2.2,4.2,4.2,4.2,2.0,6.3500000000000005,6.3500000000000005,4.3500000000000005,8.4,7.450000000000001,8.55,4.2,6.550000000000001,6.550000000000001,6.550000000000001,6.550000000000001,6.550000000000001,6.550000000000001,5.450000000000001,4.2,8.4,8.4,8.4,7.450000000000001,1.1,1.1,5.300000000000001,5.300000000000001,8.4,8.4,8.4,4.2,4.2,4.2,4.2,10.55,8.55,8.55,4.2,4.2,4.2,4.2,4.2,2.2,6.3500000000000005,6.3500000000000005,4.3500000000000005,6.3500000000000005,6.3500000000000005,3.2500000000000004,8.55,8.55,10.55,8.55,4.2,4.2,4.2,4.2,7.450000000000001,7.450000000000001,7.450000000000001,8.55,8.55,8.55,8.55,8.55,8.55,8.55,8.55,8.4,4.2,4.2,4.2,6.2,4.2,4.2,10.55,8.55,10.55,8.55,8.55,10.55,8.55,8.55,3.2500000000000004,3.2500000000000004,4.3500000000000005,2.1500000000000004,8.55,8.55,8.55,10.55,8.55,8.55,4.2,6.2,8.2,4.2,6.2,4.2,4.2,4.2,4.2,6.2,4.2,9.5,11.5,3.3000000000000003,4.3500000000000005,3.3000000000000003,3.2500000000000004,4.3500000000000005,5.300000000000001,2.2,2.2,7.450000000000001,4.2,8.55,10.55,8.55,8.55,8.55,4.2,6.2,6.2,2.0,8.4
CC-BLOQUE-IQ,4.2,4.2,6.199999999999999,7.450000000000001,5.450000000000001,7.450000000000001,6.199999999999999,4.2,4.2,4.2,6.199999999999999,4.2,4.2,4.2,4.2,4.2,6.199999999999999,7.450000000000001,8.4,8.4,8.4,8.4,8.4,8.4,8.4,8.4,8.4,8.4,8.4,8.4,8.4,6.4,6.4,6.4,7.500000000000001,7.450000000000001,7.450000000000001,6.4,2.2,2.2,2.2,2.2,0.0,2.2,2.2,2.2,2.2,2.2,2.2,2.2,2.2,4.2,4.2,4.2,4.2,6.3500000000000005,6.3500000000000005,4.3500000000000005,8.4,7.450000000000001,8.55,4.2,6.550000000000001,6.550000000000001,6.550000000000001,6.550000000000001,6.550000000000001,6.550000000000001,5.450000000000001,4.2,8.4,8.4,8.4,7.450000000000001,1.1,1.1,5.300000000000001,5.300000000000001,8.4,8.4,8.4,4.2,4.2,4.2,4.2,10.55,8.55,8.55,4.2,4.2,4.2,4.2,4.2,2.2,6.3500000000000005,6.3500000000000005,4.3500000000000005,6.3500000000000005,6.3500000000000005,3.2500000000000004,8.55,8.55,10.55,8.55,4.2,4.2,4.2,4.2,7.450000000000001,7.450000000000001,7.450000000000001,8.55,8.55,8.55,8.55,8.55,8.55,8.55,8.55,8.4,4.2,4.2,4.2,6.2,4.2,4.2,10.55,8.55,10.55,8.55,8.55,10.55,8.55,8.55,3.2500000000000004,3.2500000000000004,4.3500000000000005,2.1500000000000004,8.55,8.55,8.55,10.55,8.55,8.55,4.2,6.2,8.2,4.2,6.2,4.2,4.2,4.2,4.2,6.2,4.2,9.5,11.5,3.3000000000000003,4.3500000000000005,3.3000000000000003,3.2500000000000004,4.3500000000000005,5.300000000000001,2.2,2.2,7.450000000000001,4.2,8.55,10.55,8.55,8.55,8.55,4.2,6.2,6.2,4.2,8.4
CC-ECONOMIA-D51,4.2,4.2,6.199999999999999,7.450000000000001,5.450000000000001,7.450000000000001,6.199999999999999,4.2,4.2,4.2,6.199999999999999,4.2,4.2,4.2,4.2,4.2,6.199999999999999,7.450000000000001,8.4,8.4,8.4,8.4,8.4,8.4,8.4,8.4,8.4,8.4,8.4,8.4,8.4,6.4,6.4,6.4,7.500000000000001,7.450000000000001,7.450000000000001,6.4,2.2,2.2,2.2,2.2,2.2,0.0,2.2,2.2,2.2,2.2,2.2,2.2,2.2,4.2,4.2,4.2,4.2,6.3500000000000005,6.3500000000000005,4.3500000000000005,8.4,7.450000000000001,8.55,4.2,6.550000000000001,6.550000000000001,6.550000000000001,6.550000000000001,6.550000000000001,6.550000000000001,5.450000000000001,4.2,8.4,8.4,8.4,7.450000000000001,1.1,1.1,5.300000000000001,5.300000000000001,8.4,8.4,8.4,2.0,2.0,2.0,4.2,10.55,8.55,8.55,4.2,4.2,4.2,4.2,4.2,2.2,6.3500000000000005,6.3500000000000005,4.3500000000000005,6.3500000000000005,6.3500000000000005,3.2500000000000004,8.55,8.55,10.55,8.55,4.2,4.2,4.2,4.2,7.450000000000001,7.450000000000001,7.450000000000001,8.55,8.55,8.55,8.55,8.55,8.55,8.55,8.55,8.4,4.2,4.2,4.2,6.2,4.2,4.2,10.55,8.55,10.55,8.55,8.55,10.55,8.55,8.55,3.2500000000000004,3.2500000000000004,4.3500000000000005,2.1500000000000004,8.55,8.55,8.55,10.55,8.55,8.55,4.2,6.2,8.2,4.2,6.2,4.2,4.2,4.2,4.2,6.2,4.2,9.5,11.5,3.3000000000000003,4.3500000000000005,3.3000000000000003,3.2500000000000004,4.3500000000000005,5.300000000000001,2.2,2.2,7.450000000000001,4.2,8.55,10.55,8.55,8.55,8.55,2.0,4.0,4.0,4.2,8.4
CC-FILOSOFIA-A-D108,4.2,4.2,6.199999999999999,7.450000000000001,5.450000000000001,7.450000000000001,6.199999999999999,4.2,4.2,4.2,6.199999999999999,4.2,4.2,4.2,4.2,4.2,6.199999999999999,7.450000000000001,8.4,8.4,8.4,8.4,8.4,8.4,8.4,8.4,8.4,8.4,8.4,8.4,8.4,6.4,6.4,6.4,7.500000000000001,7.450000000000001,7.450000000000001,6.4,2.2,2.2,2.2,2.2,2.2,2.2,0.0,2.2,2.2,2.2,2.2,2.2,2.2,4.2,4.2,4.2,4.2,6.3500000000000005,6.3500000000000005,4.3500000000000005,8.4,7.450000000000001,8.55,4.2,6.550000000000001,6.550000000000001,6.550000000000001,6.550000000000001,6.550000000000001,6.550000000000001,5.450000000000001,4.2,8.4,8.4,8.4,7.450000000000001,1.1,1.1,5.300000000000001,5.300000000000001,8.4,8.4,8.4,4.2,4.2,4.2,4.2,10.55,8.55,8.55,2.0,2.0,4.2,4.2,4.2,2.2,6.3500000000000005,6.3500000000000005,4.3500000000000005,6.3500000000000005,6.3500000000000005,3.2500000000000004,8.55,8.55,10.55,8.55,4.2,4.2,4.2,4.2,7.450000000000001,7.450000000000001,7.450000000000001,8.55,8.55,8.55,8.55,8.55,8.55,8.55,8.55,8.4,4.2,4.2,4.2,6.2,4.2,4.2,10.55,8.55,10.55,8.55,8.55,10.55,8.55,8.55,3.2500000000000004,3.2500000000000004,4.3500000000000005,2.1500000000000004,8.55,8.55,8.55,10.55,8.55,8.55,2.0,4.0,6.0,4.2,6.2,4.2,4.2,4.2,4.2,6.2,4.2,9.5,11.5,3.3000000000000003,4.3500000000000005,3.3000000000000003,3.2500000000000004,4.3500000000000005,5.300000000000001,2.2,2.2,7.450000000000001,4.2,8.55,10.55,8.55,8.55,8.55,4.2,6.2,6.2,4.2,8.4
CC-FILOSOFIA-B-D111,4.2,4.2,6.199999999999999,7.450000000000001,5.450000000000001,7.450000000000001,6.199999999999999,4.2,4.2,4.2,6.199999999999999,4.2,4.2,4.2,4.2,4.2,6.199999999999999,7.450000000000001,8.4,8.4,8.4,8.4,8.4,8.4,8.4,8.4,8.4,8.4,8.4,8.4,8.4,6.4,6.4,6.4,7.500000000000001,7.450000000000001,7.450000000000001,6.4,2.2,2.2,2.2,2.2,2.2,2.2,2.2,0.0,2.2,2.2,2.2,2.2,2.2,4.2,4.2,4.2,4.2,6.3500000000000005,6.3500000000000005,4.3500000000000005,8.4,7.450000000000001,8.55,4.2,6.550000000000001,6.550000000000001,6.550000000000001,6.550000000000001,6.550000000000001,6.550000000000001,5.450000000000001,4.2,8.4,8.4,8.4,7.450000000000001,1.1,1.1,5.300000000000001,5.300000000000001,8.4,8.4,8.4,4.2,4.2,4.2,4.2,10.55,8.55,8.55,4.2,4.2,2.0,2.0,4.2,2.2,6.3500000000000005,6.3500000000000005,4.3500000000000005,6.3500000000000005,6.3500000000000005,3.2500000000000004,8.55,8.55,10.55,8.55,4.2,4.2,4.2,4.2,7.450000000000001,7.450000000000001,7.450000000000001,8.55,8.55,8.55,8.55,8.55,8.55,8.55,8.55,8.4,4.2,4.2,4.2,6.2,4.2,4.2,10.55,8.55,10.55,8.55,8.55,10.55,8.55,8.55,3.2500000000000004,3.2500000000000004,4.3500000000000005,2.1500000000000004,8.55,8.55,8.55,10.55,8.55,8.55,4.2,6.2,8.2,4.2,6.2,4.2,4.2,4.2,4.2,6.2,4.2,9.5,11.5,3.3000000000000003,4.3500000000000005,3.3000000000000003,3.2500000000000004,4.3500000000000005,5.300000000000001,2.2,2.2,7.450000000000001,4.2,8.55,10.55,8.55,8.55,8.55,4.2,6.2,6.2,4.2,8.4
CC-JURISPRUDENCIA-D110,4.2,4.2,6.199999999999999,7.450000000000001,5.450000000000001,7.450000000000001,6.199999999999999,4.2,4.2,4.2,6.199999999999999,4.2,4.2,4.2,4.2,4.2,6.199999999999999,7.450000000000001,8.4,8.4,8.4,8.4,8.4,8.4,8.4,8.4,8.4,8.4,8.4,8.4,8.4,6.4,6.4,6.4,7.500000000000001,7.450000000000001,7.450000000000001,6.4,2.2,2.2,2.2,2.2,2.2,2.2,2.2,2.2,0.0,2.2,2.2,2.2,2.2,4.2,4.2,4.2,4.2,6.3500000000000005,6.3500000000000005,4.3500000000000005,8.4,7.450000000000001,8.55,4.2,6.550000000000001,6.550000000000001,6.550000000000001,6.550000000000001,6.550000000000001,6.550000000000001,5.450000000000001,4.2,8.4,8.4,8.4,7.450000000000001,1.1,1.1,5.300000000000001,5.300000000000001,8.4,8.4,8.4,4.2,4.2,4.2,4.2,10.55,8.55,8.55,4.2,4.2,4.2,4.2,4.2,2.2,6.3500000000000005,6.3500000000000005,4.3500000000000005,6.3500000000000005,6.3500000000000005,3.2500000000000004,8.55,8.55,10.55,8.55,2.0,2.0,2.0,2.0,7.450000000000001,7.450000000000001,7.450000000000001,8.55,8.55,8.55,8.55,8.55,8.55,8.55,8.55,8.4,4.2,4.2,4.2,6.2,4.2,4.2,10.55,8.55,10.55,8.55,8.55,10.55,8.55,8.55,3.2500000000000004,3.2500000000000004,4.3500000000000005,2.1500000000000004,8.55,8.55,8.55,10.55,8.55,8.55,4.2,6.2,8.2,4.2,6.2,4.2,4.2,4.2,4.2,6.2,4.2,9.5,11.5,3.3000000000000003,4.3500000000000005,3.3000000000000003,3.2500000000000004,4.3500000000000005,5.300000000000001,2.2,2.2,7.450000000000001,4.2,8.55,10.55,8.55,8.55,8.55,4.2,6.2,6.2,4.2,8.4
CC-MONJAS-D126,4.2,4.2,6.199999999999999,7.450000000000001,5.450000000000001,7.450000000000001,6.199999999999999,4.2,4.2,4.2,6.199999999999999,4.2,4.2,4.2,4.2,4.2,6.199999999999999,7.450000000000001,8.4,8.4,8.4,8.4,8.4,8.4,8.4,8.4,8.4,8.4,8.4,8.4,8.4,6.4,6.4,6.4,7.500000000000001,7.450000000000001,7.450000000000001,6.4,2.2,2.2,2.2,2.2,2.2,2.2,2.2,2.2,2.2,0.0,2.2,2.2,2.2,4.2,4.2,4.2,4.2,6.3500000000000005,6.3500000000000005,4.3500000000000005,8.4,7.450000000000001,8.55,4.2,6.550000000000001,6.550000000000001,6.550000000000001,6.550000000000001,6.550000000000001,6.550000000000001,5.450000000000001,4.2,8.4,8.4,8.4,7.450000000000001,1.1,1.1,5.300000000000001,5.300000000000001,8.4,8.4,8.4,4.2,4.2,4.2,2.0,10.55,8.55,8.55,4.2,4.2,4.2,4.2,4.2,2.2,6.3500000000000005,6.3500000000000005,4.3500000000000005,6.3500000000000005,6.3500000000000005,3.2500000000000004,8.55,8.55,10.55,8.55,4.2,4.2,4.2,4.2,7.450000000000001,7.450000000000001,7.450000000000001,8.55,8.55,8.55,8.55,8.55,8.55,8.55,8.55,8.4,2.0,2.0,2.0,4.0,2.0,2.0,10.55,8.55,10.55,8.55,8.55,10.55,8.55,8.55,3.2500000000000004,3.2500000000000004,4.3500000000000005,2.1500000000000004,8.55,8.55,8.55,10.55,8.55,8.55,4.2,6.2,8.2,4.2,6.2,4.2,4.2,4.2,4.2,6.2,4.2,9.5,11.5,3.3000000000000003,4.3500000000000005,3.3000000000000003,3.2500000000000004,4.3500000000000005,5.300000000000001,2.2,2.2,7.450000000000001,4.2,8.55,10.55,8.55,8.55,8.55,4.2,6.2,6.2,4.2,8.4
CC-PROMAS-D31,4.2,4.2,6.199999999999999,7.450000000000001,5.450000000000001,7.450000000000001,6.199999999999999,4.2,4.2,4.2,6.199999999999999,4.2,4.2,4.2,4.2,4.2,6.199999999999999,7.450000000000001,8.4,8.4,8.4,8.4,8.4,8.4,8.4,8.4,8.4,8.4,8.4,8.4,8.4,6.4,6.4,6.4,7.500000000000001,7.450000000000001,7.450000000000001,6.4,2.2,2.2,2.2,2.2,2.2,2.2,2.2,2.2,2.2,2.2,0.0,2.2,2.2,4.2,4.2,4.2,4.2,6.3500000000000005,6.3500000000000005,4.3500000000000005,8.4,7.450000000000001,8.55,4.2,6.550000000000001,6.550000000000001,6.550000000000001,6.550000000000001,6.550000000000001,6.550000000000001,5.450000000000001,2.0,8.4,8.4,8.4,7.450000000000001,1.1,1.1,5.300000000000001,5.300000000000001,8.4,8.4,8.4,4.2,4.2,4.2,4.2,10.55,8.55,8.55,4.2,4.2,4.2,4.2,4.2,2.2,6.3500000000000005,6.3500000000000005,4.3500000000000005,6.3500000000000005,6.3500000000000005,3.2500000000000004,8.55,8.55,10.55,8.55,4.2,4.2,4.2,4.2,7.450000000000001,7.450000000000001,7.450000000000001,8.55,8.55,8.55,8.55,8.55,8.55,8.55,8.55,8.4,4.2,4.2,4.2,6.2,4.2,4.2,10.55,8.55,10.55,8.55,8.55,10.55,8.55,8.55,3.2500000000000004,3.2500000000000004,4.3500000000000005,2.1500000000000004,8.55,8.55,8.55,10.55,8.55,8.55,4.2,6.2,8.2,2.0,4.0,4.2,4.2,4.2,4.2,6.2,4.2,9.5,11.5,3.3000000000000003,4.3500000000000005,3.3000000000000003,3.2500000000000004,4.3500000000000005,5.300000000000001,2.2,2.2,7.450000000000001,4.2,8.55,10.55,8.55,8.55,8.55,4.2,6.2,6.2,4.2,8.4
CC-PSICOLOGIA-D125,4.2,4.2,6.199999999999999,7.450000000000001,5.450000000000001,7.450000000000001,6.199999999999999,4.2,4.2,4.2,6.199999999999999,4.2,4.2,4.2,4.2,4.2,6.199999999999999,7.450000000000001,8.4,8.4,8.4,8.4,8.4,8.4,8.4,8.4,8.4,8.4,8.4,8.4,8.4,6.4,6.4,6.4,7.500000000000001,7.450000000000001,7.450000000000001,6.4,2.2,2.2,2.2,2.2,2.2,2.2,2.2,2.2,2.2,2.2,2.2,0.0,2.2,4.2,4.2,4.2,4.2,6.3500000000000005,6.3500000000000005,4.3500000000000005,8.4,7.450000000000001,8.55,4.2,6.550000000000001,6.550000000000001,6.550000000000001,6.550000000000001,6.550000000000001,6.550000000000001,5.450000000000001,4.2,8.4,8.4,8.4,7.450000000000001,1.1,1.1,5.300000000000001,5.300000000000001,8.4,8.4,8.4,4.2,4.2,4.2,4.2,10.55,8.55,8.55,4.2,4.2,4.2,4.2,4.2,2.2,6.3500000000000005,6.3500000000000005,4.3500000000000005,6.3500000000000005,6.3500000000000005,3.2500000000000004,8.55,8.55,10.55,8.55,4.2,4.2,4.2,4.2,7.450000000000001,7.450000000000001,7.450000000000001,8.55,8.55,8.55,8.55,8.55,8.55,8.55,8.55,8.4,4.2,4.2,4.2,6.2,4.2,4.2,10.55,8.55,10.55,8.55,8.55,10.55,8.55,8.55,3.2500000000000004,3.2500000000000004,4.3500000000000005,2.1500000000000004,8.55,8.55,8.55,10.55,8.55,8.55,4.2,6.2,8.2,4.2,6.2,2.0,2.0,4.2,4.2,6.2,4.2,9.5,11.5,3.3000000000000003,4.3500000000000005,3.3000000000000003,3.2500000000000004,4.3500000000000005,5.300000000000001,2.2,2.2,7.450000000000001,4.2,8.55,10.55,8.55,8.55,8.55,4.2,6.2,6.2,4.2,8.4
CC-QUIMICA-D109,4.2,4.2,6.199999999999999,7.450000000000001,5.450000000000001,7.450000000000001,6.199999999999999,4.2,4.2,4.2,6.199999999999999,4.2,4.2,4.2,4.2,4.2,6.199999999999999,7.450000000000001,8.4,8.4,8.4,8.4,8.4,8.4,8.4,8.4,8.4,8.4,8.4,8.4,8.4,6.4,6.4,6.4,7.500000000000001,7.450000000000001,7.450000000000001,6.4,2.2,2.2,2.2,2.2,2.2,2.2,2.2,2.2,2.2,2.2,2.2,2.2,0.0,4.2,4.2,4.2,4.2,6.3500000000000005,6.3500000000000005,4.3500000000000005,8.4,7.450000000000001,8.55,4.2,6.550000000000001,6.550000000000001,6.550000000000001,6.550000000000001,6.550000000000001,6.550000000000001,5.450000000000001,4.2,8.4,8.4,8.4,7.450000000000001,1.1,1.1,5.300000000000001,5.300000000000001,8.4,8.4,8.4,4.2,4.2,4.2,4.2,10.55,8.55,8.55,4.2,4.2,4.2,4.2,4.2,2.2,6.3500000000000005,6.3500000000000005,4.3500000000000005,6.3500000000000005,6.3500000000000005,3.2500000000000004,8.55,8.55,10.55,8.55,4.2,4.2,4.2,4.2,7.450000000000001,7.450000000000001,7.450000000000001,8.55,8.55,8.55,8.55,8.55,8.55,8.55,8.55,8.4,4.2,4.2,4.2,6.2,4.2,4.2,10.55,8.55,10.55,8.55,8.55,10.55,8.55,8.55,3.2500000000000004,3.2500000000000004,4.3500000000000005,2.1500000000000004,8.55,8.55,8.55,10.55,8.55,8.55,4.2,6.2,8.2,4.2,6.2,4.2,4.2,2.0,2.0,4.0,2.0,9.5,11.5,3.3000000000000003,4.3500000000000005,3.3000000000000003,3.2500000000000004,4.3500000000000005,5.300000000000001,2.2,2.2,7.450000000000001,4.2,8.55,10.55,8.55,8.55,8.55,4.2,6.2,6.2,4.2,8.4
CCADM-2A-A43,6.2,6.2,8.2,9.450000000000001,7.450000000000001,9.450000000000001,8.2,6.2,6.2,6.2,8.2,6.2,6.2,6.2,6.2,6.2,8.2,9.450000000000001,10.4,10.4,10.4,10.4,10.4,10.4,10.4,10.4,10.4,10.4,10.4,10.4,10.4,8.4,8.4,8.4,9.5,9.450000000000001,9.450000000000001,8.4,2.0,4.2,4.2,4.2,4.2,4.2,4.2,4.2,4.2,4.2,4.2,4.2,4.2,0.0,4.0,4.0,6.2,8.350000000000001,8.350000000000001,6.3500000000000005,10.4,9.450000000000001,10.55,4.0,8.55,8.55,8.55,8.55,8.55,8.55,7.45,6.2,10.4,10.4,10.4,9.450000000000001,3.1,3.1,7.300000000000001,7.300000000000001,10.4,10.4,10.4,6.2,6.2,6.2,6.2,12.55,10.55,10.55,6.2,6.2,6.2,6.2,6.2,4.2,8.350000000000001,8.350000000000001,6.3500000000000005,8.350000000000001,8.350000000000001,5.25,10.55,10.55,12.55,10.55,6.2,6.2,6.2,6.2,9.450000000000001,9.450000000000001,9.450000000000001,10.55,10.55,10.55,10.55,10.55,10.55,10.55,10.55,10.4,6.2,6.2,6.2,8.2,6.2,6.2,12.55,10.55,12.55,10.55,10.55,12.55,10.55,10.55,5.25,5.25,6.3500000000000005,4.15,10.55,10.55,10.55,12.55,10.55,10.55,6.2,8.2,10.2,6.2,8.2,6.2,6.2,6.2,6.2,8.2,6.2,11.5,13.5,5.300000000000001,6.35,5.300000000000001,5.25,6.3500000000000005,7.300000000000001,4.2,4.2,9.450000000000001,4.0,10.55,12.55,10.55,10.55,10.55,6.2,8.2,8.2,6.2,10.4
CCADM-2A-A44,6.2,6.2,8.2,9.450000000000001,7.450000000000001,9.450000000000001,8.2,6.2,6.2,6.2,8.2,6.2,6.2,6.2,6.2,6.2,8.2,9.450000000000001,10.4,10.4,10.4,10.4,10.4,10.4,10.4,10.4,10.4,10.4,10.4,10.4,10.4,8.4,8.4,8.4,9.5,9.450000000000001,9.450000000000001,8.4,2.0,4.2,4.2,4.2,4.2,4.2,4.2,4.2,4.2,4.2,4.2,4.2,4.2,4.0,0.0,4.0,6.2,8.350000000000001,8.350000000000001,6.3500000000000005,10.4,9.450000000000001,10.55,4.0,8.55,8.55,8.55,8.55,8.55,8.55,7.45,6.2,10.4,10.4,10.4,9.450000000000001,3.1,3.1,7.300000000000001,7.300000000000001,10.4,10.4,10.4,6.2,6.2,6.2,6.2,12.55,10.55,10.55,6.2,6.2,6.2,6.2,6.2,4.2,8.350000000000001,8.350000000000001,6.3500000000000005,8.350000000000001,8.350000000000001,5.25,10.55,10.55,12.55,10.55,6.2,6.2,6.2,6.2,9.450000000000001,9.450000000000001,9.450000000000001,10.55,10.55,10.55,10.55,10.55,10.55,10.55,10.55,10.4,6.2,6.2,6.2,8.2,6.2,6.2,12.55,10.55,12.55,10.55,10.55,12.55,10.55,10.55,5.25,5.25,6.3500000000000005,4.15,10.55,10.55,10.55,12.55,10.55,10.55,6.2,8.2,10.2,6.2,8.2,6.2,6.2,6.2,6.2,8.2,6.2,11.5,13.5,5.300000000000001,6.35,5.300000000000001,5.25,6.3500000000000005,7.300000000000001,4.2,4.2,9.450000000000001,4.0,10.55,12.55,10.55,10.55,10.55,6.2,8.2,8.2,6.2,10.4
CCADM-2A-A45,6.2,6.2,8.2,9.450000000000001,7.450000000000001,9.450000000000001,8.2,6.2,6.2,6.2,8.2,6.2,6.2,6.2,6.2,6.2,8.2,9.450000000000001,10.4,10.4,10.4,10.4,10.4,10.4,10.4,10.4,10.4,10.4,10.4,10.4,10.4,8.4,8.4,8.4,9.5,9.450000000000001,9.450000000000001,8.4,2.0,4.2,4.2,4.2,4.2,4.2,4.2,4.2,4.2,4.2,4.2,4.2,4.2,4.0,4.0,0.0,6.2,8.350000000000001,8.350000000000001,6.3500000000000005,10.4,9.450000000000001,10.55,4.0,8.55,8.55,8.55,8.55,8.55,8.55,7.45,6.2,10.4,10.4,10.4,9.450000000000001,3.1,3.1,7.300000000000001,7.300000000000001,10.4,10.4,10.4,6.2,6.2,6.2,6.2,12.55,10.55,10.55,6.2,6.2,6.2,6.2,6.2,4.2,8.350000000000001,8.350000000000001,6.3500000000000005,8.350000000000001,8.350000000000001,5.25,10.55,10.55,12.55,10.55,6.2,6.2,6.2,6.2,9.450000000000001,9.450000000000001,9.450000000000001,10.55,10.55,10.55,10.55,10.55,10.55,10.55,10.55,10.4,6.2,6.2,6.2,8.2,6.2,6.2,12.55,10.55,12.55,10.55,10.55,12.55,10.55,10.55,5.25,5.25,6.3500000000000005,4.15,10.55,10.55,10.55,12.55,10.55,10.55,6.2,8.2,10.2,6.2,8.2,6.2,6.2,6.2,6.2,8.2,6.2,11.5,13.5,5.300000000000001,6.35,5.300000000000001,5.25,6.3500000000000005,7.300000000000001,4.2,4.2,9.450000000000001,4.0,10.55,12.55,10.55,10.55,10.55,6.2,8.2,8.2,6.2,10.4
CCBIB-1A-A71,6.2,6.2,8.2,9.450000000000001,7.450000000000001,9.450000000000001,8.2,6.2,6.2,6.2,8.2,6.2,6.2,6.2,6.2,6.2,8.2,9.450000000000001,10.4,10.4,10.4,10.4,10.4,10.4,10.4,10.4,10.4,10.4,10.4,10.4,10.4,8.4,8.4,8.4,9.5,9.450000000000001,9.450000000000001,8.4,4.2,4.2,4.2,2.0,4.2,4.2,4.2,4.2,4.2,4.2,4.2,4.2,4.2,6.2,6.2,6.2,0.0,8.350000000000001,8.350000000000001,6.3500000000000005,10.4,9.450000000000001,10.55,6.2,8.55,8.55,8.55,8.55,8.55,8.55,7.45,6.2,10.4,10.4,10.4,9.450000000000001,3.1,3.1,7.300000000000001,7.300000000000001,10.4,10.4,10.4,6.2,6.2,6.2,6.2,12.55,10.55,10.55,6.2,6.2,6.2,6.2,6.2,4.2,8.350000000000001,8.350000000000001,6.3500000000000005,8.350000000000001,8.350000000000001,5.25,10.55,10.55,12.55,10.55,6.2,6.2,6.2,6.2,9.450000000000001,9.450000000000001,9.450000000000001,10.55,10.55,10.55,10.55,10.55,10.55,10.55,10.55,10.4,6.2,6.2,6.2,8.2,6.2,6.2,12.55,10.55,12.55,10.55,10.55,12.55,10.55,10.55,5.25,5.25,6.3500000000000005,4.15,10.55,10.55,10.55,12.55,10.55,10.55,6.2,8.2,10.2,6.2,8.2,6.2,6.2,6.2,6.2,8.2,6.2,11.5,13.5,5.300000000000001,6.35,5.300000000000001,5.25,6.3500000000000005,7.300000000000001,4.2,4.2,9.450000000000001,6.2,10.55,12.55,10.55,10.55,10.55,6.2,8.2,8.2,4.0,10.4
CCJ-1A-A10,8.350000000000001,8.350000000000001,10.35,7.300000000000001,5.300000000000001,7.300000000000001,10.35,8.350000000000001,8.350000000000001,8.350000000000001,10.35,8.350000000000001,8.350000000000001,8.350000000000001,8.350000000000001,8.350000000000001,10.35,7.300000000000001,8.350000000000001,8.350000000000001,8.350000000000001,8.350000000000001,8.350000000000001,8.350000000000001,8.350000000000001,8.350000000000001,8.350000000000001,8.350000000000001,8.350000000000001,8.350000000000001,8.350000000000001,6.3500000000000005,6.3500000000000005,6.3500000000000005,7.45,7.300000000000001,7.300000000000001,6.3500000000000005,6.3500000000000005,6.3500000000000005,6.3500000000000005,6.3500000000000005,6.3500000000000005,6.3500000000000005,6.3500000000000005,6.3500000000000005,6.3500000000000005,6.3500000000000005,6.3500000000000005,6.3500000000000005,6.3500000000000005,8.350000000000001,8.350000000000001,8.350000000000001,8.350000000000001,0.0,4.0,2.0,8.350000000000001,7.300000000000001,8.4,8.350000000000001,6.4,6.4,6.4,6.4,6.4,6.4,5.300000000000001,8.350000000000001,8.350000000000001,8.350000000000001,8.350000000000001,7.300000000000001,6.3500000000000005,5.25,6.3500000000000005,5.25,8.350000000000001,8.350000000000001,8.350000000000001,8.350000000000001,8.350000000000001,8.350000000000001,8.350000000000001,10.4,8.4,8.4,8.350000000000001,8.350000000000001,8.350000000000001,8.350000000000001,5.300000000000001,5.300000000000001,6.2,6.2,4.2,6.2,6.2,3.1,8.4,8.4,10.4,8.4,8.350000000000001,8.350000000000001,8.350000000000001,8.350000000000001,7.300000000000001,7.300000000000001,7.300000000000001,8.4,8.4,8.4,8.4,8.4,8.4,8.4,8.4,8.350000000000001,8.350000000000001,8.350000000000001,8.350000000000001,10.350000000000001,8.350000000000001,8.350000000000001,10.4,8.4,10.4,8.4,8.4,10.4,8.4,8.4,4.2,4.2,4.2,4.2,8.4,8.4,8.4,10.4,8.4,8.4,8.350000000000001,10.350000000000001,12.350000000000001,8.350000000000001,10.350000000000001,8.350000000000001,8.350000000000001,8.350000000000001,8.350000000000001,10.350000000000001,8.350000000000001,9.45,11.45,7.450000000000001,4.2,8.55,5.300000000000001,4.2,7.25,6.3500000000000005,7.45,7.300000000000001,8.350000000000001,8.4,10.4,8.4,8.4,8.4,8.350000000000001,10.350000000000001,10.350000000000001,8.350000000000001,8.350000000000001
CCJ-1A-A11,8.350000000000001,8.350000000000001,10.35,7.300000000000001,5.300000000000001,7.300000000000001,10.35,8.350000000000001,8.350000000000001,8.350000000000001,10.35,8.350000000000001,8.350000000000001,8.350000000000001,8.350000000000001,8.350000000000001,10.35,7.300000000000001,8.350000000000001,8.350000000000001,8.350000000000001,8.350000000000001,8.350000000000001,8.350000000000001,8.350000000000001,8.350000000000001,8.350000000000001,8.350000000000001,8.350000000000001,8.350000000000001,8.350000000000001,6.3500000000000005,6.3500000000000005,6.3500000000000005,7.45,7.300000000000001,7.300000000000001,6.3500000000000005,6.3500000000000005,6.3500000000000005,6.3500000000000005,6.3500000000000005,6.3500000000000005,6.3500000000000005,6.3500000000000005,6.3500000000000005,6.3500000000000005,6.3500000000000005,6.3500000000000005,6.3500000000000005,6.3500000000000005,8.350000000000001,8.350000000000001,8.350000000000001,8.350000000000001,4.0,0.0,2.0,8.350000000000001,7.300000000000001,8.4,8.350000000000001,6.4,6.4,6.4,6.4,6.4,6.4,5.300000000000001,8.350000000000001,8.350000000000001,8.350000000000001,8.350000000000001,7.300000000000001,6.3500000000000005,5.25,6.3500000000000005,5.25,8.350000000000001,8.350000000000001,8.350000000000001,8.350000000000001,8.350000000000001,8.350000000000001,8.350000000000001,10.4,8.4,8.4,8.350000000000001,8.350000000000001,8.350000000000001,8.350000000000001,5.300000000000001,5.300000000000001,6.2,6.2,4.2,6.2,6.2,3.1,8.4,8.4,10.4,8.4,8.350000000000001,8.350000000000001,8.350000000000001,8.350000000000001,7.300000000000001,7.300000000000001,7.300000000000001,8.4,8.4,8.4,8.4,8.4,8.4,8.4,8.4,8.350000000000001,8.350000000000001,8.350000000000001,8.350000000000001,10.350000000000001,8.350000000000001,8.350000000000001,10.4,8.4,10.4,8.4,8.4,10.4,8.4,8.4,4.2,4.2,4.2,4.2,8.4,8.4,8.4,10.4,8.4,8.4,8.350000000000001,10.350000000000001,12.350000000000001,8.350000000000001,10.350000000000001,8.350000000000001,8.350000000000001,8.350000000000001,8.350000000000001,10.350000000000001,8.350000000000001,9.45,11.45,7.450000000000001,4.2,8.55,5.300000000000001,4.2,7.25,6.3500000000000005,7.45,7.300000000000001,8.350000000000001,8.4,10.4,8.4,8.4,8.4,8.350000000000001,10.350000000000001,10.350000000000001,8.350000000000001,8.350000000000001
CCJ-CJURIDICO-D4,6.3500000000000005,6.3500000000000005,8.35,5.300000000000001,3.3000000000000003,5.300000000000001,8.35,6.3500000000000005,6.3500000000000005,6.3500000000000005,8.35,6.3500000000000005,6.3500000000000005,6.3500000000000005,6.3500000000000005,6.3500000000000005,8.35,5.300000000000001,6.3500000000000005,6.3500000000000005,6.3500000000000005,6.3500000000000005,6.3500000000000005,6.3500000000000005,6.3500000000000005,6.3500000000000005,6.3500000000000005,6.3500000000000005,6.3500000000000005,6.3500000000000005,6.3500000000000005,4.3500000000000005,4.3500000000000005,4.3500000000000005,5.45,5.300000000000001,5.300000000000001,4.3500000000000005,4.3500000000000005,4.3500000000000005,4.3500000000000005,4.3500000000000005,4.3500000000000005,4.3500000000000005,4.3500000000000005,4.3500000000000005,4.3500000000000005,4.3500000000000005,4.3500000000000005,4.3500000000000005,4.3500000000000005,6.3500000000000005,6.3500000000000005,6.3500000000000005,6.3500000000000005,2.0,2.0,0.0,6.3500000000000005,5.300000000000001,6.4,6.3500000000000005,4.4,4.4,4.4,4.4,4.4,4.4,3.3000000000000003,6.3500000000000005,6.3500000000000005,6.3500000000000005,6.3500000000000005,5.300000000000001,4.3500000000000005,3.25,4.3500000000000005,3.25,6.3500000000000005,6.3500000000000005,6.3500000000000005,6.3500000000000005,6.3500000000000005,6.3500000000000005,6.3500000000000005,8.4,6.4,6.4,6.3500000000000005,6.3500000000000005,6.3500000000000005,6.3500000000000005,3.3000000000000003,3.3000000000000003,4.2,4.2,2.2,4.2,4.2,1.1,6.4,6.4,8.4,6.4,6.3500000000000005,6.3500000000000005,6.3500000000000005,6.3500000000000005,5.300000000000001,5.300000000000001,5.300000000000001,6.4,6.4,6.4,6.4,6.4,6.4,6.4,6.4,6.3500000000000005,6.3500000000000005,6.3500000000000005,6.3500000000000005,8.350000000000001,6.3500000000000005,6.3500000000000005,8.4,6.4,8.4,6.4,6.4,8.4,6.4,6.4,2.2,2.2,2.2,2.2,6.4,6.4,6.4,8.4,6.4,6.4,6.3500000000000005,8.350000000000001,10.350000000000001,6.3500000000000005,8.350000000000001,6.3500000000000005,6.3500000000000005,6.3500000000000005,6.3500000000000005,8.350000000000001,6.3500000000000005,7.45,9.45,5.450000000000001,2.2,6.550000000000001,3.3000000000000003,2.2,5.25,4.3500000000000005,5.45,5.300000000000001,6.3500000000000005,6.4,8.4,6.4,6.4,6.4,6.3500000000000005,8.350000000000001,8.350000000000001,6.3500000000000005,6.3500000000000005
CEA-0A-A108,10.4,10.4,12.399999999999999,9.450000000000001,7.450000000000001,9.450000000000001,12.399999999999999,10.4,10.4,10.4,12.399999999999999,10.4,10.4,10.4,10.4,10.4,12.399999999999999,9.450000000000001,6.2,6.2,6.2,6.2,6.2,6.2,6.2,6.2,6.2,6.2,6.2,6.2,6.2,4.2,4.2,2.0,5.300000000000001,9.450000000000001,9.450000000000001,4.2,8.4,8.4,8.4,8.4,8.4,8.4,8.4,8.4,8.4,8.4,8.4,8.4,8.4,10.4,10.4,10.4,10.4,8.350000000000001,8.350000000000001,6.3500000000000005,0.0,9.450000000000001,10.55,10.4,8.55,8.55,8.55,8.55,8.55,8.55,7.450000000000001,10.4,4.0,4.0,4.0,9.450000000000001,7.300000000000001,7.300000000000001,3.1,3.1,6.2,6.2,6.2,10.4,10.4,10.4,10.4,12.55,10.55,10.55,10.4,10.4,10.4,10.4,4.2,6.2,8.350000000000001,8.350000000000001,6.3500000000000005,8.350000000000001,8.350000000000001,5.25,10.55,10.55,12.55,10.55,10.4,10.4,10.4,10.4,9.450000000000001,9.450000000000001,9.450000000000001,10.55,10.55,10.55,10.55,10.55,10.55,10.55,10.55,6.2,10.4,10.4,10.4,12.4,10.4,10.4,12.55,10.55,12.55,10.55,10.55,12.55,10.55,10.55,5.25,5.25,4.15,6.3500000000000005,10.55,10.55,10.55,12.55,10.55,10.55,10.4,12.4,14.4,10.4,12.4,10.4,10.4,10.4,10.4,12.4,10.4,7.300000000000001,9.3,7.1,6.3500000000000005,7.1,7.450000000000001,6.3500000000000005,5.1,8.2,8.2,9.450000000000001,10.4,10.55,12.55,10.55,10.55,10.55,10.4,12.4,12.4,10.4,4.0
CEN-1A-A20,9.450000000000001,9.450000000000001,11.45,4.0,2.0,4.0,11.45,9.450000000000001,9.450000000000001,9.450000000000001,11.45,9.450000000000001,9.450000000000001,9.450000000000001,9.450000000000001,9.450000000000001,11.45,4.0,9.450000000000001,9.450000000000001,9.450000000000001,9.450000000000001,9.450000000000001,9.450000000000001,9.450000000000001,9.450000000000001,9.450000000000001,9.450000000000001,9.450000000000001,9.450000000000001,9.450000000000001,7.450000000000001,7.450000000000001,7.450000000000001,8.55,4.0,4.0,7.450000000000001,7.450000000000001,7.450000000000001,7.450000000000001,7.450000000000001,7.450000000000001,7.450000000000001,7.450000000000001,7.450000000000001,7.450000000000001,7.450000000000001,7.450000000000001,7.450000000000001,7.450000000000001,9.450000000000001,9.450000000000001,9.450000000000001,9.450000000000001,7.300000000000001,7.300000000000001,5.300000000000001,9.450000000000001,0.0,9.5,9.450000000000001,7.5,7.5,7.5,7.5,7.5,7.5,6.4,9.450000000000001,9.450000000000001,9.450000000000001,9.450000000000001,4.0,6.4,6.35,7.450000000000001,6.35,9.450000000000001,9.450000000000001,9.450000000000001,9.450000000000001,9.450000000000001,9.450000000000001,9.450000000000001,11.5,9.5,9.5,9.450000000000001,9.450000000000001,9.450000000000001,9.450000000000001,6.4,5.300000000000001,7.300000000000001,7.300000000000001,5.300000000000001,7.300000000000001,7.300000000000001,4.2,9.5,9.5,11.5,9.5,9.450000000000001,9.450000000000001,9.450000000000001,9.450000000000001,4.0,4.0,4.0,9.5,9.5,9.5,9.5,9.5,9.5,9.5,9.5,9.450000000000001,9.450000000000001,9.450000000000001,9.450000000000001,11.450000000000001,9.450000000000001,9.450000000000001,11.5,9.5,11.5,9.5,9.5,11.5,9.5,9.5,5.300000000000001,4.2,5.300000000000001,5.300000000000001,9.5,9.5,9.5,11.5,9.5,9.5,9.450000000000001,11.450000000000001,13.450000000000001,9.450000000000001,11.450000000000001,9.450000000000001,9.450000000000001,9.450000000000001,9.450000000000001,11.450000000000001,9.450000000000001,10.55,12.549999999999999,8.55,5.300000000000001,8.6,6.4,3.1,8.35,7.450000000000001,7.5,4.0,9.450000000000001,9.5,11.5,9.5,9.5,9.5,9.450000000000001,11.450000000000001,11.450000000000001,9.450000000000001,9.450000000000001
CENDIA-0A-A19,10.55,10.55,12.55,9.5,7.5,9.5,12.55,10.55,10.55,10.55,12.55,10.55,10.55,10.55,10.55,10.55,12.55,9.5,10.55,10.55,10.55,10.55,10.55,10.55,10.55,10.55,10.55,10.55,10.55,10.55,10.55,8.55,8.55,8.55,9.65,9.5,9.5,8.55,8.55,8.55,8.55,8.55,8.55,8.55,8.55,8.55,8.55,8.55,8.55,8.55,8.55,10.55,10.55,10.55,10.55,8.4,8.4,6.4,10.55,9.5,0.0,10.55,4.2,4.2,2.0,4.2,4.2,4.2,3.1,10.55,10.55,10.55,10.55,9.5,8.55,7.45,8.55,7.45,10.55,10.55,10.55,10.55,10.55,10.55,10.55,8.2,6.2,6.2,10.55,10.55,10.55,10.55,7.5,7.5,8.4,8.4,6.4,8.4,8.4,5.300000000000001,4.0,4.0,6.0,4.0,10.55,10.55,10.55,10.55,9.5,9.5,9.5,6.2,6.2,6.2,6.2,6.2,6.2,6.2,6.2,10.55,10.55,10.55,10.55,12.55,10.55,10.55,8.2,6.2,8.2,6.2,6.2,8.2,6.2,6.2,6.4,6.4,6.4,6.4,6.2,6.2,6.2,8.2,6.2,6.2,10.55,12.55,14.55,10.55,12.55,10.55,10.55,10.55,10.55,12.55,10.55,11.65,13.649999999999999,9.65,4.2,10.75,5.300000000000001,6.4,9.45,8.55,9.65,9.5,10.55,6.2,8.2,6.2,6.2,6.2,10.55,12.55,12.55,10.55,10.55
CMED-0A-A42,6.2,6.2,8.2,9.450000000000001,7.450000000000001,9.450000000000001,8.2,6.2,6.2,6.2,8.2,6.2,6.2,6.2,6.2,6.2,8.2,9.450000000000001,10.4,10.4,10.4,10.4,10.4,10.4,10.4,10.4,10.4,10.4,10.4,10.4,10.4,8.4,8.4,8.4,9.5,9.450000000000001,9.450000000000001,8.4,2.0,4.2,4.2,4.2,4.2,4.2,4.2,4.2,4.2,4.2,4.2,4.2,4.2,4.0,4.0,4.0,6.2,8.350000000000001,8.350000000000001,6.3500000000000005,10.4,9.450000000000001,10.55,0.0,8.55,8.55,8.55,8.55,8.55,8.55,7.45,6.2,10.4,10.4,10.4,9.450000000000001,3.1,3.1,7.300000000000001,7.300000000000001,10.4,10.4,10.4,6.2,6.2,6.2,6.2,12.55,10.55,10.55,6.2,6.2,6.2,6.2,6.2,4.2,8.350000000000001,8.350000000000001,6.3500000000000005,8.350000000000001,8.350000000000001,5.25,10.55,10.55,12.55,10.55,6.2,6.2,6.2,6.2,9.450000000000001,9.450000000000001,9.450000000000001,10.55,10.55,10.55,10.55,10.55,10.55,10.55,10.55,10.4,6.2,6.2,6.2,8.2,6.2,6.2,12.55,10.55,12.55,10.55,10.55,12.55,10.55,10.55,5.25,5.25,6.3500000000000005,4.15,10.55,10.55,10.55,12.55,10.55,10.55,6.2,8.2,10.2,6.2,8.2,6.2,6.2,6.2,6.2,8.2,6.2,11.5,13.5,5.300000000000001,6.35,5.300000000000001,5.25,6.3500000000000005,7.300000000000001,4.2,4.2,9.450000000000001,4.0,10.55,12.55,10.55,10.55,10.55,6.2,8.2,8.2,6.2,10.4
CP-EADMINA1-D6,8.55,8.55,10.55,7.5,5.5,7.5,10.55,8.55,8.55,8.55,10.55,8.55,8.55,8.55,8.55,8.55,10.55,7.5,8.55,8.55,8.55,8.55,8.55,8.55,8.55,8.55,8.55,8.55,8.55,8.55,8.55,6.550000000000001,6.550000000000001,6.550000000000001,7.65,7.5,7.5,6.550000000000001,6.550000000000001,6.550000000000001,6.550000000000001,6.550000000000001,6.550000000000001,6.550000000000001,6.550000000000001,6.550000000000001,6.550000000000001,6.550000000000001,6.550000000000001,6.550000000000001,6.550000000000001,8.55,8.55,8.55,8.55,6.4,6.4,4.4,8.55,7.5,4.2,8.55,0.0,2.2,2.2,2.2,2.2,2.2,1.1,8.55,8.55,8.55,8.55,7.5,6.550000000000001,5.45,6.550000000000001,5.45,8.55,8.55,8.55,8.55,8.55,8.55,8.55,6.2,4.2,4.2,8.55,8.55,8.55,8.55,5.5,5.5,6.4,6.4,4.4,6.4,6.4,3.3000000000000003,4.2,4.2,6.2,4.2,8.55,8.55,8.55,8.55,7.5,7.5,7.5,2.0,2.0,2.0,2.0,2.0,2.0,2.0,2.0,8.55,8.55,8.55,8.55,10.55,8.55,8.55,6.2,4.2,6.2,4.2,4.2,6.2,4.2,4.2,4.4,4.4,4.4,4.4,4.2,4.2,4.2,6.2,4.2,4.2,8.55,10.55,12.55,8.55,10.55,8.55,8.55,8.55,8.55,10.55,8.55,9.65,11.649999999999999,7.65,2.2,8.75,3.3000000000000003,4.4,7.45,6.550000000000001,7.65,7.5,8.55,4.2,6.2,4.2,4.2,4.2,8.55,10.55,10.55,8.55,8.55
CP-ENFERMERIA-D1,8.55,8.55,10.55,7.5,5.5,7.5,10.55,8.55,8.55,8.55,10.55,8.55,8.55,8.55,8.55,8.55,10.55,7.5,8.55,8.55,8.55,8.55,8.55,8.55,8.55,8.55,8.55,8.55,8.55,8.55,8.55,6.550000000000001,6.550000000000001,6.550000000000001,7.65,7.5,7.5,6.550000000000001,6.550000000000001,6.550000000000001,6.550000000000001,6.550000000000001,6.550000000000001,6.550000000000001,6.550000000000001,6.550000000000001,6.550000000000001,6.550000000000001,6.550000000000001,6.550000000000001,6.550000000000001,8.55,8.55,8.55,8.55,6.4,6.4,4.4,8.55,7.5,4.2,8.55,2.2,0.0,2.2,2.2,2.2,2.2,1.1,8.55,8.55,8.55,8.55,7.5,6.550000000000001,5.45,6.550000000000001,5.45,8.55,8.55,8.55,8.55,8.55,8.55,8.55,4.0,2.0,2.0,8.55,8.55,8.55,8.55,5.5,5.5,6.4,6.4,4.4,6.4,6.4,3.3000000000000003,4.2,4.2,6.2,4.2,8.55,8.55,8.55,8.55,7.5,7.5,7.5,4.2,4.2,4.2,4.2,4.2,4.2,4.2,4.2,8.55,8.55,8.55,8.55,10.55,8.55,8.55,6.2,4.2,6.2,4.2,4.2,6.2,4.2,4.2,4.4,4.4,4.4,4.4,4.2,4.2,4.2,6.2,4.2,4.2,8.55,10.55,12.55,8.55,10.55,8.55,8.55,8.55,8.55,10.55,8.55,9.65,11.649999999999999,7.65,2.2,8.75,3.3000000000000003,4.4,7.45,6.550000000000001,7.65,7.5,8.55,4.2,6.2,4.2,4.2,4.2,8.55,10.55,10.55,8.55,8.55
CP-INVESTIGACION-D5,8.55,8.55,10.55,7.5,5.5,7.5,10.55,8.55,8.55,8.55,10.55,8.55,8.55,8.55,8.55,8.55,10.55,7.5,8.55,8.55,8.55,8.55,8.55,8.55,8.55,8.55,8.55,8.55,8.55,8.55,8.55,6.550000000000001,6.550000000000001,6.550000000000001,7.65,7.5,7.5,6.550000000000001,6.550000000000001,6.550000000000001,6.550000000000001,6.550000000000001,6.550000000000001,6.550000000000001,6.550000000000001,6.550000000000001,6.550000000000001,6.550000000000001,6.550000000000001,6.550000000000001,6.550000000000001,8.55,8.55,8.55,8.55,6.4,6.4,4.4,8.55,7.5,2.0,8.55,2.2,2.2,0.0,2.2,2.2,2.2,1.1,8.55,8.55,8.55,8.55,7.5,6.550000000000001,5.45,6.550000000000001,5.45,8.55,8.55,8.55,8.55,8.55,8.55,8.55,6.2,4.2,4.2,8.55,8.55,8.55,8.55,5.5,5.5,6.4,6.4,4.4,6.4,6.4,3.3000000000000003,2.0,2.0,4.0,2.0,8.55,8.55,8.55,8.55,7.5,7.5,7.5,4.2,4.2,4.2,4.2,4.2,4.2,4.2,4.2,8.55,8.55,8.55,8.55,10.55,8.55,8.55,6.2,4.2,6.2,4.2,4.2,6.2,4.2,4.2,4.4,4.4,4.4,4.4,4.2,4.2,4.2,6.2,4.2,4.2,8.55,10.55,12.55,8.55,10.55,8.55,8.55,8.55,8.55,10.55,8.55,9.65,11.649999999999999,7.65,2.2,8.75,3.3000000000000003,4.4,7.45,6.550000000000001,7.65,7.5,8.55,4.2,6.2,4.2,4.2,4.2,8.55,10.55,10.55,8.55,8.55
CP-ODONTOLOGIA-D4,8.55,8.55,10.55,7.5,5.5,7.5,10.55,8.55,8.55,8.55,10.55,8.55,8.55,8.55,8.55,8.55,10.55,7.5,8.55,8.55,8.55,8.55,8.55,8.55,8.55,8.55,8.55,8.55,8.55,8.55,8.55,6.550000000000001,6.550000000000001,6.550000000000001,7.65,7.5,7.5,6.550000000000001,6.550000000000001,6.550000000000001,6.550000000000001,6.550000000000001,6.550000000000001,6.550000000000001,6.550000000000001,6.550000000000001,6.550000000000001,6.550000000000001,6.550000000000001,6.550000000000001,6.550000000000001,8.55,8.55,8.55,8.55,6.4,6.4,4.4,8.55,7.5,4.2,8.55,2.2,2.2,2.2,0.0,2.2,2.2,1.1,8.55,8.55,8.55,8.55,7.5,6.550000000000001,5.45,6.550000000000001,5.45,8.55,8.55,8.55,8.55,8.55,8.55,8.55,6.2,4.2,4.2,8.55,8.55,8.55,8.55,5.5,5.5,6.4,6.4,4.4,6.4,6.4,3.3000000000000003,4.2,4.2,6.2,4.2,8.55,8.55,8.55,8.55,7.5,7.5,7.5,4.2,4.2,4.2,4.2,4.2,4.2,4.2,4.2,8.55,8.55,8.55,8.55,10.55,8.55,8.55,4.0,2.0,4.0,2.0,2.0,4.0,2.0,2.0,4.4,4.4,4.4,4.4,4.2,4.2,4.2,6.2,4.2,4.2,8.55,10.55,12.55,8.55,10.55,8.55,8.55,8.55,8.55,10.55,8.55,9.65,11.649999999999999,7.65,2.2,8.75,3.3000000000000003,4.4,7.45,6.550000000000001,7.65,7.5,8.55,4.2,6.2,4.2,4.2,4.2,8.55,10.55,10.55,8.55,8.55
CP-POSGRADO-D2,8.55,8.55,10.55,7.5,5.5,7.5,10.55,8.55,8.55,8.55,10.55,8.55,8.55,8.55,8.55,8.55,10.55,7.5,8.55,8.55,8.55,8.55,8.55,8.55,8.55,8.55,8.55,8.55,8.55,8.55,8.55,6.550000000000001,6.550000000000001,6.550000000000001,7.65,7.5,7.5,6.550000000000001,6.550000000000001,6.550000000000001,6.550000000000001,6.550000000000001,6.550000000000001,6.550000000000001,6.550000000000001,6.550000000000001,6.550000000000001,6.550000000000001,6.550000000000001,6.550000000000001,6.550000000000001,8.55,8.55,8.55,8.55,6.4,6.4,4.4,8.55,7.5,4.2,8.55,2.2,2.2,2.2,2.2,0.0,2.2,1.1,8.55,8.55,8.55,8.55,7.5,6.550000000000001,5.45,6.550000000000001,5.45,8.55,8.55,8.55,8.55,8.55,8.55,8.55,6.2,4.2,4.2,8.55,8.55,8.55,8.55,5.5,5.5,6.4,6.4,4.4,6.4,6.4,3.3000000000000003,4.2,4.2,6.2,4.2,8.55,8.55,8.55,8.55,7.5,7.5,7.5,4.2,4.2,4.2,4.2,4.2,4.2,4.2,4.2,8.55,8.55,8.55,8.55,10.55,8.55,8.55,6.2,4.2,6.2,4.2,4.2,6.2,4.2,4.2,4.4,4.4,4.4,4.4,2.0,2.0,2.0,4.0,2.0,2.0,8.55,10.55,12.55,8.55,10.55,8.55,8.55,8.55,8.55,10.55,8.55,9.65,11.649999999999999,7.65,2.2,8.75,3.3000000000000003,4.4,7.45,6.550000000000001,7.65,7.5,8.55,4.2,6.2,4.2,4.2,4.2,8.55,10.55,10.55,8.55,8.55
CP-TECMEDICO-D3,8.55,8.55,10.55,7.5,5.5,7.5,10.55,8.55,8.55,8.55,10.55,8.55,8.55,8.55,8.55,8.55,10.55,7.5,8.55,8.55,8.55,8.55,8.55,8.55,8.55,8.55,8.55,8.55,8.55,8.55,8.55,6.550000000000001,6.550000000000001,6.550000000000001,7.65,7.5,7.5,6.550000000000001,6.550000000000001,6.550000000000001,6.550000000000001,6.550000000000001,6.550000000000001,6.550000000000001,6.550000000000001,6.550000000000001,6.550000000000001,6.550000000000001,6.550000000000001,6.550000000000001,6.550000000000001,8.55,8.55,8.55,8.55,6.4,6.4,4.4,8.55,7.5,4.2,8.55,2.2,2.2,2.2,2.2,2.2,0.0,1.1,8.55,8.55,8.55,8.55,7.5,6.550000000000001,5.45,6.550000000000001,5.45,8.55,8.55,8.55,8.55,8.55,8.55,8.55,6.2,4.2,4.2,8.55,8.55,8.55,8.55,5.5,5.5,6.4,6.4,4.4,6.4,6.4,3.3000000000000003,4.2,4.2,6.2,4.2,8.55,8.55,8.55,8.55,7.5,7.5,7.5,4.2,4.2,4.2,4.2,4.2,4.2,4.2,4.2,8.55,8.55,8.55,8.55,10.55,8.55,8.55,6.2,4.2,6.2,4.2,4.2,6.2,4.2,4.2,4.4,4.4,4.4,4.4,4.2,4.2,4.2,6.2,4.2,4.2,8.55,10.55,12.55,8.55,10.55,8.55,8.55,8.55,8.55,10.55,8.55,9.65,11.649999999999999,7.65,2.2,8.75,3.3000000000000003,4.4,7.45,6.550000000000001,7.65,7.5,8.55,2.0,4.0,2.0,2.0,2.0,8.55,10.55,10.55,8.55,8.55
CPAR-C10,7.45,7.45,9.45,6.4,4.4,6.4,9.45,7.45,7.45,7.45,9.45,7.45,7.45,7.45,7.45,7.45,9.45,6.4,7.450000000000001,7.450000000000001,7.450000000000001,7.450000000000001,7.450000000000001,7.450000000000001,7.450000000000001,7.450000000000001,7.450000000000001,7.450000000000001,7.450000000000001,7.450000000000001,7.450000000000001,5.450000000000001,5.450000000000001,5.450000000000001,6.550000000000001,6.4,6.4,5.450000000000001,5.450000000000001,5.450000000000001,5.450000000000001,5.450000000000001,5.450000000000001,5.450000000000001,5.450000000000001,5.450000000000001,5.450000000000001,5.450000000000001,5.450000000000001,5.450000000000001,5.450000000000001,7.45,7.45,7.45,7.45,5.300000000000001,5.300000000000001,3.3000000000000003,7.450000000000001,6.4,3.1,7.45,1.1,1.1,1.1,1.1,1.1,1.1,0.0,7.45,7.450000000000001,7.450000000000001,7.450000000000001,6.4,5.450000000000001,4.35,5.450000000000001,4.35,7.450000000000001,7.450000000000001,7.450000000000001,7.45,7.45,7.45,7.45,5.1,3.1,3.1,7.45,7.45,7.45,7.45,4.4,4.4,5.300000000000001,5.300000000000001,3.3000000000000003,5.300000000000001,5.300000000000001,2.2,3.1,3.1,5.1,3.1,7.45,7.45,7.45,7.45,6.4,6.4,6.4,3.1,3.1,3.1,3.1,3.1,3.1,3.1,3.1,7.450000000000001,7.45,7.45,7.45,9.45,7.45,7.45,5.1,3.1,5.1,3.1,3.1,5.1,3.1,3.1,3.3000000000000003,3.3000000000000003,3.3000000000000003,3.3000000000000003,3.1,3.1,3.1,5.1,3.1,3.1,7.45,9.45,11.45,7.45,9.45,7.45,7.45,7.45,7.45,9.45,7.45,8.55,10.549999999999999,6.550000000000001,1.1,7.65,2.2,3.3000000000000003,6.35,5.450000000000001,6.55,6.4,7.45,3.1,5.1,3.1,3.1,3.1,7.45,9.45,9.45,7.45,7.450000000000001
CREDU-0B-A94,6.2,6.2,8.2,9.450000000000001,7.450000000000001,9.450000000000001,8.2,6.2,6.2,6.2,8.2,6.2,6.2,6.2,6.2,6.2,8.2,9.450000000000001,10.4,10.4,10.4,10.4,10.4,10.4,10.4,10.4,10.4,10.4,10.4,10.4,10.4,8.4,8.4,8.4,9.5,9.450000000000001,9.450000000000001,8.4,4.2,4.2,4.2,4.2,4.2,4.2,4.2,4.2,4.2,4.2,2.0,4.2,4.2,6.2,6.2,6.2,6.2,8.350000000000001,8.350000000000001,6.3500000000000005,10.4,9.450000000000001,10.55,6.2,8.55,8.55,8.55,8.55,8.55,8.55,7.45,0.0,10.4,10.4,10.4,9.450000000000001,3.1,3.1,7.300000000000001,7.300000000000001,10.4,10.4,10.4,6.2,6.2,6.2,6.2,12.55,10.55,10.55,6.2,6.2,6.2,6.2,6.2,4.2,8.350000000000001,8.350000000000001,6.3500000000000005,8.350000000000001,8.350000000000001,5.25,10.55,10.55,12.55,10.55,6.2,6.2,6.2,6.2,9.450000000000001,9.450000000000001,9.450000000000001,10.55,10.55,10.55,10.55,10.55,10.55,10.55,10.55,10.4,6.2,6.2,6.2,8.2,6.2,6.2,12.55,10.55,12.55,10.55,10.55,12.55,10.55,10.55,5.25,5.25,6.3500000000000005,4.15,10.55,10.55,10.55,12.55,10.55,10.55,6.2,8.2,10.2,4.0,6.0,6.2,6.2,6.2,6.2,8.2,6.2,11.5,13.5,5.300000000000001,6.35,5.300000000000001,5.25,6.3500000000000005,7.300000000000001,4.2,4.2,9.450000000000001,6.2,10.55,12.55,10.55,10.55,10.55,6.2,8.2,8.2,6.2,10.4
CTBLOQ1-0A-A101,10.4,10.4,12.399999999999999,9.450000000000001,7.450000000000001,9.450000000000001,12.399999999999999,10.4,10.4,10.4,12.399999999999999,10.4,10.4,10.4,10.4,10.4,12.399999999999999,9.450000000000001,6.2,6.2,6.2,6.2,6.2,6.2,6.2,6.2,6.2,6.2,6.2,6.2,6.2,4.2,4.2,2.0,5.300000000000001,9.450000000000001,9.450000000000001,4.2,8.4,8.4,8.4,8.4,8.4,8.4,8.4,8.4,8.4,8.4,8.4,8.4,8.4,10.4,10.4,10.4,10.4,8.350000000000001,8.350000000000001,6.3500000000000005,4.0,9.450000000000001,10.55,10.4,8.55,8.55,8.55,8.55,8.55,8.55,7.450000000000001,10.4,0.0,4.0,4.0,9.450000000000001,7.300000000000001,7.300000000000001,3.1,3.1,6.2,6.2,6.2,10.4,10.4,10.4,10.4,12.55,10.55,10.55,10.4,10.4,10.4,10.4,4.2,6.2,8.350000000000001,8.350000000000001,6.3500000000000005,8.350000000000001,8.350000000000001,5.25,10.55,10.55,12.55,10.55,10.4,10.4,10.4,10.4,9.450000000000001,9.450000000000001,9.450000000000001,10.55,10.55,10.55,10.55,10.55,10.55,10.55,10.55,6.2,10.4,10.4,10.4,12.4,10.4,10.4,12.55,10.55,12.55,10.55,10.55,12.55,10.55,10.55,5.25,5.25,4.15,6.3500000000000005,10.55,10.55,10.55,12.55,10.55,10.55,10.4,12.4,14.4,10.4,12.4,10.4,10.4,10.4,10.4,12.4,10.4,7.300000000000001,9.3,7.1,6.3500000000000005,7.1,7.450000000000001,6.3500000000000005,5.1,8.2,8.2,9.450000000000001,10.4,10.55,12.55,10.55,10.55,10.55,10.4,12.4,12.4,10.4,4.0
CTBLOQ2-0A-A102,10.4,10.4,12.399999999999999,9.450000000000001,7.450000000000001,9.450000000000001,12.399999999999999,10.4,10.4,10.4,12.399999999999999,10.4,10.4,10.4,10.4,10.4,12.399999999999999,9.450000000000001,6.2,6.2,6.2,6.2,6.2,6.2,6.2,6.2,6.2,6.2,6.2,6.2,6.2,4.2,4.2,2.0,5.300000000000001,9.450000000000001,9.450000000000001,4.2,8.4,8.4,8.4,8.4,8.4,8.4,8.4,8.4,8.4,8.4,8.4,8.4,8.4,10.4,10.4,10.4,10.4,8.350000000000001,8.350000000000001,6.3500000000000005,4.0,9.450000000000001,10.55,10.4,8.55,8.55,8.55,8.55,8.55,8.55,7.450000000000001,10.4,4.0,0.0,4.0,9.450000000000001,7.300000000000001,7.300000000000001,3.1,3.1,6.2,6.2,6.2,10.4,10.4,10.4,10.4,12.55,10.55,10.55,10.4,10.4,10.4,10.4,4.2,6.2,8.350000000000001,8.350000000000001,6.3500000000000005,8.350000000000001,8.350000000000001,5.25,10.55,10.55,12.55,10.55,10.4,10.4,10.4,10.4,9.450000000000001,9.450000000000001,9.450000000000001,10.55,10.55,10.55,10.55,10.55,10.55,10.55,10.55,6.2,10.4,10.4,10.4,12.4,10.4,10.4,12.55,10.55,12.55,10.55,10.55,12.55,10.55,10.55,5.25,5.25,4.15,6.3500000000000005,10.55,10.55,10.55,12.55,10.55,10.55,10.4,12.4,14.4,10.4,12.4,10.4,10.4,10.4,10.4,12.4,10.4,7.300000000000001,9.3,7.1,6.3500000000000005,7.1,7.450000000000001,6.3500000000000005,5.1,8.2,8.2,9.450000000000001,10.4,10.55,12.55,10.55,10.55,10.55,10.4,12.4,12.4,10.4,4.0
CTBLOQ3-0A-A103,10.4,10.4,12.399999999999999,9.450000000000001,7.450000000000001,9.450000000000001,12.399999999999999,10.4,10.4,10.4,12.399999999999999,10.4,10.4,10.4,10.4,10.4,12.399999999999999,9.450000000000001,6.2,6.2,6.2,6.2,6.2,6.2,6.2,6.2,6.2,6.2,6.2,6.2,6.2,4.2,4.2,2.0,5.300000000000001,9.450000000000001,9.450000000000001,4.2,8.4,8.4,8.4,8.4,8.4,8.4,8.4,8.4,8.4,8.4,8.4,8.4,8.4,10.4,10.4,10.4,10.4,8.350000000000001,8.350000000000001,6.3500000000000005,4.0,9.450000000000001,10.55,10.4,8.55,8.55,8.55,8.55,8.55,8.55,7.450000000000001,10.4,4.0,4.0,0.0,9.450000000000001,7.300000000000001,7.300000000000001,3.1,3.1,6.2,6.2,6.2,10.4,10.4,10.4,10.4,12.55,10.55,10.55,10.4,10.4,10.4,10.4,4.2,6.2,8.350000000000001,8.350000000000001,6.3500000000000005,8.350000000000001,8.350000000000001,5.25,10.55,10.55,12.55,10.55,10.4,10.4,10.4,10.4,9.450000000000001,9.450000000000001,9.450000000000001,10.55,10.55,10.55,10.55,10.55,10.55,10.55,10.55,6.2,10.4,10.4,10.4,12.4,10.4,10.4,12.55,10.55,12.55,10.55,10.55,12.55,10.55,10.55,5.25,5.25,4.15,6.3500000000000005,10.55,10.55,10.55,12.55,10.55,10.55,10.4,12.4,14.4,10.4,12.4,10.4,10.4,10.4,10.4,12.4,10.4,7.300000000000001,9.3,7.1,6.3500000000000005,7.1,7.450000000000001,6.3500000000000005,5.1,8.2,8.2,9.450000000000001,10.4,10.55,12.55,10.55,10.55,10.55,10.4,12.4,12.4,10.4,4.0
DAN-1A-A11,9.450000000000001,9.450000000000001,11.45,4.0,2.0,4.0,11.45,9.450000000000001,9.450000000000001,9.450000000000001,11.45,9.450000000000001,9.450000000000001,9.450000000000001,9.450000000000001,9.450000000000001,11.45,4.0,9.450000000000001,9.450000000000001,9.450000000000001,9.450000000000001,9.450000000000001,9.450000000000001,9.450000000000001,9.450000000000001,9.450000000000001,9.450000000000001,9.450000000000001,9.450000000000001,9.450000000000001,7.450000000000001,7.450000000000001,7.450000000000001,8.55,4.0,4.0,7.450000000000001,7.450000000000001,7.450000000000001,7.450000000000001,7.450000000000001,7.450000000000001,7.450000000000001,7.450000000000001,7.450000000000001,7.450000000000001,7.450000000000001,7.450000000000001,7.450000000000001,7.450000000000001,9.450000000000001,9.450000000000001,9.450000000000001,9.450000000000001,7.300000000000001,7.300000000000001,5.300000000000001,9.450000000000001,4.0,9.5,9.450000000000001,7.5,7.5,7.5,7.5,7.5,7.5,6.4,9.450000000000001,9.450000000000001,9.450000000000001,9.450000000000001,0.0,6.4,6.35,7.450000000000001,6.35,9.450000000000001,9.450000000000001,9.450000000000001,9.450000000000001,9.450000000000001,9.450000000000001,9.450000000000001,11.5,9.5,9.5,9.450000000000001,9.450000000000001,9.450000000000001,9.450000000000001,6.4,5.300000000000001,7.300000000000001,7.300000000000001,5.300000000000001,7.300000000000001,7.300000000000001,4.2,9.5,9.5,11.5,9.5,9.450000000000001,9.450000000000001,9.450000000000001,9.450000000000001,4.0,4.0,4.0,9.5,9.5,9.5,9.5,9.5,9.5,9.5,9.5,9.450000000000001,9.450000000000001,9.450000000000001,9.450000000000001,11.450000000000001,9.450000000000001,9.450000000000001,11.5,9.5,11.5,9.5,9.5,11.5,9.5,9.5,5.300000000000001,4.2,5.300000000000001,5.300000000000001,9.5,9.5,9.5,11.5,9.5,9.5,9.450000000000001,11.450000000000001,13.450000000000001,9.450000000000001,11.450000000000001,9.450000000000001,9.450000000000001,9.450000000000001,9.450000000000001,11.450000000000001,9.450000000000001,10.55,12.549999999999999,8.55,5.300000000000001,8.6,6.4,3.1,8.35,7.450000000000001,7.5,4.0,9.450000000000001,9.5,11.5,9.5,9.5,9.5,9.450000000000001,11.450000000000001,11.450000000000001,9.450000000000001,9.450000000000001
DATCC-2A-C2,3.1,3.1,5.1,6.4,4.4,6.4,5.1,3.1,3.1,3.1,5.1,3.1,3.1,3.1,3.1,3.1,5.1,6.4,7.300000000000001,7.300000000000001,7.300000000000001,7.300000000000001,7.300000000000001,7.300000000000001,7.300000000000001,7.300000000000001,7.300000000000001,7.300000000000001,7.300000000000001,7.300000000000001,7.300000000000001,5.300000000000001,5.300000000000001,5.300000000000001,6.4,6.4,6.4,5.300000000000001,1.1,1.1,1.1,1.1,1.1,1.1,1.1,1.1,1.1,1.1,1.1,1.1,1.1,3.1,3.1,3.1,3.1,6.3500000000000005,6.3500000000000005,4.3500000000000005,7.300000000000001,6.4,8.55,3.1,6.550000000000001,6.550000000000001,6.550000000000001,6.550000000000001,6.550000000000001,6.550000000000001,5.450000000000001,3.1,7.300000000000001,7.300000000000001,7.300000000000001,6.4,0.0,1.1,4.2,4.2,7.300000000000001,7.300000000000001,7.300000000000001,3.1,3.1,3.1,3.1,10.55,8.55,8.55,3.1,3.1,3.1,3.1,3.1,1.1,6.3500000000000005,6.3500000000000005,4.3500000000000005,6.3500000000000005,6.3500000000000005,3.2500000000000004,8.55,8.55,10.55,8.55,3.1,3.1,3.1,3.1,6.4,6.4,6.4,8.55,8.55,8.55,8.55,8.55,8.55,8.55,8.55,7.300000000000001,3.1,3.1,3.1,5.1,3.1,3.1,10.55,8.55,10.55,8.55,8.55,10.55,8.55,8.55,3.2500000000000004,2.2,3.3000000000000003,2.1500000000000004,8.55,8.55,8.55,10.55,8.55,8.55,3.1,5.1,7.1,3.1,5.1,3.1,3.1,3.1,3.1,5.1,3.1,8.4,10.4,3.3000000000000003,4.3500000000000005,2.2,3.2500000000000004,3.3000000000000003,4.2,2.2,1.1,6.4,3.1,8.55,10.55,8.55,8.55,8.55,3.1,5.1,5.1,3.1,7.300000000000001
DATCC-2A-C3,3.1,3.1,5.1,6.35,4.35,6.35,5.1,3.1,3.1,3.1,5.1,3.1,3.1,3.1,3.1,3.1,5.1,6.35,7.300000000000001,7.300000000000001,7.300000000000001,7.300000000000001,7.300000000000001,7.300000000000001,7.300000000000001,7.300000000000001,7.300000000000001,7.300000000000001,7.300000000000001,7.300000000000001,7.300000000000001,5.300000000000001,5.300000000000001,5.300000000000001,6.4,6.35,6.35,5.300000000000001,1.1,1.1,1.1,1.1,1.1,1.1,1.1,1.1,1.1,1.1,1.1,1.1,1.1,3.1,3.1,3.1,3.1,5.25,5.25,3.25,7.300000000000001,6.35,7.45,3.1,5.45,5.45,5.45,5.45,5.45,5.45,4.35,3.1,7.300000000000001,7.300000000000001,7.300000000000001,6.35,1.1,0.0,4.2,4.2,7.300000000000001,7.300000000000001,7.300000000000001,3.1,3.1,3.1,3.1,9.45,7.45,7.45,3.1,3.1,3.1,3.1,3.1,1.1,5.25,5.25,3.25,5.25,5.25,2.1500000000000004,7.45,7.45,9.45,7.45,3.1,3.1,3.1,3.1,6.35,6.35,6.35,7.45,7.45,7.45,7.45,7.45,7.45,7.45,7.45,7.300000000000001,3.1,3.1,3.1,5.1,3.1,3.1,9.45,7.45,9.45,7.45,7.45,9.45,7.45,7.45,2.1500000000000004,2.1500000000000004,3.25,1.05,7.45,7.45,7.45,9.45,7.45,7.45,3.1,5.1,7.1,3.1,5.1,3.1,3.1,3.1,3.1,5.1,3.1,8.4,10.4,2.2,3.25,3.3000000000000003,2.1500000000000004,3.25,4.2,1.1,2.2,6.35,3.1,7.45,9.45,7.45,7.45,7.45,3.1,5.1,5.1,3.1,7.300000000000001
DT-0A-C12,7.300000000000001,7.300000000000001,9.299999999999999,7.450000000000001,5.450000000000001,7.450000000000001,9.299999999999999,7.300000000000001,7.300000000000001,7.300000000000001,9.299999999999999,7.300000000000001,7.300000000000001,7.300000000000001,7.300000000000001,7.300000000000001,9.299999999999999,7.450000000000001,3.1,3.1,3.1,3.1,3.1,3.1,3.1,3.1,3.1,3.1,3.1,3.1,3.1,1.1,1.1,1.1,2.2,7.450000000000001,7.450000000000001,1.1,5.300000000000001,5.300000000000001,5.300000000000001,5.300000000000001,5.300000000000001,5.300000000000001,5.300000000000001,5.300000000000001,5.300000000000001,5.300000000000001,5.300000000000001,5.300000000000001,5.300000000000001,7.300000000000001,7.300000000000001,7.300000000000001,7.300000000000001,6.3500000000000005,6.3500000000000005,4.3500000000000005,3.1,7.450000000000001,8.55,7.300000000000001,6.550000000000001,6.550000000000001,6.550000000000001,6.550000000000001,6.550000000000001,6.550000000000001,5.450000000000001,7.300000000000001,3.1,3.1,3.1,7.450000000000001,4.2,4.2,0.0,1.1,3.1,3.1,3.1,7.300000000000001,7.300000000000001,7.300000000000001,7.300000000000001,10.55,8.55,8.55,7.300000000000001,7.300000000000001,7.300000000000001,7.300000000000001,1.1,3.1,6.3500000000000005,6.3500000000000005,4.3500000000000005,6.3500000000000005,6.3500000000000005,3.2500000000000004,8.55,8.55,10.55,8.55,7.300000000000001,7.300000000000001,7.300000000000001,7.300000000000001,7.450000000000001,7.450000000000001,7.450000000000001,8.55,8.55,8.55,8.55,8.55,8.55,8.55,8.55,3.1,7.300000000000001,7.300000000000001,7.300000000000001,9.3,7.300000000000001,7.300000000000001,10.55,8.55,10.55,8.55,8.55,10.55,8.55,8.55,2.2,3.2500000000000004,2.1500000000000004,3.3000000000000003,8.55,8.55,8.55,10.55,8.55,8.55,7.300000000000001,9.3,11.3,7.300000000000001,9.3,7.300000000000001,7.300000000000001,7.300000000000001,7.300000000000001,9.3,7.300000000000001,4.2,6.2,4.0,4.3500000000000005,4.0,4.4,4.3500000000000005,2.0,5.1,5.1,7.450000000000001,7.300000000000001,8.55,10.55,8.55,8.55,8.55,7.300000000000001,9.3,9.3,7.300000000000001,3.1
DT-0A-C13,7.300000000000001,7.300000000000001,9.299999999999999,6.35,4.35,6.35,9.299999999999999,7.300000000000001,7.300000000000001,7.300000000000001,9.299999999999999,7.300000000000001,7.300000000000001,7.300000000000001,7.300000000000001,7.300000000000001,9.299999999999999,6.35,3.1,3.1,3.1,3.1,3.1,3.1,3.1,3.1,3.1,3.1,3.1,3.1,3.1,1.1,1.1,1.1,2.2,6.35,6.35,1.1,5.300000000000001,5.300000000000001,5.300000000000001,5.300000000000001,5.300000000000001,5.300000000000001,5.300000000000001,5.300000000000001,5.300000000000001,5.300000000000001,5.300000000000001,5.300000000000001,5.300000000000001,7.300000000000001,7.300000000000001,7.300000000000001,7.300000000000001,5.25,5.25,3.25,3.1,6.35,7.45,7.300000000000001,5.45,5.45,5.45,5.45,5.45,5.45,4.35,7.300000000000001,3.1,3.1,3.1,6.35,4.2,4.2,1.1,0.0,3.1,3.1,3.1,7.300000000000001,7.300000000000001,7.300000000000001,7.300000000000001,9.45,7.45,7.45,7.300000000000001,7.300000000000001,7.300000000000001,7.300000000000001,1.1,3.1,5.25,5.25,3.25,5.25,5.25,2.1500000000000004,7.45,7.45,9.45,7.45,7.300000000000001,7.300000000000001,7.300000000000001,7.300000000000001,6.35,6.35,6.35,7.45,7.45,7.45,7.45,7.45,7.45,7.45,7.45,3.1,7.300000000000001,7.300000000000001,7.300000000000001,9.3,7.300000000000001,7.300000000000001,9.45,7.45,9.45,7.45,7.45,9.45,7.45,7.45,2.1500000000000004,2.1500000000000004,1.05,3.25,7.45,7.45,7.45,9.45,7.45,7.45,7.300000000000001,9.3,11.3,7.300000000000001,9.3,7.300000000000001,7.300000000000001,7.300000000000001,7.300000000000001,9.3,7.300000000000001,4.2,6.2,4.0,3.25,4.0,4.35,3.25,2.0,5.1,5.1,6.35,7.300000000000001,7.45,9.45,7.45,7.45,7.45,7.300000000000001,9.3,9.3,7.300000000000001,3.1
EA-0A-A114,10.4,10.4,12.399999999999999,9.450000000000001,7.450000000000001,9.450000000000001,12.399999999999999,10.4,10.4,10.4,12.399999999999999,10.4,10.4,10.4,10.4,10.4,12.399999999999999,9.450000000000001,6.2,6.2,6.2,6.2,6.2,6.2,6.2,6.2,6.2,6.2,6.2,6.2,6.2,4.2,4.2,4.2,3.1,9.450000000000001,9.450000000000001,2.0,8.4,8.4,8.4,8.4,8.4,8.4,8.4,8.4,8.4,8.4,8.4,8.4,8.4,10.4,10.4,10.4,10.4,8.350000000000001,8.350000000000001,6.3500000000000005,6.2,9.450000000000001,10.55,10.4,8.55,8.55,8.55,8.55,8.55,8.55,7.450000000000001,10.4,6.2,6.2,6.2,9.450000000000001,7.300000000000001,7.300000000000001,3.1,3.1,0.0,4.0,4.0,10.4,10.4,10.4,10.4,12.55,10.55,10.55,10.4,10.4,10.4,10.4,4.2,6.2,8.350000000000001,8.350000000000001,6.3500000000000005,8.350000000000001,8.350000000000001,5.25,10.55,10.55,12.55,10.55,10.4,10.4,10.4,10.4,9.450000000000001,9.450000000000001,9.450000000000001,10.55,10.55,10.55,10.55,10.55,10.55,10.55,10.55,6.2,10.4,10.4,10.4,12.4,10.4,10.4,12.55,10.55,12.55,10.55,10.55,12.55,10.55,10.55,5.25,5.25,4.15,6.3500000000000005,10.55,10.55,10.55,12.55,10.55,10.55,10.4,12.4,14.4,10.4,12.4,10.4,10.4,10.4,10.4,12.4,10.4,5.1,7.1,7.1,6.3500000000000005,7.1,7.450000000000001,6.3500000000000005,5.1,8.2,8.2,9.450000000000001,10.4,10.55,12.55,10.55,10.55,10.55,10.4,12.4,12.4,10.4,6.2
EA-1A-A115,10.4,10.4,12.399999999999999,9.450000000000001,7.450000000000001,9.450000000000001,12.399999999999999,10.4,10.4,10.4,12.399999999999999,10.4,10.4,10.4,10.4,10.4,12.399999999999999,9.450000000000001,6.2,6.2,6.2,6.2,6.2,6.2,6.2,6.2,6.2,6.2,6.2,6.2,6.2,4.2,4.2,4.2,3.1,9.450000000000001,9.450000000000001,2.0,8.4,8.4,8.4,8.4,8.4,8.4,8.4,8.4,8.4,8.4,8.4,8.4,8.4,10.4,10.4,10.4,10.4,8.350000000000001,8.350000000000001,6.3500000000000005,6.2,9.450000000000001,10.55,10.4,8.55,8.55,8.55,8.55,8.55,8.55,7.450000000000001,10.4,6.2,6.2,6.2,9.450000000000001,7.300000000000001,7.300000000000001,3.1,3.1,4.0,0.0,4.0,10.4,10.4,10.4,10.4,12.55,10.55,10.55,10.4,10.4,10.4,10.4,4.2,6.2,8.350000000000001,8.350000000000001,6.3500000000000005,8.350000000000001,8.350000000000001,5.25,10.55,10.55,12.55,10.55,10.4,10.4,10.4,10.4,9.450000000000001,9.450000000000001,9.450000000000001,10.55,10.55,10.55,10.55,10.55,10.55,10.55,10.55,6.2,10.4,10.4,10.4,12.4,10.4,10.4,12.55,10.55,12.55,10.55,10.55,12.55,10.55,10.55,5.25,5.25,4.15,6.3500000000000005,10.55,10.55,10.55,12.55,10.55,10.55,10.4,12.4,14.4,10.4,12.4,10.4,10.4,10.4,10.4,12.4,10.4,5.1,7.1,7.1,6.3500000000000005,7.1,7.450000000000001,6.3500000000000005,5.1,8.2,8.2,9.450000000000001,10.4,10.55,12.55,10.55,10.55,10.55,10.4,12.4,12.4,10.4,6.2
EA-1A-A116,10.4,10.4,12.399999999999999,9.450000000000001,7.450000000000001,9.450000000000001,12.399999999999999,10.4,10.4,10.4,12.399999999999999,10.4,10.4,10.4,10.4,10.4,12.399999999999999,9.450000000000001,6.2,6.2,6.2,6.2,6.2,6.2,6.2,6.2,6.2,6.2,6.2,6.2,6.2,4.2,4.2,4.2,3.1,9.450000000000001,9.450000000000001,2.0,8.4,8.4,8.4,8.4,8.4,8.4,8.4,8.4,8.4,8.4,8.4,8.4,8.4,10.4,10.4,10.4,10.4,8.350000000000001,8.350000000000001,6.3500000000000005,6.2,9.450000000000001,10.55,10.4,8.55,8.55,8.55,8.55,8.55,8.55,7.450000000000001,10.4,6.2,6.2,6.2,9.450000000000001,7.300000000000001,7.300000000000001,3.1,3.1,4.0,4.0,0.0,10.4,10.4,10.4,10.4,12.55,10.55,10.55,10.4,10.4,10.4,10.4,4.2,6.2,8.350000000000001,8.350000000000001,6.3500000000000005,8.350000000000001,8.350000000000001,5.25,10.55,10.55,12.55,10.55,10.4,10.4,10.4,10.4,9.450000000000001,9.450000000000001,9.450000000000001,10.55,10.55,10.55,10.55,10.55,10.55,10.55,10.55,6.2,10.4,10.4,10.4,12.4,10.4,10.4,12.55,10.55,12.55,10.55,10.55,12.55,10.55,10.55,5.25,5.25,4.15,6.3500000000000005,10.55,10.55,10.55,12.55,10.55,10.55,10.4,12.4,14.4,10.4,12.4,10.4,10.4,10.4,10.4,12.4,10.4,5.1,7.1,7.1,6.3500000000000005,7.1,7.450000000000001,6.3500000000000005,5.1,8.2,8.2,9.450000000000001,10.4,10.55,12.55,10.55,10.55,10.55,10.4,12.4,12.4,10.4,6.2
ECOK1-1A-A101,6.2,6.2,8.2,9.450000000000001,7.450000000000001,9.450000000000001,8.2,6.2,6.2,6.2,8.2,6.2,6.2,6.2,6.2,6.2,8.2,9.450000000000001,10.4,10.4,10.4,10.4,10.4,10.4,10.4,10.4,10.4,10.4,10.4,10.4,10.4,8.4,8.4,8.4,9.5,9.450000000000001,9.450000000000001,8.4,4.2,4.2,4.2,4.2,4.2,2.0,4.2,4.2,4.2,4.2,4.2,4.2,4.2,6.2,6.2,6.2,6.2,8.350000000000001,8.350000000000001,6.3500000000000005,10.4,9.450000000000001,10.55,6.2,8.55,8.55,8.55,8.55,8.55,8.55,7.45,6.2,10.4,10.4,10.4,9.450000000000001,3.1,3.1,7.300000000000001,7.300000000000001,10.4,10.4,10.4,0.0,4.0,4.0,6.2,12.55,10.55,10.55,6.2,6.2,6.2,6.2,6.2,4.2,8.350000000000001,8.350000000000001,6.3500000000000005,8.350000000000001,8.350000000000001,5.25,10.55,10.55,12.55,10.55,6.2,6.2,6.2,6.2,9.450000000000001,9.450000000000001,9.450000000000001,10.55,10.55,10.55,10.55,10.55,10.55,10.55,10.55,10.4,6.2,6.2,6.2,8.2,6.2,6.2,12.55,10.55,12.55,10.55,10.55,12.55,10.55,10.55,5.25,5.25,6.3500000000000005,4.15,10.55,10.55,10.55,12.55,10.55,10.55,6.2,8.2,10.2,6.2,8.2,6.2,6.2,6.2,6.2,8.2,6.2,11.5,13.5,5.300000000000001,6.35,5.300000000000001,5.25,6.3500000000000005,7.300000000000001,4.2,4.2,9.450000000000001,6.2,10.55,12.55,10.55,10.55,10.55,4.0,6.0,6.0,6.2,10.4
ECOK1-1A-A102,6.2,6.2,8.2,9.450000000000001,7.450000000000001,9.450000000000001,8.2,6.2,6.2,6.2,8.2,6.2,6.2,6.2,6.2,6.2,8.2,9.450000000000001,10.4,10.4,10.4,10.4,10.4,10.4,10.4,10.4,10.4,10.4,10.4,10.4,10.4,8.4,8.4,8.4,9.5,9.450000000000001,9.450000000000001,8.4,4.2,4.2,4.2,4.2,4.2,2.0,4.2,4.2,4.2,4.2,4.2,4.2,4.2,6.2,6.2,6.2,6.2,8.350000000000001,8.350000000000001,6.3500000000000005,10.4,9.450000000000001,10.55,6.2,8.55,8.55,8.55,8.55,8.55,8.55,7.45,6.2,10.4,10.4,10.4,9.450000000000001,3.1,3.1,7.300000000000001,7.300000000000001,10.4,10.4,10.4,4.0,0.0,4.0,6.2,12.55,10.55,10.55,6.2,6.2,6.2,6.2,6.2,4.2,8.350000000000001,8.350000000000001,6.3500000000000005,8.350000000000001,8.350000000000001,5.25,10.55,10.55,12.55,10.55,6.2,6.2,6.2,6.2,9.450000000000001,9.450000000000001,9.450000000000001,10.55,10.55,10.55,10.55,10.55,10.55,10.55,10.55,10.4,6.2,6.2,6.2,8.2,6.2,6.2,12.55,10.55,12.55,10.55,10.55,12.55,10.55,10.55,5.25,5.25,6.3500000000000005,4.15,10.55,10.55,10.55,12.55,10.55,10.55,6.2,8.2,10.2,6.2,8.2,6.2,6.2,6.2,6.2,8.2,6.2,11.5,13.5,5.300000000000001,6.35,5.300000000000001,5.25,6.3500000000000005,7.300000000000001,4.2,4.2,9.450000000000001,6.2,10.55,12.55,10.55,10.55,10.55,4.0,6.0,6.0,6.2,10.4
ECOK2-1A-A52,6.2,6.2,8.2,9.450000000000001,7.450000000000001,9.450000000000001,8.2,6.2,6.2,6.2,8.2,6.2,6.2,6.2,6.2,6.2,8.2,9.450000000000001,10.4,10.4,10.4,10.4,10.4,10.4,10.4,10.4,10.4,10.4,10.4,10.4,10.4,8.4,8.4,8.4,9.5,9.450000000000001,9.450000000000001,8.4,4.2,4.2,4.2,4.2,4.2,2.0,4.2,4.2,4.2,4.2,4.2,4.2,4.2,6.2,6.2,6.2,6.2,8.350000000000001,8.350000000000001,6.3500000000000005,10.4,9.450000000000001,10.55,6.2,8.55,8.55,8.55,8.55,8.55,8.55,7.45,6.2,10.4,10.4,10.4,9.450000000000001,3.1,3.1,7.300000000000001,7.300000000000001,10.4,10.4,10.4,4.0,4.0,0.0,6.2,12.55,10.55,10.55,6.2,6.2,6.2,6.2,6.2,4.2,8.350000000000001,8.350000000000001,6.3500000000000005,8.350000000000001,8.350000000000001,5.25,10.55,10.55,12.55,10.55,6.2,6.2,6.2,6.2,9.450000000000001,9.450000000000001,9.450000000000001,10.55,10.55,10.55,10.55,10.55,10.55,10.55,10.55,10.4,6.2,6.2,6.2,8.2,6.2,6.2,12.55,10.55,12.55,10.55,10.55,12.55,10.55,10.55,5.25,5.25,6.3500000000000005,4.15,10.55,10.55,10.55,12.55,10.55,10.55,6.2,8.2,10.2,6.2,8.2,6.2,6.2,6.2,6.2,8.2,6.2,11.5,13.5,5.300000000000001,6.35,5.300000000000001,5.25,6.3500000000000005,7.300000000000001,4.2,4.2,9.450000000000001,6.2,10.55,12.55,10.55,10.55,10.55,4.0,6.0,6.0,6.2,10.4
ECOK3-0A-A63,6.2,6.2,8.2,9.450000000000001,7.450000000000001,9.450000000000001,8.2,6.2,6.2,6.2,8.2,6.2,6.2,6.2,6.2,6.2,8.2,9.450000000000001,10.4,10.4,10.4,10.4,10.4,10.4,10.4,10.4,10.4,10.4,10.4,10.4,10.4,8.4,8.4,8.4,9.5,9.450000000000001,9.450000000000001,8.4,4.2,4.2,4.2,4.2,4.2,4.2,4.2,4.2,4.2,2.0,4.2,4.2,4.2,6.2,6.2,6.2,6.2,8.350000000000001,8.350000000000001,6.3500000000000005,10.4,9.450000000000001,10.55,6.2,8.55,8.55,8.55,8.55,8.55,8.55,7.45,6.2,10.4,10.4,10.4,9.450000000000001,3.1,3.1,7.300000000000001,7.300000000000001,10.4,10.4,10.4,6.2,6.2,6.2,0.0,12.55,10.55,10.55,6.2,6.2,6.2,6.2,6.2,4.2,8.350000000000001,8.350000000000001,6.3500000000000005,8.350000000000001,8.350000000000001,5.25,10.55,10.55,12.55,10.55,6.2,6.2,6.2,6.2,9.450000000000001,9.450000000000001,9.450000000000001,10.55,10.55,10.55,10.55,10.55,10.55,10.55,10.55,10.4,4.0,4.0,4.0,6.0,4.0,4.0,12.55,10.55,12.55,10.55,10.55,12.55,10.55,10.55,5.25,5.25,6.3500000000000005,4.15,10.55,10.55,10.55,12.55,10.55,10.55,6.2,8.2,10.2,6.2,8.2,6.2,6.2,6.2,6.2,8.2,6.2,11.5,13.5,5.300000000000001,6.35,5.300000000000001,5.25,6.3500000000000005,7.300000000000001,4.2,4.2,9.450000000000001,6.2,10.55,12.55,10.55,10.55,10.55,6.2,8.2,8.2,6.2,10.4
ENF-2B-A122,12.55,12.55,14.55,11.5,9.5,11.5,14.55,12.55,12.55,12.55,14.55,12.55,12.55,12.55,12.55,12.55,14.55,11.5,12.55,12.55,12.55,12.55,12.55,12.55,12.55,12.55,12.55,12.55,12.55,12.55,12.55,10.55,10.55,10.55,11.65,11.5,11.5,10.55,10.55,10.55,10.55,10.55,10.55,10.55,10.55,10.55,10.55,10.55,10.55,10.55,10.55,12.55,12.55,12.55,12.55,10.4,10.4,8.4,12.55,11.5,8.2,12.55,6.2,4.0,6.2,6.2,6.2,6.2,5.1,12.55,12.55,12.55,12.55,11.5,10.55,9.45,10.55,9.45,12.55,12.55,12.55,12.55,12.55,12.55,12.55,0.0,2.0,6.0,12.55,12.55,12.55,12.55,9.5,9.5,10.4,10.4,8.4,10.4,10.4,7.300000000000001,8.2,8.2,10.2,8.2,12.55,12.55,12.55,12.55,11.5,11.5,11.5,8.2,8.2,8.2,8.2,8.2,8.2,8.2,8.2,12.55,12.55,12.55,12.55,14.55,12.55,12.55,10.2,8.2,10.2,8.2,8.2,10.2,8.2,8.2,8.4,8.4,8.4,8.4,8.2,8.2,8.2,10.2,8.2,8.2,12.55,14.55,16.55,12.55,14.55,12.55,12.55,12.55,12.55,14.55,12.55,13.65,15.649999999999999,11.65,6.2,12.75,7.300000000000001,8.4,11.45,10.55,11.65,11.5,12.55,8.2,10.2,8.2,8.2,8.2,12.55,14.55,14.55,12.55,12.55
ENF-2B-A22,10.55,10.55,12.55,9.5,7.5,9.5,12.55,10.55,10.55,10.55,12.55,10.55,10.55,10.55,10.55,10.55,12.55,9.5,10.55,10.55,10.55,10.55,10.55,10.55,10.55,10.55,10.55,10.55,10.55,10.55,10.55,8.55,8.55,8.55,9.65,9.5,9.5,8.55,8.55,8.55,8.55,8.55,8.55,8.55,8.55,8.55,8.55,8.55,8.55,8.55,8.55,10.55,10.55,10.55,10.55,8.4,8.4,6.4,10.55,9.5,6.2,10.55,4.2,2.0,4.2,4.2,4.2,4.2,3.1,10.55,10.55,10.55,10.55,9.5,8.55,7.45,8.55,7.45,10.55,10.55,10.55,10.55,10.55,10.55,10.55,2.0,0.0,4.0,10.55,10.55,10.55,10.55,7.5,7.5,8.4,8.4,6.4,8.4,8.4,5.300000000000001,6.2,6.2,8.2,6.2,10.55,10.55,10.55,10.55,9.5,9.5,9.5,6.2,6.2,6.2,6.2,6.2,6.2,6.2,6.2,10.55,10.55,10.55,10.55,12.55,10.55,10.55,8.2,6.2,8.2,6.2,6.2,8.2,6.2,6.2,6.4,6.4,6.4,6.4,6.2,6.2,6.2,8.2,6.2,6.2,10.55,12.55,14.55,10.55,12.55,10.55,10.55,10.55,10.55,12.55,10.55,11.65,13.649999999999999,9.65,4.2,10.75,5.300000000000001,6.4,9.45,8.55,9.65,9.5,10.55,6.2,8.2,6.2,6.2,6.2,10.55,12.55,12.55,10.55,10.55
ENF-3A-A21,10.55,10.55,12.55,9.5,7.5,9.5,12.55,10.55,10.55,10.55,12.55,10.55,10.55,10.55,10.55,10.55,12.55,9.5,10.55,10.55,10.55,10.55,10.55,10.55,10.55,10.55,10.55,10.55,10.55,10.55,10.55,8.55,8.55,8.55,9.65,9.5,9.5,8.55,8.55,8.55,8.55,8.55,8.55,8.55,8.55,8.55,8.55,8.55,8.55,8.55,8.55,10.55,10.55,10.55,10.55,8.4,8.4,6.4,10.55,9.5,6.2,10.55,4.2,2.0,4.2,4.2,4.2,4.2,3.1,10.55,10.55,10.55,10.55,9.5,8.55,7.45,8.55,7.45,10.55,10.55,10.55,10.55,10.55,10.55,10.55,6.0,4.0,0.0,10.55,10.55,10.55,10.55,7.5,7.5,8.4,8.4,6.4,8.4,8.4,5.300000000000001,6.2,6.2,8.2,6.2,10.55,10.55,10.55,10.55,9.5,9.5,9.5,6.2,6.2,6.2,6.2,6.2,6.2,6.2,6.2,10.55,10.55,10.55,10.55,12.55,10.55,10.55,8.2,6.2,8.2,6.2,6.2,8.2,6.2,6.2,6.4,6.4,6.4,6.4,6.2,6.2,6.2,8.2,6.2,6.2,10.55,12.55,14.55,10.55,12.55,10.55,10.55,10.55,10.55,12.55,10.55,11.65,13.649999999999999,9.65,4.2,10.75,5.300000000000001,6.4,9.45,8.55,9.65,9.5,10.55,6.2,8.2,6.2,6.2,6.2,10.55,12.55,12.55,10.55,10.55
FILOA-0B-A56,6.2,6.2,8.2,9.450000000000001,7.450000000000001,9.450000000000001,8.2,6.2,6.2,6.2,8.2,6.2,6.2,6.2,6.2,6.2,8.2,9.450000000000001,10.4,10.4,10.4,10.4,10.4,10.4,10.4,10.4,10.4,10.4,10.4,10.4,10.4,8.4,8.4,8.4,9.5,9.450000000000001,9.450000000000001,8.4,4.2,4.2,4.2,4.2,4.2,4.2,2.0,4.2,4.2,4.2,4.2,4.2,4.2,6.2,6.2,6.2,6.2,8.350000000000001,8.350000000000001,6.3500000000000005,10.4,9.450000000000001,10.55,6.2,8.55,8.55,8.55,8.55,8.55,8.55,7.45,6.2,10.4,10.4,10.4,9.450000000000001,3.1,3.1,7.300000000000001,7.300000000000001,10.4,10.4,10.4,6.2,6.2,6.2,6.2,12.55,10.55,10.55,0.0,4.0,6.2,6.2,6.2,4.2,8.350000000000001,8.350000000000001,6.3500000000000005,8.350000000000001,8.350000000000001,5.25,10.55,10.55,12.55,10.55,6.2,6.2,6.2,6.2,9.450000000000001,9.450000000000001,9.450000000000001,10.55,10.55,10.55,10.55,10.55,10.55,10.55,10.55,10.4,6.2,6.2,6.2,8.2,6.2,6.2,12.55,10.55,12.55,10.55,10.55,12.55,10.55,10.55,5.25,5.25,6.3500000000000005,4.15,10.55,10.55,10.55,12.55,10.55,10.55,4.0,6.0,8.0,6.2,8.2,6.2,6.2,6.2,6.2,8.2,6.2,11.5,13.5,5.300000000000001,6.35,5.300000000000001,5.25,6.3500000000000005,7.300000000000001,4.2,4.2,9.450000000000001,6.2,10.55,12.55,10.55,10.55,10.55,6.2,8.2,8.2,6.2,10.4
FILOA-2A-A55,6.2,6.2,8.2,9.450000000000001,7.450000000000001,9.450000000000001,8.2,6.2,6.2,6.2,8.2,6.2,6.2,6.2,6.2,6.2,8.2,9.450000000000001,10.4,10.4,10.4,10.4,10.4,10.4,10.4,10.4,10.4,10.4,10.4,10.4,10.4,8.4,8.4,8.4,9.5,9.450000000000001,9.450000000000001,8.4,4.2,4.2,4.2,4.2,4.2,4.2,2.0,4.2,4.2,4.2,4.2,4.2,4.2,6.2,6.2,6.2,6.2,8.350000000000001,8.350000000000001,6.3500000000000005,10.4,9.450000000000001,10.55,6.2,8.55,8.55,8.55,8.55,8.55,8.55,7.45,6.2,10.4,10.4,10.4,9.450000000000001,3.1,3.1,7.300000000000001,7.300000000000001,10.4,10.4,10.4,6.2,6.2,6.2,6.2,12.55,10.55,10.55,4.0,0.0,6.2,6.2,6.2,4.2,8.350000000000001,8.350000000000001,6.3500000000000005,8.350000000000001,8.350000000000001,5.25,10.55,10.55,12.55,10.55,6.2,6.2,6.2,6.2,9.450000000000001,9.450000000000001,9.450000000000001,10.55,10.55,10.55,10.55,10.55,10.55,10.55,10.55,10.4,6.2,6.2,6.2,8.2,6.2,6.2,12.55,10.55,12.55,10.55,10.55,12.55,10.55,10.55,5.25,5.25,6.3500000000000005,4.15,10.55,10.55,10.55,12.55,10.55,10.55,4.0,6.0,8.0,6.2,8.2,6.2,6.2,6.2,6.2,8.2,6.2,11.5,13.5,5.300000000000001,6.35,5.300000000000001,5.25,6.3500000000000005,7.300000000000001,4.2,4.2,9.450000000000001,6.2,10.55,12.55,10.55,10.55,10.55,6.2,8.2,8.2,6.2,10.4
FILOB-1B-A58,6.2,6.2,8.2,9.450000000000001,7.450000000000001,9.450000000000001,8.2,6.2,6.2,6.2,8.2,6.2,6.2,6.2,6.2,6.2,8.2,9.450000000000001,10.4,10.4,10.4,10.4,10.4,10.4,10.4,10.4,10.4,10.4,10.4,10.4,10.4,8.4,8.4,8.4,9.5,9.450000000000001,9.450000000000001,8.4,4.2,4.2,4.2,4.2,4.2,4.2,4.2,2.0,4.2,4.2,4.2,4.2,4.2,6.2,6.2,6.2,6.2,8.350000000000001,8.350000000000001,6.3500000000000005,10.4,9.450000000000001,10.55,6.2,8.55,8.55,8.55,8.55,8.55,8.55,7.45,6.2,10.4,10.4,10.4,9.450000000000001,3.1,3.1,7.300000000000001,7.300000000000001,10.4,10.4,10.4,6.2,6.2,6.2,6.2,12.55,10.55,10.55,6.2,6.2,0.0,4.0,6.2,4.2,8.350000000000001,8.350000000000001,6.3500000000000005,8.350000000000001,8.350000000000001,5.25,10.55,10.55,12.55,10.55,6.2,6.2,6.2,6.2,9.450000000000001,9.450000000000001,9.450000000000001,10.55,10.55,10.55,10.55,10.55,10.55,10.55,10.55,10.4,6.2,6.2,6.2,8.2,6.2,6.2,12.55,10.55,12.55,10.55,10.55,12.55,10.55,10.55,5.25,5.25,6.3500000000000005,4.15,10.55,10.55,10.55,12.55,10.55,10.55,6.2,8.2,10.2,6.2,8.2,6.2,6.2,6.2,6.2,8.2,6.2,11.5,13.5,5.300000000000001,6.35,5.300000000000001,5.25,6.3500000000000005,7.300000000000001,4.2,4.2,9.450000000000001,6.2,10.55,12.55,10.55,10.55,10.55,6.2,8.2,8.2,6.2,10.4
FILOB-2A-A57,6.2,6.2,8.2,9.450000000000001,7.450000000000001,9.450000000000001,8.2,6.2,6.2,6.2,8.2,6.2,6.2,6.2,6.2,6.2,8.2,9.450000000000001,10.4,10.4,10.4,10.4,10.4,10.4,10.4,10.4,10.4,10.4,10.4,10.4,10.4,8.4,8.4,8.4,9.5,9.450000000000001,9.450000000000001,8.4,4.2,4.2,4.2,4.2,4.2,4.2,4.2,2.0,4.2,4.2,4.2,4.2,4.2,6.2,6.2,6.2,6.2,8.350000000000001,8.350000000000001,6.3500000000000005,10.4,9.450000000000001,10.55,6.2,8.55,8.55,8.55,8.55,8.55,8.55,7.45,6.2,10.4,10.4,10.4,9.450000000000001,3.1,3.1,7.300000000000001,7.300000000000001,10.4,10.4,10.4,6.2,6.2,6.2,6.2,12.55,10.55,10.55,6.2,6.2,4.0,0.0,6.2,4.2,8.350000000000001,8.350000000000001,6.3500000000000005,8.350000000000001,8.350000000000001,5.25,10.55,10.55,12.55,10.55,6.2,6.2,6.2,6.2,9.450000000000001,9.450000000000001,9.450000000000001,10.55,10.55,10.55,10.55,10.55,10.55,10.55,10.55,10.4,6.2,6.2,6.2,8.2,6.2,6.2,12.55,10.55,12.55,10.55,10.55,12.55,10.55,10.55,5.25,5.25,6.3500000000000005,4.15,10.55,10.55,10.55,12.55,10.55,10.55,6.2,8.2,10.2,6.2,8.2,6.2,6.2,6.2,6.2,8.2,6.2,11.5,13.5,5.300000000000001,6.35,5.300000000000001,5.25,6.3500000000000005,7.300000000000001,4.2,4.2,9.450000000000001,6.2,10.55,12.55,10.55,10.55,10.55,6.2,8.2,8.2,6.2,10.4
FORTIGATE-1800F-BALZAY,6.2,6.2,8.2,6.4,4.4,6.4,8.2,6.2,6.2,6.2,8.2,6.2,6.2,6.2,6.2,6.2,8.2,6.4,4.2,4.2,4.2,4.2,4.2,4.2,4.2,4.2,4.2,4.2,4.2,4.2,4.2,2.2,2.2,2.2,3.3000000000000003,6.4,6.4,2.2,4.2,4.2,4.2,4.2,4.2,4.2,4.2,4.2,4.2,4.2,4.2,4.2,4.2,6.2,6.2,6.2,6.2,5.300000000000001,5.300000000000001,3.3000000000000003,4.2,6.4,7.5,6.2,5.5,5.5,5.5,5.5,5.5,5.5,4.4,6.2,4.2,4.2,4.2,6.4,3.1,3.1,1.1,1.1,4.2,4.2,4.2,6.2,6.2,6.2,6.2,9.5,7.5,7.5,6.2,6.2,6.2,6.2,0.0,2.0,5.300000000000001,5.300000000000001,3.3000000000000003,5.300000000000001,5.300000000000001,2.2,7.5,7.5,9.5,7.5,6.2,6.2,6.2,6.2,6.4,6.4,6.4,7.5,7.5,7.5,7.5,7.5,7.5,7.5,7.5,4.2,6.2,6.2,6.2,8.2,6.2,6.2,9.5,7.5,9.5,7.5,7.5,9.5,7.5,7.5,1.1,2.2,1.1,2.2,7.5,7.5,7.5,9.5,7.5,7.5,6.2,8.2,10.2,6.2,8.2,6.2,6.2,6.2,6.2,8.2,6.2,5.300000000000001,7.300000000000001,5.1,3.3000000000000003,5.1,3.3000000000000003,3.3000000000000003,3.1,4.2,4.2,6.4,6.2,7.5,9.5,7.5,7.5,7.5,6.2,8.2,8.2,6.2,4.2
FORTIGATE-1800F-CENTRAL,4.2,4.2,6.199999999999999,5.300000000000001,3.3000000000000003,5.300000000000001,6.199999999999999,4.2,4.2,4.2,6.199999999999999,4.2,4.2,4.2,4.2,4.2,6.199999999999999,5.300000000000001,6.2,6.2,6.2,6.2,6.2,6.2,6.2,6.2,6.2,6.2,6.2,6.2,6.2,4.2,4.2,4.2,5.300000000000001,5.300000000000001,5.300000000000001,4.2,2.2,2.2,2.2,2.2,2.2,2.2,2.2,2.2,2.2,2.2,2.2,2.2,2.2,4.2,4.2,4.2,4.2,5.300000000000001,5.300000000000001,3.3000000000000003,6.2,5.300000000000001,7.5,4.2,5.5,5.5,5.5,5.5,5.5,5.5,4.4,4.2,6.2,6.2,6.2,5.300000000000001,1.1,1.1,3.1,3.1,6.2,6.2,6.2,4.2,4.2,4.2,4.2,9.5,7.5,7.5,4.2,4.2,4.2,4.2,2.0,0.0,5.300000000000001,5.300000000000001,3.3000000000000003,5.300000000000001,5.300000000000001,2.2,7.5,7.5,9.5,7.5,4.2,4.2,4.2,4.2,5.300000000000001,5.300000000000001,5.300000000000001,7.5,7.5,7.5,7.5,7.5,7.5,7.5,7.5,6.2,4.2,4.2,4.2,6.2,4.2,4.2,9.5,7.5,9.5,7.5,7.5,9.5,7.5,7.5,2.2,1.1,2.2,1.1,7.5,7.5,7.5,9.5,7.5,7.5,4.2,6.2,8.2,4.2,6.2,4.2,4.2,4.2,4.2,6.2,4.2,7.300000000000001,9.3,3.3000000000000003,3.3000000000000003,3.3000000000000003,2.2,2.2,5.1,2.2,2.2,5.300000000000001,4.2,7.5,9.5,7.5,7.5,7.5,4.2,6.2,6.2,4.2,6.2
HOS-0A-A10,8.350000000000001,8.350000000000001,10.35,7.300000000000001,5.300000000000001,7.300000000000001,10.35,8.350000000000001,8.350000000000001,8.350000000000001,10.35,8.350000000000001,8.350000000000001,8.350000000000001,8.350000000000001,8.350000000000001,10.35,7.300000000000001,8.350000000000001,8.350000000000001,8.350000000000001,8.350000000000001,8.350000000000001,8.350000000000001,8.350000000000001,8.350000000000001,8.350000000000001,8.350000000000001,8.350000000000001,8.350000000000001,8.350000000000001,6.3500000000000005,6.3500000000000005,6.3500000000000005,7.45,7.300000000000001,7.300000000000001,6.3500000000000005,6.3500000000000005,6.3500000000000005,6.3500000000000005,6.3500000000000005,6.3500000000000005,6.3500000000000005,6.3500000000000005,6.3500000000000005,6.3500000000000005,6.3500000000000005,6.3500000000000005,6.3500000000000005,6.3500000000000005,8.350000000000001,8.350000000000001,8.350000000000001,8.350000000000001,6.2,6.2,4.2,8.350000000000001,7.300000000000001,8.4,8.350000000000001,6.4,6.4,6.4,6.4,6.4,6.4,5.300000000000001,8.350000000000001,8.350000000000001,8.350000000000001,8.350000000000001,7.300000000000001,6.3500000000000005,5.25,6.3500000000000005,5.25,8.350000000000001,8.350000000000001,8.350000000000001,8.350000000000001,8.350000000000001,8.350000000000001,8.350000000000001,10.4,8.4,8.4,8.350000000000001,8.350000000000001,8.350000000000001,8.350000000000001,5.300000000000001,5.300000000000001,0.0,4.0,2.0,4.0,4.0,3.1,8.4,8.4,10.4,8.4,8.350000000000001,8.350000000000001,8.350000000000001,8.350000000000001,7.300000000000001,7.300000000000001,7.300000000000001,8.4,8.4,8.4,8.4,8.4,8.4,8.4,8.4,8.350000000000001,8.350000000000001,8.350000000000001,8.350000000000001,10.350000000000001,8.350000000000001,8.350000000000001,10.4,8.4,10.4,8.4,8.4,10.4,8.4,8.4,4.2,4.2,4.2,4.2,8.4,8.4,8.4,10.4,8.4,8.4,8.350000000000001,10.350000000000001,12.350000000000001,8.350000000000001,10.350000000000001,8.350000000000001,8.350000000000001,8.350000000000001,8.350000000000001,10.350000000000001,8.350000000000001,9.45,11.45,7.450000000000001,4.2,8.55,5.300000000000001,4.2,7.25,6.3500000000000005,7.45,7.300000000000001,8.350000000000001,8.4,10.4,8.4,8.4,8.4,8.350000000000001,10.350000000000001,10.350000000000001,8.350000000000001,8.350000000000001
HOS-0A-A13,8.350000000000001,8.350000000000001,10.35,7.300000000000001,5.300000000000001,7.300000000000001,10.35,8.350000000000001,8.350000000000001,8.350000000000001,10.35,8.350000000000001,8.350000000000001,8.350000000000001,8.350000000000001,8.350000000000001,10.35,7.300000000000001,8.350000000000001,8.350000000000001,8.350000000000001,8.350000000000001,8.350000000000001,8.350000000000001,8.350000000000001,8.350000000000001,8.350000000000001,8.350000000000001,8.350000000000001,8.350000000000001,8.350000000000001,6.3500000000000005,6.3500000000000005,6.3500000000000005,7.45,7.300000000000001,7.300000000000001,6.3500000000000005,6.3500000000000005,6.3500000000000005,6.3500000000000005,6.3500000000000005,6.3500000000000005,6.3500000000000005,6.3500000000000005,6.3500000000000005,6.3500000000000005,6.3500000000000005,6.3500000000000005,6.3500000000000005,6.3500000000000005,8.350000000000001,8.350000000000001,8.350000000000001,8.350000000000001,6.2,6.2,4.2,8.350000000000001,7.300000000000001,8.4,8.350000000000001,6.4,6.4,6.4,6.4,6.4,6.4,5.300000000000001,8.350000000000001,8.350000000000001,8.350000000000001,8.350000000000001,7.300000000000001,6.3500000000000005,5.25,6.3500000000000005,5.25,8.350000000000001,8.350000000000001,8.350000000000001,8.350000000000001,8.350000000000001,8.350000000000001,8.350000000000001,10.4,8.4,8.4,8.350000000000001,8.350000000000001,8.350000000000001,8.350000000000001,5.300000000000001,5.300000000000001,4.0,0.0,2.0,4.0,4.0,3.1,8.4,8.4,10.4,8.4,8.350000000000001,8.350000000000001,8.350000000000001,8.350000000000001,7.300000000000001,7.300000000000001,7.300000000000001,8.4,8.4,8.4,8.4,8.4,8.4,8.4,8.4,8.350000000000001,8.350000000000001,8.350000000000001,8.350000000000001,10.350000000000001,8.350000000000001,8.350000000000001,10.4,8.4,10.4,8.4,8.4,10.4,8.4,8.4,4.2,4.2,4.2,4.2,8.4,8.4,8.4,10.4,8.4,8.4,8.350000000000001,10.350000000000001,12.350000000000001,8.350000000000001,10.350000000000001,8.350000000000001,8.350000000000001,8.350000000000001,8.350000000000001,10.350000000000001,8.350000000000001,9.45,11.45,7.450000000000001,4.2,8.55,5.300000000000001,4.2,7.25,6.3500000000000005,7.45,7.300000000000001,8.350000000000001,8.4,10.4,8.4,8.4,8.4,8.350000000000001,10.350000000000001,10.350000000000001,8.350000000000001,8.350000000000001
HOS-0A-D05,6.3500000000000005,6.3500000000000005,8.35,5.300000000000001,3.3000000000000003,5.300000000000001,8.35,6.3500000000000005,6.3500000000000005,6.3500000000000005,8.35,6.3500000000000005,6.3500000000000005,6.3500000000000005,6.3500000000000005,6.3500000000000005,8.35,5.300000000000001,6.3500000000000005,6.3500000000000005,6.3500000000000005,6.3500000000000005,6.3500000000000005,6.3500000000000005,6.3500000000000005,6.3500000000000005,6.3500000000000005,6.3500000000000005,6.3500000000000005,6.3500000000000005,6.3500000000000005,4.3500000000000005,4.3500000000000005,4.3500000000000005,5.45,5.300000000000001,5.300000000000001,4.3500000000000005,4.3500000000000005,4.3500000000000005,4.3500000000000005,4.3500000000000005,4.3500000000000005,4.3500000000000005,4.3500000000000005,4.3500000000000005,4.3500000000000005,4.3500000000000005,4.3500000000000005,4.3500000000000005,4.3500000000000005,6.3500000000000005,6.3500000000000005,6.3500000000000005,6.3500000000000005,4.2,4.2,2.2,6.3500000000000005,5.300000000000001,6.4,6.3500000000000005,4.4,4.4,4.4,4.4,4.4,4.4,3.3000000000000003,6.3500000000000005,6.3500000000000005,6.3500000000000005,6.3500000000000005,5.300000000000001,4.3500000000000005,3.25,4.3500000000000005,3.25,6.3500000000000005,6.3500000000000005,6.3500000000000005,6.3500000000000005,6.3500000000000005,6.3500000000000005,6.3500000000000005,8.4,6.4,6.4,6.3500000000000005,6.3500000000000005,6.3500000000000005,6.3500000000000005,3.3000000000000003,3.3000000000000003,2.0,2.0,0.0,2.0,2.0,1.1,6.4,6.4,8.4,6.4,6.3500000000000005,6.3500000000000005,6.3500000000000005,6.3500000000000005,5.300000000000001,5.300000000000001,5.300000000000001,6.4,6.4,6.4,6.4,6.4,6.4,6.4,6.4,6.3500000000000005,6.3500000000000005,6.3500000000000005,6.3500000000000005,8.350000000000001,6.3500000000000005,6.3500000000000005,8.4,6.4,8.4,6.4,6.4,8.4,6.4,6.4,2.2,2.2,2.2,2.2,6.4,6.4,6.4,8.4,6.4,6.4,6.3500000000000005,8.350000000000001,10.350000000000001,6.3500000000000005,8.350000000000001,6.3500000000000005,6.3500000000000005,6.3500000000000005,6.3500000000000005,8.350000000000001,6.3500000000000005,7.45,9.45,5.450000000000001,2.2,6.550000000000001,3.3000000000000003,2.2,5.25,4.3500000000000005,5.45,5.300000000000001,6.3500000000000005,6.4,8.4,6.4,6.4,6.4,6.3500000000000005,8.350000000000001,8.350000000000001,6.3500000000000005,6.3500000000000005
HOS-1A-A12,8.350000000000001,8.350000000000001,10.35,7.300000000000001,5.300000000000001,7.300000000000001,10.35,8.350000000000001,8.350000000000001,8.350000000000001,10.35,8.350000000000001,8.350000000000001,8.350000000000001,8.350000000000001,8.350000000000001,10.35,7.300000000000001,8.350000000000001,8.350000000000001,8.350000000000001,8.350000000000001,8.350000000000001,8.350000000000001,8.350000000000001,8.350000000000001,8.350000000000001,8.350000000000001,8.350000000000001,8.350000000000001,8.350000000000001,6.3500000000000005,6.3500000000000005,6.3500000000000005,7.45,7.300000000000001,7.300000000000001,6.3500000000000005,6.3500000000000005,6.3500000000000005,6.3500000000000005,6.3500000000000005,6.3500000000000005,6.3500000000000005,6.3500000000000005,6.3500000000000005,6.3500000000000005,6.3500000000000005,6.3500000000000005,6.3500000000000005,6.3500000000000005,8.350000000000001,8.350000000000001,8.350000000000001,8.350000000000001,6.2,6.2,4.2,8.350000000000001,7.300000000000001,8.4,8.350000000000001,6.4,6.4,6.4,6.4,6.4,6.4,5.300000000000001,8.350000000000001,8.350000000000001,8.350000000000001,8.350000000000001,7.300000000000001,6.3500000000000005,5.25,6.3500000000000005,5.25,8.350000000000001,8.350000000000001,8.350000000000001,8.350000000000001,8.350000000000001,8.350000000000001,8.350000000000001,10.4,8.4,8.4,8.350000000000001,8.350000000000001,8.350000000000001,8.350000000000001,5.300000000000001,5.300000000000001,4.0,4.0,2.0,0.0,4.0,3.1,8.4,8.4,10.4,8.4,8.350000000000001,8.350000000000001,8.350000000000001,8.350000000000001,7.300000000000001,7.300000000000001,7.300000000000001,8.4,8.4,8.4,8.4,8.4,8.4,8.4,8.4,8.350000000000001,8.350000000000001,8.350000000000001,8.350000000000001,10.350000000000001,8.350000000000001,8.350000000000001,10.4,8.4,10.4,8.4,8.4,10.4,8.4,8.4,4.2,4.2,4.2,4.2,8.4,8.4,8.4,10.4,8.4,8.4,8.350000000000001,10.350000000000001,12.350000000000001,8.350000000000001,10.350000000000001,8.350000000000001,8.350000000000001,8.350000000000001,8.350000000000001,10.350000000000001,8.350000000000001,9.45,11.45,7.450000000000001,4.2,8.55,5.300000000000001,4.2,7.25,6.3500000000000005,7.45,7.300000000000001,8.350000000000001,8.4,10.4,8.4,8.4,8.4,8.350000000000001,10.350000000000001,10.350000000000001,8.350000000000001,8.350000000000001
HOS-2A-A11,8.350000000000001,8.350000000000001,10.35,7.300000000000001,5.300000000000001,7.300000000000001,10.35,8.350000000000001,8.350000000000001,8.350000000000001,10.35,8.350000000000001,8.350000000000001,8.350000000000001,8.350000000000001,8.350000000000001,10.35,7.300000000000001,8.350000000000001,8.350000000000001,8.350000000000001,8.350000000000001,8.350000000000001,8.350000000000001,8.350000000000001,8.350000000000001,8.350000000000001,8.350000000000001,8.350000000000001,8.350000000000001,8.350000000000001,6.3500000000000005,6.3500000000000005,6.3500000000000005,7.45,7.300000000000001,7.300000000000001,6.3500000000000005,6.3500000000000005,6.3500000000000005,6.3500000000000005,6.3500000000000005,6.3500000000000005,6.3500000000000005,6.3500000000000005,6.3500000000000005,6.3500000000000005,6.3500000000000005,6.3500000000000005,6.3500000000000005,6.3500000000000005,8.350000000000001,8.350000000000001,8.350000000000001,8.350000000000001,6.2,6.2,4.2,8.350000000000001,7.300000000000001,8.4,8.350000000000001,6.4,6.4,6.4,6.4,6.4,6.4,5.300000000000001,8.350000000000001,8.350000000000001,8.350000000000001,8.350000000000001,7.300000000000001,6.3500000000000005,5.25,6.3500000000000005,5.25,8.350000000000001,8.350000000000001,8.350000000000001,8.350000000000001,8.350000000000001,8.350000000000001,8.350000000000001,10.4,8.4,8.4,8.350000000000001,8.350000000000001,8.350000000000001,8.350000000000001,5.300000000000001,5.300000000000001,4.0,4.0,2.0,4.0,0.0,3.1,8.4,8.4,10.4,8.4,8.350000000000001,8.350000000000001,8.350000000000001,8.350000000000001,7.300000000000001,7.300000000000001,7.300000000000001,8.4,8.4,8.4,8.4,8.4,8.4,8.4,8.4,8.350000000000001,8.350000000000001,8.350000000000001,8.350000000000001,10.350000000000001,8.350000000000001,8.350000000000001,10.4,8.4,10.4,8.4,8.4,10.4,8.4,8.4,4.2,4.2,4.2,4.2,8.4,8.4,8.4,10.4,8.4,8.4,8.350000000000001,10.350000000000001,12.350000000000001,8.350000000000001,10.350000000000001,8.350000000000001,8.350000000000001,8.350000000000001,8.350000000000001,10.350000000000001,8.350000000000001,9.45,11.45,7.450000000000001,4.2,8.55,5.300000000000001,4.2,7.25,6.3500000000000005,7.45,7.300000000000001,8.350000000000001,8.4,10.4,8.4,8.4,8.4,8.350000000000001,10.350000000000001,10.350000000000001,8.350000000000001,8.350000000000001
INTERNET-MPLS,5.25,5.25,7.25,4.2,2.2,4.2,7.25,5.25,5.25,5.25,7.25,5.25,5.25,5.25,5.25,5.25,7.25,4.2,5.25,5.25,5.25,5.25,5.25,5.25,5.25,5.25,5.25,5.25,5.25,5.25,5.25,3.2500000000000004,3.2500000000000004,3.2500000000000004,4.35,4.2,4.2,3.2500000000000004,3.2500000000000004,3.2500000000000004,3.2500000000000004,3.2500000000000004,3.2500000000000004,3.2500000000000004,3.2500000000000004,3.2500000000000004,3.2500000000000004,3.2500000000000004,3.2500000000000004,3.2500000000000004,3.2500000000000004,5.25,5.25,5.25,5.25,3.1,3.1,1.1,5.25,4.2,5.300000000000001,5.25,3.3000000000000003,3.3000000000000003,3.3000000000000003,3.3000000000000003,3.3000000000000003,3.3000000000000003,2.2,5.25,5.25,5.25,5.25,4.2,3.2500000000000004,2.1500000000000004,3.2500000000000004,2.1500000000000004,5.25,5.25,5.25,5.25,5.25,5.25,5.25,7.300000000000001,5.300000000000001,5.300000000000001,5.25,5.25,5.25,5.25,2.2,2.2,3.1,3.1,1.1,3.1,3.1,0.0,5.300000000000001,5.300000000000001,7.300000000000001,5.300000000000001,5.25,5.25,5.25,5.25,4.2,4.2,4.2,5.300000000000001,5.300000000000001,5.300000000000001,5.300000000000001,5.300000000000001,5.300000000000001,5.300000000000001,5.300000000000001,5.25,5.25,5.25,5.25,7.25,5.25,5.25,7.300000000000001,5.300000000000001,7.300000000000001,5.300000000000001,5.300000000000001,7.300000000000001,5.300000000000001,5.300000000000001,1.1,1.1,1.1,1.1,5.300000000000001,5.300000000000001,5.300000000000001,7.300000000000001,5.300000000000001,5.300000000000001,5.25,7.25,9.25,5.25,7.25,5.25,5.25,5.25,5.25,7.25,5.25,6.35,8.35,4.3500000000000005,1.1,5.449999999999999,2.2,1.1,4.15,3.2500000000000004,4.35,4.2,5.25,5.300000000000001,7.300000000000001,5.300000000000001,5.300000000000001,5.300000000000001,5.25,7.25,7.25,5.25,5.25
INV-1A-A161,10.55,10.55,12.55,9.5,7.5,9.5,12.55,10.55,10.55,10.55,12.55,10.55,10.55,10.55,10.55,10.55,12.55,9.5,10.55,10.55,10.55,10.55,10.55,10.55,10.55,10.55,10.55,10.55,10.55,10.55,10.55,8.55,8.55,8.55,9.65,9.5,9.5,8.55,8.55,8.55,8.55,8.55,8.55,8.55,8.55,8.55,8.55,8.55,8.55,8.55,8.55,10.55,10.55,10.55,10.55,8.4,8.4,6.4,10.55,9.5,4.0,10.55,4.2,4.2,2.0,4.2,4.2,4.2,3.1,10.55,10.55,10.55,10.55,9.5,8.55,7.45,8.55,7.45,10.55,10.55,10.55,10.55,10.55,10.55,10.55,8.2,6.2,6.2,10.55,10.55,10.55,10.55,7.5,7.5,8.4,8.4,6.4,8.4,8.4,5.300000000000001,0.0,4.0,6.0,4.0,10.55,10.55,10.55,10.55,9.5,9.5,9.5,6.2,6.2,6.2,6.2,6.2,6.2,6.2,6.2,10.55,10.55,10.55,10.55,12.55,10.55,10.55,8.2,6.2,8.2,6.2,6.2,8.2,6.2,6.2,6.4,6.4,6.4,6.4,6.2,6.2,6.2,8.2,6.2,6.2,10.55,12.55,14.55,10.55,12.55,10.55,10.55,10.55,10.55,12.55,10.55,11.65,13.649999999999999,9.65,4.2,10.75,5.300000000000001,6.4,9.45,8.55,9.65,9.5,10.55,6.2,8.2,6.2,6.2,6.2,10.55,12.55,12.55,10.55,10.55
INV-1A-A61,10.55,10.55,12.55,9.5,7.5,9.5,12.55,10.55,10.55,10.55,12.55,10.55,10.55,10.55,10.55,10.55,12.55,9.5,10.55,10.55,10.55,10.55,10.55,10.55,10.55,10.55,10.55,10.55,10.55,10.55,10.55,8.55,8.55,8.55,9.65,9.5,9.5,8.55,8.55,8.55,8.55,8.55,8.55,8.55,8.55,8.55,8.55,8.55,8.55,8.55,8.55,10.55,10.55,10.55,10.55,8.4,8.4,6.4,10.55,9.5,4.0,10.55,4.2,4.2,2.0,4.2,4.2,4.2,3.1,10.55,10.55,10.55,10.55,9.5,8.55,7.45,8.55,7.45,10.55,10.55,10.55,10.55,10.55,10.55,10.55,8.2,6.2,6.2,10.55,10.55,10.55,10.55,7.5,7.5,8.4,8.4,6.4,8.4,8.4,5.300000000000001,4.0,0.0,6.0,4.0,10.55,10.55,10.55,10.55,9.5,9.5,9.5,6.2,6.2,6.2,6.2,6.2,6.2,6.2,6.2,10.55,10.55,10.55,10.55,12.55,10.55,10.55,8.2,6.2,8.2,6.2,6.2,8.2,6.2,6.2,6.4,6.4,6.4,6.4,6.2,6.2,6.2,8.2,6.2,6.2,10.55,12.55,14.55,10.55,12.55,10.55,10.55,10.55,10.55,12.55,10.55,11.65,13.649999999999999,9.65,4.2,10.75,5.300000000000001,6.4,9.45,8.55,9.65,9.5,10.55,6.2,8.2,6.2,6.2,6.2,10.55,12.55,12.55,10.55,10.55
INV-1B-A162,12.55,12.55,14.55,11.5,9.5,11.5,14.55,12.55,12.55,12.55,14.55,12.55,12.55,12.55,12.55,12.55,14.55,11.5,12.55,12.55,12.55,12.55,12.55,12.55,12.55,12.55,12.55,12.55,12.55,12.55,12.55,10.55,10.55,10.55,11.65,11.5,11.5,10.55,10.55,10.55,10.55,10.55,10.55,10.55,10.55,10.55,10.55,10.55,10.55,10.55,10.55,12.55,12.55,12.55,12.55,10.4,10.4,8.4,12.55,11.5,6.0,12.55,6.2,6.2,4.0,6.2,6.2,6.2,5.1,12.55,12.55,12.55,12.55,11.5,10.55,9.45,10.55,9.45,12.55,12.55,12.55,12.55,12.55,12.55,12.55,10.2,8.2,8.2,12.55,12.55,12.55,12.55,9.5,9.5,10.4,10.4,8.4,10.4,10.4,7.300000000000001,6.0,6.0,0.0,2.0,12.55,12.55,12.55,12.55,11.5,11.5,11.5,8.2,8.2,8.2,8.2,8.2,8.2,8.2,8.2,12.55,12.55,12.55,12.55,14.55,12.55,12.55,10.2,8.2,10.2,8.2,8.2,10.2,8.2,8.2,8.4,8.4,8.4,8.4,8.2,8.2,8.2,10.2,8.2,8.2,12.55,14.55,16.55,12.55,14.55,12.55,12.55,12.55,12.55,14.55,12.55,13.65,15.649999999999999,11.65,6.2,12.75,7.300000000000001,8.4,11.45,10.55,11.65,11.5,12.55,8.2,10.2,8.2,8.2,8.2,12.55,14.55,14.55,12.55,12.55
INV-1B-A62,10.55,10.55,12.55,9.5,7.5,9.5,12.55,10.55,10.55,10.55,12.55,10.55,10.55,10.55,10.55,10.55,12.55,9.5,10.55,10.55,10.55,10.55,10.55,10.55,10.55,10.55,10.55,10.55,10.55,10.55,10.55,8.55,8.55,8.55,9.65,9.5,9.5,8.55,8.55,8.55,8.55,8.55,8.55,8.55,8.55,8.55,8.55,8.55,8.55,8.55,8.55,10.55,10.55,10.55,10.55,8.4,8.4,6.4,10.55,9.5,4.0,10.55,4.2,4.2,2.0,4.2,4.2,4.2,3.1,10.55,10.55,10.55,10.55,9.5,8.55,7.45,8.55,7.45,10.55,10.55,10.55,10.55,10.55,10.55,10.55,8.2,6.2,6.2,10.55,10.55,10.55,10.55,7.5,7.5,8.4,8.4,6.4,8.4,8.4,5.300000000000001,4.0,4.0,2.0,0.0,10.55,10.55,10.55,10.55,9.5,9.5,9.5,6.2,6.2,6.2,6.2,6.2,6.2,6.2,6.2,10.55,10.55,10.55,10.55,12.55,10.55,10.55,8.2,6.2,8.2,6.2,6.2,8.2,6.2,6.2,6.4,6.4,6.4,6.4,6.2,6.2,6.2,8.2,6.2,6.2,10.55,12.55,14.55,10.55,12.55,10.55,10.55,10.55,10.55,12.55,10.55,11.65,13.649999999999999,9.65,4.2,10.75,5.300000000000001,6.4,9.45,8.55,9.65,9.5,10.55,6.2,8.2,6.2,6.2,6.2,10.55,12.55,12.55,10.55,10.55
JUR-0A-A59,6.2,6.2,8.2,9.450000000000001,7.450000000000001,9.450000000000001,8.2,6.2,6.2,6.2,8.2,6.2,6.2,6.2,6.2,6.2,8.2,9.450000000000001,10.4,10.4,10.4,10.4,10.4,10.4,10.4,10.4,10.4,10.4,10.4,10.4,10.4,8.4,8.4,8.4,9.5,9.450000000000001,9.450000000000001,8.4,4.2,4.2,4.2,4.2,4.2,4.2,4.2,4.2,2.0,4.2,4.2,4.2,4.2,6.2,6.2,6.2,6.2,8.350000000000001,8.350000000000001,6.3500000000000005,10.4,9.450000000000001,10.55,6.2,8.55,8.55,8.55,8.55,8.55,8.55,7.45,6.2,10.4,10.4,10.4,9.450000000000001,3.1,3.1,7.300000000000001,7.300000000000001,10.4,10.4,10.4,6.2,6.2,6.2,6.2,12.55,10.55,10.55,6.2,6.2,6.2,6.2,6.2,4.2,8.350000000000001,8.350000000000001,6.3500000000000005,8.350000000000001,8.350000000000001,5.25,10.55,10.55,12.55,10.55,0.0,4.0,4.0,4.0,9.450000000000001,9.450000000000001,9.450000000000001,10.55,10.55,10.55,10.55,10.55,10.55,10.55,10.55,10.4,6.2,6.2,6.2,8.2,6.2,6.2,12.55,10.55,12.55,10.55,10.55,12.55,10.55,10.55,5.25,5.25,6.3500000000000005,4.15,10.55,10.55,10.55,12.55,10.55,10.55,6.2,8.2,10.2,6.2,8.2,6.2,6.2,6.2,6.2,8.2,6.2,11.5,13.5,5.300000000000001,6.35,5.300000000000001,5.25,6.3500000000000005,7.300000000000001,4.2,4.2,9.450000000000001,6.2,10.55,12.55,10.55,10.55,10.55,6.2,8.2,8.2,6.2,10.4
JUR-0A-A60,6.2,6.2,8.2,9.450000000000001,7.450000000000001,9.450000000000001,8.2,6.2,6.2,6.2,8.2,6.2,6.2,6.2,6.2,6.2,8.2,9.450000000000001,10.4,10.4,10.4,10.4,10.4,10.4,10.4,10.4,10.4,10.4,10.4,10.4,10.4,8.4,8.4,8.4,9.5,9.450000000000001,9.450000000000001,8.4,4.2,4.2,4.2,4.2,4.2,4.2,4.2,4.2,2.0,4.2,4.2,4.2,4.2,6.2,6.2,6.2,6.2,8.350000000000001,8.350000000000001,6.3500000000000005,10.4,9.450000000000001,10.55,6.2,8.55,8.55,8.55,8.55,8.55,8.55,7.45,6.2,10.4,10.4,10.4,9.450000000000001,3.1,3.1,7.300000000000001,7.300000000000001,10.4,10.4,10.4,6.2,6.2,6.2,6.2,12.55,10.55,10.55,6.2,6.2,6.2,6.2,6.2,4.2,8.350000000000001,8.350000000000001,6.3500000000000005,8.350000000000001,8.350000000000001,5.25,10.55,10.55,12.55,10.55,4.0,0.0,4.0,4.0,9.450000000000001,9.450000000000001,9.450000000000001,10.55,10.55,10.55,10.55,10.55,10.55,10.55,10.55,10.4,6.2,6.2,6.2,8.2,6.2,6.2,12.55,10.55,12.55,10.55,10.55,12.55,10.55,10.55,5.25,5.25,6.3500000000000005,4.15,10.55,10.55,10.55,12.55,10.55,10.55,6.2,8.2,10.2,6.2,8.2,6.2,6.2,6.2,6.2,8.2,6.2,11.5,13.5,5.300000000000001,6.35,5.300000000000001,5.25,6.3500000000000005,7.300000000000001,4.2,4.2,9.450000000000001,6.2,10.55,12.55,10.55,10.55,10.55,6.2,8.2,8.2,6.2,10.4
JUR-1A-A61,6.2,6.2,8.2,9.450000000000001,7.450000000000001,9.450000000000001,8.2,6.2,6.2,6.2,8.2,6.2,6.2,6.2,6.2,6.2,8.2,9.450000000000001,10.4,10.4,10.4,10.4,10.4,10.4,10.4,10.4,10.4,10.4,10.4,10.4,10.4,8.4,8.4,8.4,9.5,9.450000000000001,9.450000000000001,8.4,4.2,4.2,4.2,4.2,4.2,4.2,4.2,4.2,2.0,4.2,4.2,4.2,4.2,6.2,6.2,6.2,6.2,8.350000000000001,8.350000000000001,6.3500000000000005,10.4,9.450000000000001,10.55,6.2,8.55,8.55,8.55,8.55,8.55,8.55,7.45,6.2,10.4,10.4,10.4,9.450000000000001,3.1,3.1,7.300000000000001,7.300000000000001,10.4,10.4,10.4,6.2,6.2,6.2,6.2,12.55,10.55,10.55,6.2,6.2,6.2,6.2,6.2,4.2,8.350000000000001,8.350000000000001,6.3500000000000005,8.350000000000001,8.350000000000001,5.25,10.55,10.55,12.55,10.55,4.0,4.0,0.0,4.0,9.450000000000001,9.450000000000001,9.450000000000001,10.55,10.55,10.55,10.55,10.55,10.55,10.55,10.55,10.4,6.2,6.2,6.2,8.2,6.2,6.2,12.55,10.55,12.55,10.55,10.55,12.55,10.55,10.55,5.25,5.25,6.3500000000000005,4.15,10.55,10.55,10.55,12.55,10.55,10.55,6.2,8.2,10.2,6.2,8.2,6.2,6.2,6.2,6.2,8.2,6.2,11.5,13.5,5.300000000000001,6.35,5.300000000000001,5.25,6.3500000000000005,7.300000000000001,4.2,4.2,9.450000000000001,6.2,10.55,12.55,10.55,10.55,10.55,6.2,8.2,8.2,6.2,10.4
JUR-1A-A62,6.2,6.2,8.2,9.450000000000001,7.450000000000001,9.450000000000001,8.2,6.2,6.2,6.2,8.2,6.2,6.2,6.2,6.2,6.2,8.2,9.450000000000001,10.4,10.4,10.4,10.4,10.4,10.4,10.4,10.4,10.4,10.4,10.4,10.4,10.4,8.4,8.4,8.4,9.5,9.450000000000001,9.450000000000001,8.4,4.2,4.2,4.2,4.2,4.2,4.2,4.2,4.2,2.0,4.2,4.2,4.2,4.2,6.2,6.2,6.2,6.2,8.350000000000001,8.350000000000001,6.3500000000000005,10.4,9.450000000000001,10.55,6.2,8.55,8.55,8.55,8.55,8.55,8.55,7.45,6.2,10.4,10.4,10.4,9.450000000000001,3.1,3.1,7.300000000000001,7.300000000000001,10.4,10.4,10.4,6.2,6.2,6.2,6.2,12.55,10.55,10.55,6.2,6.2,6.2,6.2,6.2,4.2,8.350000000000001,8.350000000000001,6.3500000000000005,8.350000000000001,8.350000000000001,5.25,10.55,10.55,12.55,10.55,4.0,4.0,4.0,0.0,9.450000000000001,9.450000000000001,9.450000000000001,10.55,10.55,10.55,10.55,10.55,10.55,10.55,10.55,10.4,6.2,6.2,6.2,8.2,6.2,6.2,12.55,10.55,12.55,10.55,10.55,12.55,10.55,10.55,5.25,5.25,6.3500000000000005,4.15,10.55,10.55,10.55,12.55,10.55,10.55,6.2,8.2,10.2,6.2,8.2,6.2,6.2,6.2,6.2,8.2,6.2,11.5,13.5,5.300000000000001,6.35,5.300000000000001,5.25,6.3500000000000005,7.300000000000001,4.2,4.2,9.450000000000001,6.2,10.55,12.55,10.55,10.55,10.55,6.2,8.2,8.2,6.2,10.4
LAB-1A-A18,9.450000000000001,9.450000000000001,11.45,4.0,2.0,4.0,11.45,9.450000000000001,9.450000000000001,9.450000000000001,11.45,9.450000000000001,9.450000000000001,9.450000000000001,9.450000000000001,9.450000000000001,11.45,4.0,9.450000000000001,9.450000000000001,9.450000000000001,9.450000000000001,9.450000000000001,9.450000000000001,9.450000000000001,9.450000000000001,9.450000000000001,9.450000000000001,9.450000000000001,9.450000000000001,9.450000000000001,7.450000000000001,7.450000000000001,7.450000000000001,8.55,4.0,4.0,7.450000000000001,7.450000000000001,7.450000000000001,7.450000000000001,7.450000000000001,7.450000000000001,7.450000000000001,7.450000000000001,7.450000000000001,7.450000000000001,7.450000000000001,7.450000000000001,7.450000000000001,7.450000000000001,9.450000000000001,9.450000000000001,9.450000000000001,9.450000000000001,7.300000000000001,7.300000000000001,5.300000000000001,9.450000000000001,4.0,9.5,9.450000000000001,7.5,7.5,7.5,7.5,7.5,7.5,6.4,9.450000000000001,9.450000000000001,9.450000000000001,9.450000000000001,4.0,6.4,6.35,7.450000000000001,6.35,9.450000000000001,9.450000000000001,9.450000000000001,9.450000000000001,9.450000000000001,9.450000000000001,9.450000000000001,11.5,9.5,9.5,9.450000000000001,9.450000000000001,9.450000000000001,9.450000000000001,6.4,5.300000000000001,7.300000000000001,7.300000000000001,5.300000000000001,7.300000000000001,7.300000000000001,4.2,9.5,9.5,11.5,9.5,9.450000000000001,9.450000000000001,9.450000000000001,9.450000000000001,0.0,4.0,4.0,9.5,9.5,9.5,9.5,9.5,9.5,9.5,9.5,9.450000000000001,9.450000000000001,9.450000000000001,9.450000000000001,11.450000000000001,9.450000000000001,9.450000000000001,11.5,9.5,11.5,9.5,9.5,11.5,9.5,9.5,5.300000000000001,4.2,5.300000000000001,5.300000000000001,9.5,9.5,9.5,11.5,9.5,9.5,9.450000000000001,11.450000000000001,13.450000000000001,9.450000000000001,11.450000000000001,9.450000000000001,9.450000000000001,9.450000000000001,9.450000000000001,11.450000000000001,9.450000000000001,10.55,12.549999999999999,8.55,5.300000000000001,8.6,6.4,3.1,8.35,7.450000000000001,7.5,4.0,9.450000000000001,9.5,11.5,9.5,9.5,9.5,9.450000000000001,11.450000000000001,11.450000000000001,9.450000000000001,9.450000000000001
LABMAC-1A-A13,9.450000000000001,9.450000000000001,11.45,4.0,2.0,4.0,11.45,9.450000000000001,9.450000000000001,9.450000000000001,11.45,9.450000000000001,9.450000000000001,9.450000000000001,9.450000000000001,9.450000000000001,11.45,4.0,9.450000000000001,9.450000000000001,9.450000000000001,9.450000000000001,9.450000000000001,9.450000000000001,9.450000000000001,9.450000000000001,9.450000000000001,9.450000000000001,9.450000000000001,9.450000000000001,9.450000000000001,7.450000000000001,7.450000000000001,7.450000000000001,8.55,4.0,4.0,7.450000000000001,7.450000000000001,7.450000000000001,7.450000000000001,7.450000000000001,7.450000000000001,7.450000000000001,7.450000000000001,7.450000000000001,7.450000000000001,7.450000000000001,7.450000000000001,7.450000000000001,7.450000000000001,9.450000000000001,9.450000000000001,9.450000000000001,9.450000000000001,7.300000000000001,7.300000000000001,5.300000000000001,9.450000000000001,4.0,9.5,9.450000000000001,7.5,7.5,7.5,7.5,7.5,7.5,6.4,9.450000000000001,9.450000000000001,9.450000000000001,9.450000000000001,4.0,6.4,6.35,7.450000000000001,6.35,9.450000000000001,9.450000000000001,9.450000000000001,9.450000000000001,9.450000000000001,9.450000000000001,9.450000000000001,11.5,9.5,9.5,9.450000000000001,9.450000000000001,9.450000000000001,9.450000000000001,6.4,5.300000000000001,7.300000000000001,7.300000000000001,5.300000000000001,7.300000000000001,7.300000000000001,4.2,9.5,9.5,11.5,9.5,9.450000000000001,9.450000000000001,9.450000000000001,9.450000000000001,4.0,0.0,4.0,9.5,9.5,9.5,9.5,9.5,9.5,9.5,9.5,9.450000000000001,9.450000000000001,9.450000000000001,9.450000000000001,11.450000000000001,9.450000000000001,9.450000000000001,11.5,9.5,11.5,9.5,9.5,11.5,9.5,9.5,5.300000000000001,4.2,5.300000000000001,5.300000000000001,9.5,9.5,9.5,11.5,9.5,9.5,9.450000000000001,11.450000000000001,13.450000000000001,9.450000000000001,11.450000000000001,9.450000000000001,9.450000000000001,9.450000000000001,9.450000000000001,11.450000000000001,9.450000000000001,10.55,12.549999999999999,8.55,5.300000000000001,8.6,6.4,3.1,8.35,7.450000000000001,7.5,4.0,9.450000000000001,9.5,11.5,9.5,9.5,9.5,9.450000000000001,11.450000000000001,11.450000000000001,9.450000000000001,9.450000000000001
LAC-0A-A17,9.450000000000001,9.450000000000001,11.45,4.0,2.0,4.0,11.45,9.450000000000001,9.450000000000001,9.450000000000001,11.45,9.450000000000001,9.450000000000001,9.450000000000001,9.450000000000001,9.450000000000001,11.45,4.0,9.450000000000001,9.450000000000001,9.450000000000001,9.450000000000001,9.450000000000001,9.450000000000001,9.450000000000001,9.450000000000001,9.450000000000001,9.450000000000001,9.450000000000001,9.450000000000001,9.450000000000001,7.450000000000001,7.450000000000001,7.450000000000001,8.55,4.0,4.0,7.450000000000001,7.450000000000001,7.450000000000001,7.450000000000001,7.450000000000001,7.450000000000001,7.450000000000001,7.450000000000001,7.450000000000001,7.450000000000001,7.450000000000001,7.450000000000001,7.450000000000001,7.450000000000001,9.450000000000001,9.450000000000001,9.450000000000001,9.450000000000001,7.300000000000001,7.300000000000001,5.300000000000001,9.450000000000001,4.0,9.5,9.450000000000001,7.5,7.5,7.5,7.5,7.5,7.5,6.4,9.450000000000001,9.450000000000001,9.450000000000001,9.450000000000001,4.0,6.4,6.35,7.450000000000001,6.35,9.450000000000001,9.450000000000001,9.450000000000001,9.450000000000001,9.450000000000001,9.450000000000001,9.450000000000001,11.5,9.5,9.5,9.450000000000001,9.450000000000001,9.450000000000001,9.450000000000001,6.4,5.300000000000001,7.300000000000001,7.300000000000001,5.300000000000001,7.300000000000001,7.300000000000001,4.2,9.5,9.5,11.5,9.5,9.450000000000001,9.450000000000001,9.450000000000001,9.450000000000001,4.0,4.0,0.0,9.5,9.5,9.5,9.5,9.5,9.5,9.5,9.5,9.450000000000001,9.450000000000001,9.450000000000001,9.450000000000001,11.450000000000001,9.450000000000001,9.450000000000001,11.5,9.5,11.5,9.5,9.5,11.5,9.5,9.5,5.300000000000001,4.2,5.300000000000001,5.300000000000001,9.5,9.5,9.5,11.5,9.5,9.5,9.450000000000001,11.450000000000001,13.450000000000001,9.450000000000001,11.450000000000001,9.450000000000001,9.450000000000001,9.450000000000001,9.450000000000001,11.450000000000001,9.450000000000001,10.55,12.549999999999999,8.55,5.300000000000001,8.6,6.4,3.1,8.35,7.450000000000001,7.5,4.0,9.450000000000001,9.5,11.5,9.5,9.5,9.5,9.450000000000001,11.450000000000001,11.450000000000001,9.450000000000001,9.450000000000001
MEDADM-0F-A16,10.55,10.55,12.55,9.5,7.5,9.5,12.55,10.55,10.55,10.55,12.55,10.55,10.55,10.55,10.55,10.55,12.55,9.5,10.55,10.55,10.55,10.55,10.55,10.55,10.55,10.55,10.55,10.55,10.55,10.55,10.55,8.55,8.55,8.55,9.65,9.5,9.5,8.55,8.55,8.55,8.55,8.55,8.55,8.55,8.55,8.55,8.55,8.55,8.55,8.55,8.55,10.55,10.55,10.55,10.55,8.4,8.4,6.4,10.55,9.5,6.2,10.55,2.0,4.2,4.2,4.2,4.2,4.2,3.1,10.55,10.55,10.55,10.55,9.5,8.55,7.45,8.55,7.45,10.55,10.55,10.55,10.55,10.55,10.55,10.55,8.2,6.2,6.2,10.55,10.55,10.55,10.55,7.5,7.5,8.4,8.4,6.4,8.4,8.4,5.300000000000001,6.2,6.2,8.2,6.2,10.55,10.55,10.55,10.55,9.5,9.5,9.5,0.0,4.0,4.0,4.0,4.0,4.0,4.0,4.0,10.55,10.55,10.55,10.55,12.55,10.55,10.55,8.2,6.2,8.2,6.2,6.2,8.2,6.2,6.2,6.4,6.4,6.4,6.4,6.2,6.2,6.2,8.2,6.2,6.2,10.55,12.55,14.55,10.55,12.55,10.55,10.55,10.55,10.55,12.55,10.55,11.65,13.649999999999999,9.65,4.2,10.75,5.300000000000001,6.4,9.45,8.55,9.65,9.5,10.55,6.2,8.2,6.2,6.2,6.2,10.55,12.55,12.55,10.55,10.55
MEDADM-0G-A17,10.55,10.55,12.55,9.5,7.5,9.5,12.55,10.55,10.55,10.55,12.55,10.55,10.55,10.55,10.55,10.55,12.55,9.5,10.55,10.55,10.55,10.55,10.55,10.55,10.55,10.55,10.55,10.55,10.55,10.55,10.55,8.55,8.55,8.55,9.65,9.5,9.5,8.55,8.55,8.55,8.55,8.55,8.55,8.55,8.55,8.55,8.55,8.55,8.55,8.55,8.55,10.55,10.55,10.55,10.55,8.4,8.4,6.4,10.55,9.5,6.2,10.55,2.0,4.2,4.2,4.2,4.2,4.2,3.1,10.55,10.55,10.55,10.55,9.5,8.55,7.45,8.55,7.45,10.55,10.55,10.55,10.55,10.55,10.55,10.55,8.2,6.2,6.2,10.55,10.55,10.55,10.55,7.5,7.5,8.4,8.4,6.4,8.4,8.4,5.300000000000001,6.2,6.2,8.2,6.2,10.55,10.55,10.55,10.55,9.5,9.5,9.5,4.0,0.0,4.0,4.0,4.0,4.0,4.0,4.0,10.55,10.55,10.55,10.55,12.55,10.55,10.55,8.2,6.2,8.2,6.2,6.2,8.2,6.2,6.2,6.4,6.4,6.4,6.4,6.2,6.2,6.2,8.2,6.2,6.2,10.55,12.55,14.55,10.55,12.55,10.55,10.55,10.55,10.55,12.55,10.55,11.65,13.649999999999999,9.65,4.2,10.75,5.300000000000001,6.4,9.45,8.55,9.65,9.5,10.55,6.2,8.2,6.2,6.2,6.2,10.55,12.55,12.55,10.55,10.55
MEDADM-1A-A11,10.55,10.55,12.55,9.5,7.5,9.5,12.55,10.55,10.55,10.55,12.55,10.55,10.55,10.55,10.55,10.55,12.55,9.5,10.55,10.55,10.55,10.55,10.55,10.55,10.55,10.55,10.55,10.55,10.55,10.55,10.55,8.55,8.55,8.55,9.65,9.5,9.5,8.55,8.55,8.55,8.55,8.55,8.55,8.55,8.55,8.55,8.55,8.55,8.55,8.55,8.55,10.55,10.55,10.55,10.55,8.4,8.4,6.4,10.55,9.5,6.2,10.55,2.0,4.2,4.2,4.2,4.2,4.2,3.1,10.55,10.55,10.55,10.55,9.5,8.55,7.45,8.55,7.45,10.55,10.55,10.55,10.55,10.55,10.55,10.55,8.2,6.2,6.2,10.55,10.55,10.55,10.55,7.5,7.5,8.4,8.4,6.4,8.4,8.4,5.300000000000001,6.2,6.2,8.2,6.2,10.55,10.55,10.55,10.55,9.5,9.5,9.5,4.0,4.0,0.0,4.0,4.0,4.0,4.0,4.0,10.55,10.55,10.55,10.55,12.55,10.55,10.55,8.2,6.2,8.2,6.2,6.2,8.2,6.2,6.2,6.4,6.4,6.4,6.4,6.2,6.2,6.2,8.2,6.2,6.2,10.55,12.55,14.55,10.55,12.55,10.55,10.55,10.55,10.55,12.55,10.55,11.65,13.649999999999999,9.65,4.2,10.75,5.300000000000001,6.4,9.45,8.55,9.65,9.5,10.55,6.2,8.2,6.2,6.2,6.2,10.55,12.55,12.55,10.55,10.55
MEDADM-1B-A12,10.55,10.55,12.55,9.5,7.5,9.5,12.55,10.55,10.55,10.55,12.55,10.55,10.55,10.55,10.55,10.55,12.55,9.5,10.55,10.55,10.55,10.55,10.55,10.55,10.55,10.55,10.55,10.55,10.55,10.55,10.55,8.55,8.55,8.55,9.65,9.5,9.5,8.55,8.55,8.55,8.55,8.55,8.55,8.55,8.55,8.55,8.55,8.55,8.55,8.55,8.55,10.55,10.55,10.55,10.55,8.4,8.4,6.4,10.55,9.5,6.2,10.55,2.0,4.2,4.2,4.2,4.2,4.2,3.1,10.55,10.55,10.55,10.55,9.5,8.55,7.45,8.55,7.45,10.55,10.55,10.55,10.55,10.55,10.55,10.55,8.2,6.2,6.2,10.55,10.55,10.55,10.55,7.5,7.5,8.4,8.4,6.4,8.4,8.4,5.300000000000001,6.2,6.2,8.2,6.2,10.55,10.55,10.55,10.55,9.5,9.5,9.5,4.0,4.0,4.0,0.0,4.0,4.0,4.0,4.0,10.55,10.55,10.55,10.55,12.55,10.55,10.55,8.2,6.2,8.2,6.2,6.2,8.2,6.2,6.2,6.4,6.4,6.4,6.4,6.2,6.2,6.2,8.2,6.2,6.2,10.55,12.55,14.55,10.55,12.55,10.55,10.55,10.55,10.55,12.55,10.55,11.65,13.649999999999999,9.65,4.2,10.75,5.300000000000001,6.4,9.45,8.55,9.65,9.5,10.55,6.2,8.2,6.2,6.2,6.2,10.55,12.55,12.55,10.55,10.55
MEDADM-1C-A13,10.55,10.55,12.55,9.5,7.5,9.5,12.55,10.55,10.55,10.55,12.55,10.55,10.55,10.55,10.55,10.55,12.55,9.5,10.55,10.55,10.55,10.55,10.55,10.55,10.55,10.55,10.55,10.55,10.55,10.55,10.55,8.55,8.55,8.55,9.65,9.5,9.5,8.55,8.55,8.55,8.55,8.55,8.55,8.55,8.55,8.55,8.55,8.55,8.55,8.55,8.55,10.55,10.55,10.55,10.55,8.4,8.4,6.4,10.55,9.5,6.2,10.55,2.0,4.2,4.2,4.2,4.2,4.2,3.1,10.55,10.55,10.55,10.55,9.5,8.55,7.45,8.55,7.45,10.55,10.55,10.55,10.55,10.55,10.55,10.55,8.2,6.2,6.2,10.55,10.55,10.55,10.55,7.5,7.5,8.4,8.4,6.4,8.4,8.4,5.300000000000001,6.2,6.2,8.2,6.2,10.55,10.55,10.55,10.55,9.5,9.5,9.5,4.0,4.0,4.0,4.0,0.0,4.0,4.0,4.0,10.55,10.55,10.55,10.55,12.55,10.55,10.55,8.2,6.2,8.2,6.2,6.2,8.2,6.2,6.2,6.4,6.4,6.4,6.4,6.2,6.2,6.2,8.2,6.2,6.2,10.55,12.55,14.55,10.55,12.55,10.55,10.55,10.55,10.55,12.55,10.55,11.65,13.649999999999999,9.65,4.2,10.75,5.300000000000001,6.4,9.45,8.55,9.65,9.5,10.55,6.2,8.2,6.2,6.2,6.2,10.55,12.55,12.55,10.55,10.55
MEDADM-1D-A14,10.55,10.55,12.55,9.5,7.5,9.5,12.55,10.55,10.55,10.55,12.55,10.55,10.55,10.55,10.55,10.55,12.55,9.5,10.55,10.55,10.55,10.55,10.55,10.55,10.55,10.55,10.55,10.55,10.55,10.55,10.55,8.55,8.55,8.55,9.65,9.5,9.5,8.55,8.55,8.55,8.55,8.55,8.55,8.55,8.55,8.55,8.55,8.55,8.55,8.55,8.55,10.55,10.55,10.55,10.55,8.4,8.4,6.4,10.55,9.5,6.2,10.55,2.0,4.2,4.2,4.2,4.2,4.2,3.1,10.55,10.55,10.55,10.55,9.5,8.55,7.45,8.55,7.45,10.55,10.55,10.55,10.55,10.55,10.55,10.55,8.2,6.2,6.2,10.55,10.55,10.55,10.55,7.5,7.5,8.4,8.4,6.4,8.4,8.4,5.300000000000001,6.2,6.2,8.2,6.2,10.55,10.55,10.55,10.55,9.5,9.5,9.5,4.0,4.0,4.0,4.0,4.0,0.0,4.0,4.0,10.55,10.55,10.55,10.55,12.55,10.55,10.55,8.2,6.2,8.2,6.2,6.2,8.2,6.2,6.2,6.4,6.4,6.4,6.4,6.2,6.2,6.2,8.2,6.2,6.2,10.55,12.55,14.55,10.55,12.55,10.55,10.55,10.55,10.55,12.55,10.55,11.65,13.649999999999999,9.65,4.2,10.75,5.300000000000001,6.4,9.45,8.55,9.65,9.5,10.55,6.2,8.2,6.2,6.2,6.2,10.55,12.55,12.55,10.55,10.55
MEDADM-1E-A15,10.55,10.55,12.55,9.5,7.5,9.5,12.55,10.55,10.55,10.55,12.55,10.55,10.55,10.55,10.55,10.55,12.55,9.5,10.55,10.55,10.55,10.55,10.55,10.55,10.55,10.55,10.55,10.55,10.55,10.55,10.55,8.55,8.55,8.55,9.65,9.5,9.5,8.55,8.55,8.55,8.55,8.55,8.55,8.55,8.55,8.55,8.55,8.55,8.55,8.55,8.55,10.55,10.55,10.55,10.55,8.4,8.4,6.4,10.55,9.5,6.2,10.55,2.0,4.2,4.2,4.2,4.2,4.2,3.1,10.55,10.55,10.55,10.55,9.5,8.55,7.45,8.55,7.45,10.55,10.55,10.55,10.55,10.55,10.55,10.55,8.2,6.2,6.2,10.55,10.55,10.55,10.55,7.5,7.5,8.4,8.4,6.4,8.4,8.4,5.300000000000001,6.2,6.2,8.2,6.2,10.55,10.55,10.55,10.55,9.5,9.5,9.5,4.0,4.0,4.0,4.0,4.0,4.0,0.0,4.0,10.55,10.55,10.55,10.55,12.55,10.55,10.55,8.2,6.2,8.2,6.2,6.2,8.2,6.2,6.2,6.4,6.4,6.4,6.4,6.2,6.2,6.2,8.2,6.2,6.2,10.55,12.55,14.55,10.55,12.55,10.55,10.55,10.55,10.55,12.55,10.55,11.65,13.649999999999999,9.65,4.2,10.75,5.300000000000001,6.4,9.45,8.55,9.65,9.5,10.55,6.2,8.2,6.2,6.2,6.2,10.55,12.55,12.55,10.55,10.55
MEDADM-1H-A18,10.55,10.55,12.55,9.5,7.5,9.5,12.55,10.55,10.55,10.55,12.55,10.55,10.55,10.55,10.55,10.55,12.55,9.5,10.55,10.55,10.55,10.55,10.55,10.55,10.55,10.55,10.55,10.55,10.55,10.55,10.55,8.55,8.55,8.55,9.65,9.5,9.5,8.55,8.55,8.55,8.55,8.55,8.55,8.55,8.55,8.55,8.55,8.55,8.55,8.55,8.55,10.55,10.55,10.55,10.55,8.4,8.4,6.4,10.55,9.5,6.2,10.55,2.0,4.2,4.2,4.2,4.2,4.2,3.1,10.55,10.55,10.55,10.55,9.5,8.55,7.45,8.55,7.45,10.55,10.55,10.55,10.55,10.55,10.55,10.55,8.2,6.2,6.2,10.55,10.55,10.55,10.55,7.5,7.5,8.4,8.4,6.4,8.4,8.4,5.300000000000001,6.2,6.2,8.2,6.2,10.55,10.55,10.55,10.55,9.5,9.5,9.5,4.0,4.0,4.0,4.0,4.0,4.0,4.0,0.0,10.55,10.55,10.55,10.55,12.55,10.55,10.55,8.2,6.2,8.2,6.2,6.2,8.2,6.2,6.2,6.4,6.4,6.4,6.4,6.2,6.2,6.2,8.2,6.2,6.2,10.55,12.55,14.55,10.55,12.55,10.55,10.55,10.55,10.55,12.55,10.55,11.65,13.649999999999999,9.65,4.2,10.75,5.300000000000001,6.4,9.45,8.55,9.65,9.5,10.55,6.2,8.2,6.2,6.2,6.2,10.55,12.55,12.55,10.55,10.55
MICRORED-1A-A109,10.4,10.4,12.399999999999999,9.450000000000001,7.450000000000001,9.450000000000001,12.399999999999999,10.4,10.4,10.4,12.399999999999999,10.4,10.4,10.4,10.4,10.4,12.399999999999999,9.450000000000001,6.2,6.2,6.2,6.2,4.0,4.0,4.0,4.0,4.0,4.0,4.0,4.0,4.0,4.2,2.0,4.2,5.300000000000001,9.450000000000001,9.450000000000001,4.2,8.4,8.4,8.4,8.4,8.4,8.4,8.4,8.4,8.4,8.4,8.4,8.4,8.4,10.4,10.4,10.4,10.4,8.350000000000001,8.350000000000001,6.3500000000000005,6.2,9.450000000000001,10.55,10.4,8.55,8.55,8.55,8.55,8.55,8.55,7.450000000000001,10.4,6.2,6.2,6.2,9.450000000000001,7.300000000000001,7.300000000000001,3.1,3.1,6.2,6.2,6.2,10.4,10.4,10.4,10.4,12.55,10.55,10.55,10.4,10.4,10.4,10.4,4.2,6.2,8.350000000000001,8.350000000000001,6.3500000000000005,8.350000000000001,8.350000000000001,5.25,10.55,10.55,12.55,10.55,10.4,10.4,10.4,10.4,9.450000000000001,9.450000000000001,9.450000000000001,10.55,10.55,10.55,10.55,10.55,10.55,10.55,10.55,0.0,10.4,10.4,10.4,12.4,10.4,10.4,12.55,10.55,12.55,10.55,10.55,12.55,10.55,10.55,5.25,5.25,4.15,6.3500000000000005,10.55,10.55,10.55,12.55,10.55,10.55,10.4,12.4,14.4,10.4,12.4,10.4,10.4,10.4,10.4,12.4,10.4,7.300000000000001,9.3,7.1,6.3500000000000005,7.1,7.450000000000001,6.3500000000000005,5.1,8.2,8.2,9.450000000000001,10.4,10.55,12.55,10.55,10.55,10.55,10.4,12.4,12.4,10.4,6.2
MON-0A-A103,6.2,6.2,8.2,9.450000000000001,7.450000000000001,9.450000000000001,8.2,6.2,6.2,6.2,8.2,6.2,6.2,6.2,6.2,6.2,8.2,9.450000000000001,10.4,10.4,10.4,10.4,10.4,10.4,10.4,10.4,10.4,10.4,10.4,10.4,10.4,8.4,8.4,8.4,9.5,9.450000000000001,9.450000000000001,8.4,4.2,4.2,4.2,4.2,4.2,4.2,4.2,4.2,4.2,2.0,4.2,4.2,4.2,6.2,6.2,6.2,6.2,8.350000000000001,8.350000000000001,6.3500000000000005,10.4,9.450000000000001,10.55,6.2,8.55,8.55,8.55,8.55,8.55,8.55,7.45,6.2,10.4,10.4,10.4,9.450000000000001,3.1,3.1,7.300000000000001,7.300000000000001,10.4,10.4,10.4,6.2,6.2,6.2,4.0,12.55,10.55,10.55,6.2,6.2,6.2,6.2,6.2,4.2,8.350000000000001,8.350000000000001,6.3500000000000005,8.350000000000001,8.350000000000001,5.25,10.55,10.55,12.55,10.55,6.2,6.2,6.2,6.2,9.450000000000001,9.450000000000001,9.450000000000001,10.55,10.55,10.55,10.55,10.55,10.55,10.55,10.55,10.4,0.0,4.0,4.0,6.0,4.0,4.0,12.55,10.55,12.55,10.55,10.55,12.55,10.55,10.55,5.25,5.25,6.3500000000000005,4.15,10.55,10.55,10.55,12.55,10.55,10.55,6.2,8.2,10.2,6.2,8.2,6.2,6.2,6.2,6.2,8.2,6.2,11.5,13.5,5.300000000000001,6.35,5.300000000000001,5.25,6.3500000000000005,7.300000000000001,4.2,4.2,9.450000000000001,6.2,10.55,12.55,10.55,10.55,10.55,6.2,8.2,8.2,6.2,10.4
MON-0A-A104,6.2,6.2,8.2,9.450000000000001,7.450000000000001,9.450000000000001,8.2,6.2,6.2,6.2,8.2,6.2,6.2,6.2,6.2,6.2,8.2,9.450000000000001,10.4,10.4,10.4,10.4,10.4,10.4,10.4,10.4,10.4,10.4,10.4,10.4,10.4,8.4,8.4,8.4,9.5,9.450000000000001,9.450000000000001,8.4,4.2,4.2,4.2,4.2,4.2,4.2,4.2,4.2,4.2,2.0,4.2,4.2,4.2,6.2,6.2,6.2,6.2,8.350000000000001,8.350000000000001,6.3500000000000005,10.4,9.450000000000001,10.55,6.2,8.55,8.55,8.55,8.55,8.55,8.55,7.45,6.2,10.4,10.4,10.4,9.450000000000001,3.1,3.1,7.300000000000001,7.300000000000001,10.4,10.4,10.4,6.2,6.2,6.2,4.0,12.55,10.55,10.55,6.2,6.2,6.2,6.2,6.2,4.2,8.350000000000001,8.350000000000001,6.3500000000000005,8.350000000000001,8.350000000000001,5.25,10.55,10.55,12.55,10.55,6.2,6.2,6.2,6.2,9.450000000000001,9.450000000000001,9.450000000000001,10.55,10.55,10.55,10.55,10.55,10.55,10.55,10.55,10.4,4.0,0.0,4.0,6.0,4.0,4.0,12.55,10.55,12.55,10.55,10.55,12.55,10.55,10.55,5.25,5.25,6.3500000000000005,4.15,10.55,10.55,10.55,12.55,10.55,10.55,6.2,8.2,10.2,6.2,8.2,6.2,6.2,6.2,6.2,8.2,6.2,11.5,13.5,5.300000000000001,6.35,5.300000000000001,5.25,6.3500000000000005,7.300000000000001,4.2,4.2,9.450000000000001,6.2,10.55,12.55,10.55,10.55,10.55,6.2,8.2,8.2,6.2,10.4
MON-1B-A67,6.2,6.2,8.2,9.450000000000001,7.450000000000001,9.450000000000001,8.2,6.2,6.2,6.2,8.2,6.2,6.2,6.2,6.2,6.2,8.2,9.450000000000001,10.4,10.4,10.4,10.4,10.4,10.4,10.4,10.4,10.4,10.4,10.4,10.4,10.4,8.4,8.4,8.4,9.5,9.450000000000001,9.450000000000001,8.4,4.2,4.2,4.2,4.2,4.2,4.2,4.2,4.2,4.2,2.0,4.2,4.2,4.2,6.2,6.2,6.2,6.2,8.350000000000001,8.350000000000001,6.3500000000000005,10.4,9.450000000000001,10.55,6.2,8.55,8.55,8.55,8.55,8.55,8.55,7.45,6.2,10.4,10.4,10.4,9.450000000000001,3.1,3.1,7.300000000000001,7.300000000000001,10.4,10.4,10.4,6.2,6.2,6.2,4.0,12.55,10.55,10.55,6.2,6.2,6.2,6.2,6.2,4.2,8.350000000000001,8.350000000000001,6.3500000000000005,8.350000000000001,8.350000000000001,5.25,10.55,10.55,12.55,10.55,6.2,6.2,6.2,6.2,9.450000000000001,9.450000000000001,9.450000000000001,10.55,10.55,10.55,10.55,10.55,10.55,10.55,10.55,10.4,4.0,4.0,0.0,2.0,4.0,4.0,12.55,10.55,12.55,10.55,10.55,12.55,10.55,10.55,5.25,5.25,6.3500000000000005,4.15,10.55,10.55,10.55,12.55,10.55,10.55,6.2,8.2,10.2,6.2,8.2,6.2,6.2,6.2,6.2,8.2,6.2,11.5,13.5,5.300000000000001,6.35,5.300000000000001,5.25,6.3500000000000005,7.300000000000001,4.2,4.2,9.450000000000001,6.2,10.55,12.55,10.55,10.55,10.55,6.2,8.2,8.2,6.2,10.4
MON-1B-A68,8.2,8.2,10.2,11.450000000000001,9.450000000000001,11.450000000000001,10.2,8.2,8.2,8.2,10.2,8.2,8.2,8.2,8.2,8.2,10.2,11.450000000000001,12.4,12.4,12.4,12.4,12.4,12.4,12.4,12.4,12.4,12.4,12.4,12.4,12.4,10.4,10.4,10.4,11.5,11.450000000000001,11.450000000000001,10.4,6.2,6.2,6.2,6.2,6.2,6.2,6.2,6.2,6.2,4.0,6.2,6.2,6.2,8.2,8.2,8.2,8.2,10.350000000000001,10.350000000000001,8.350000000000001,12.4,11.450000000000001,12.55,8.2,10.55,10.55,10.55,10.55,10.55,10.55,9.45,8.2,12.4,12.4,12.4,11.450000000000001,5.1,5.1,9.3,9.3,12.4,12.4,12.4,8.2,8.2,8.2,6.0,14.55,12.55,12.55,8.2,8.2,8.2,8.2,8.2,6.2,10.350000000000001,10.350000000000001,8.350000000000001,10.350000000000001,10.350000000000001,7.25,12.55,12.55,14.55,12.55,8.2,8.2,8.2,8.2,11.450000000000001,11.450000000000001,11.450000000000001,12.55,12.55,12.55,12.55,12.55,12.55,12.55,12.55,12.4,6.0,6.0,2.0,0.0,6.0,6.0,14.55,12.55,14.55,12.55,12.55,14.55,12.55,12.55,7.25,7.25,8.350000000000001,6.15,12.55,12.55,12.55,14.55,12.55,12.55,8.2,10.2,12.2,8.2,10.2,8.2,8.2,8.2,8.2,10.2,8.2,13.5,15.5,7.300000000000001,8.35,7.300000000000001,7.25,8.350000000000001,9.3,6.2,6.2,11.450000000000001,8.2,12.55,14.55,12.55,12.55,12.55,8.2,10.2,10.2,8.2,12.4
MON-1C-A105,6.2,6.2,8.2,9.450000000000001,7.450000000000001,9.450000000000001,8.2,6.2,6.2,6.2,8.2,6.2,6.2,6.2,6.2,6.2,8.2,9.450000000000001,10.4,10.4,10.4,10.4,10.4,10.4,10.4,10.4,10.4,10.4,10.4,10.4,10.4,8.4,8.4,8.4,9.5,9.450000000000001,9.450000000000001,8.4,4.2,4.2,4.2,4.2,4.2,4.2,4.2,4.2,4.2,2.0,4.2,4.2,4.2,6.2,6.2,6.2,6.2,8.350000000000001,8.350000000000001,6.3500000000000005,10.4,9.450000000000001,10.55,6.2,8.55,8.55,8.55,8.55,8.55,8.55,7.45,6.2,10.4,10.4,10.4,9.450000000000001,3.1,3.1,7.300000000000001,7.300000000000001,10.4,10.4,10.4,6.2,6.2,6.2,4.0,12.55,10.55,10.55,6.2,6.2,6.2,6.2,6.2,4.2,8.350000000000001,8.350000000000001,6.3500000000000005,8.350000000000001,8.350000000000001,5.25,10.55,10.55,12.55,10.55,6.2,6.2,6.2,6.2,9.450000000000001,9.450000000000001,9.450000000000001,10.55,10.55,10.55,10.55,10.55,10.55,10.55,10.55,10.4,4.0,4.0,4.0,6.0,0.0,4.0,12.55,10.55,12.55,10.55,10.55,12.55,10.55,10.55,5.25,5.25,6.3500000000000005,4.15,10.55,10.55,10.55,12.55,10.55,10.55,6.2,8.2,10.2,6.2,8.2,6.2,6.2,6.2,6.2,8.2,6.2,11.5,13.5,5.300000000000001,6.35,5.300000000000001,5.25,6.3500000000000005,7.300000000000001,4.2,4.2,9.450000000000001,6.2,10.55,12.55,10.55,10.55,10.55,6.2,8.2,8.2,6.2,10.4
MON-1C-A106,6.2,6.2,8.2,9.450000000000001,7.450000000000001,9.450000000000001,8.2,6.2,6.2,6.2,8.2,6.2,6.2,6.2,6.2,6.2,8.2,9.450000000000001,10.4,10.4,10.4,10.4,10.4,10.4,10.4,10.4,10.4,10.4,10.4,10.4,10.4,8.4,8.4,8.4,9.5,9.450000000000001,9.450000000000001,8.4,4.2,4.2,4.2,4.2,4.2,4.2,4.2,4.2,4.2,2.0,4.2,4.2,4.2,6.2,6.2,6.2,6.2,8.350000000000001,8.350000000000001,6.3500000000000005,10.4,9.450000000000001,10.55,6.2,8.55,8.55,8.55,8.55,8.55,8.55,7.45,6.2,10.4,10.4,10.4,9.450000000000001,3.1,3.1,7.300000000000001,7.300000000000001,10.4,10.4,10.4,6.2,6.2,6.2,4.0,12.55,10.55,10.55,6.2,6.2,6.2,6.2,6.2,4.2,8.350000000000001,8.350000000000001,6.3500000000000005,8.350000000000001,8.350000000000001,5.25,10.55,10.55,12.55,10.55,6.2,6.2,6.2,6.2,9.450000000000001,9.450000000000001,9.450000000000001,10.55,10.55,10.55,10.55,10.55,10.55,10.55,10.55,10.4,4.0,4.0,4.0,6.0,4.0,0.0,12.55,10.55,12.55,10.55,10.55,12.55,10.55,10.55,5.25,5.25,6.3500000000000005,4.15,10.55,10.55,10.55,12.55,10.55,10.55,6.2,8.2,10.2,6.2,8.2,6.2,6.2,6.2,6.2,8.2,6.2,11.5,13.5,5.300000000000001,6.35,5.300000000000001,5.25,6.3500000000000005,7.300000000000001,4.2,4.2,9.450000000000001,6.2,10.55,12.55,10.55,10.55,10.55,6.2,8.2,8.2,6.2,10.4
ODO-0B-A152,12.55,12.55,14.55,11.5,9.5,11.5,14.55,12.55,12.55,12.55,14.55,12.55,12.55,12.55,12.55,12.55,14.55,11.5,12.55,12.55,12.55,12.55,12.55,12.55,12.55,12.55,12.55,12.55,12.55,12.55,12.55,10.55,10.55,10.55,11.65,11.5,11.5,10.55,10.55,10.55,10.55,10.55,10.55,10.55,10.55,10.55,10.55,10.55,10.55,10.55,10.55,12.55,12.55,12.55,12.55,10.4,10.4,8.4,12.55,11.5,8.2,12.55,6.2,6.2,6.2,4.0,6.2,6.2,5.1,12.55,12.55,12.55,12.55,11.5,10.55,9.45,10.55,9.45,12.55,12.55,12.55,12.55,12.55,12.55,12.55,10.2,8.2,8.2,12.55,12.55,12.55,12.55,9.5,9.5,10.4,10.4,8.4,10.4,10.4,7.300000000000001,8.2,8.2,10.2,8.2,12.55,12.55,12.55,12.55,11.5,11.5,11.5,8.2,8.2,8.2,8.2,8.2,8.2,8.2,8.2,12.55,12.55,12.55,12.55,14.55,12.55,12.55,0.0,2.0,8.0,6.0,6.0,8.0,6.0,6.0,8.4,8.4,8.4,8.4,8.2,8.2,8.2,10.2,8.2,8.2,12.55,14.55,16.55,12.55,14.55,12.55,12.55,12.55,12.55,14.55,12.55,13.65,15.649999999999999,11.65,6.2,12.75,7.300000000000001,8.4,11.45,10.55,11.65,11.5,12.55,8.2,10.2,8.2,8.2,8.2,12.55,14.55,14.55,12.55,12.55
ODO-0B-A52,10.55,10.55,12.55,9.5,7.5,9.5,12.55,10.55,10.55,10.55,12.55,10.55,10.55,10.55,10.55,10.55,12.55,9.5,10.55,10.55,10.55,10.55,10.55,10.55,10.55,10.55,10.55,10.55,10.55,10.55,10.55,8.55,8.55,8.55,9.65,9.5,9.5,8.55,8.55,8.55,8.55,8.55,8.55,8.55,8.55,8.55,8.55,8.55,8.55,8.55,8.55,10.55,10.55,10.55,10.55,8.4,8.4,6.4,10.55,9.5,6.2,10.55,4.2,4.2,4.2,2.0,4.2,4.2,3.1,10.55,10.55,10.55,10.55,9.5,8.55,7.45,8.55,7.45,10.55,10.55,10.55,10.55,10.55,10.55,10.55,8.2,6.2,6.2,10.55,10.55,10.55,10.55,7.5,7.5,8.4,8.4,6.4,8.4,8.4,5.300000000000001,6.2,6.2,8.2,6.2,10.55,10.55,10.55,10.55,9.5,9.5,9.5,6.2,6.2,6.2,6.2,6.2,6.2,6.2,6.2,10.55,10.55,10.55,10.55,12.55,10.55,10.55,2.0,0.0,6.0,4.0,4.0,6.0,4.0,4.0,6.4,6.4,6.4,6.4,6.2,6.2,6.2,8.2,6.2,6.2,10.55,12.55,14.55,10.55,12.55,10.55,10.55,10.55,10.55,12.55,10.55,11.65,13.649999999999999,9.65,4.2,10.75,5.300000000000001,6.4,9.45,8.55,9.65,9.5,10.55,6.2,8.2,6.2,6.2,6.2,10.55,12.55,12.55,10.55,10.55
ODO-0C-A153,12.55,12.55,14.55,11.5,9.5,11.5,14.55,12.55,12.55,12.55,14.55,12.55,12.55,12.55,12.55,12.55,14.55,11.5,12.55,12.55,12.55,12.55,12.55,12.55,12.55,12.55,12.55,12.55,12.55,12.55,12.55,10.55,10.55,10.55,11.65,11.5,11.5,10.55,10.55,10.55,10.55,10.55,10.55,10.55,10.55,10.55,10.55,10.55,10.55,10.55,10.55,12.55,12.55,12.55,12.55,10.4,10.4,8.4,12.55,11.5,8.2,12.55,6.2,6.2,6.2,4.0,6.2,6.2,5.1,12.55,12.55,12.55,12.55,11.5,10.55,9.45,10.55,9.45,12.55,12.55,12.55,12.55,12.55,12.55,12.55,10.2,8.2,8.2,12.55,12.55,12.55,12.55,9.5,9.5,10.4,10.4,8.4,10.4,10.4,7.300000000000001,8.2,8.2,10.2,8.2,12.55,12.55,12.55,12.55,11.5,11.5,11.5,8.2,8.2,8.2,8.2,8.2,8.2,8.2,8.2,12.55,12.55,12.55,12.55,14.55,12.55,12.55,8.0,6.0,0.0,6.0,2.0,4.0,6.0,6.0,8.4,8.4,8.4,8.4,8.2,8.2,8.2,10.2,8.2,8.2,12.55,14.55,16.55,12.55,14.55,12.55,12.55,12.55,12.55,14.55,12.55,13.65,15.649999999999999,11.65,6.2,12.75,7.300000000000001,8.4,11.45,10.55,11.65,11.5,12.55,8.2,10.2,8.2,8.2,8.2,12.55,14.55,14.55,12.55,12.55
ODO-0C-A154,10.55,10.55,12.55,9.5,7.5,9.5,12.55,10.55,10.55,10.55,12.55,10.55,10.55,10.55,10.55,10.55,12.55,9.5,10.55,10.55,10.55,10.55,10.55,10.55,10.55,10.55,10.55,10.55,10.55,10.55,10.55,8.55,8.55,8.55,9.65,9.5,9.5,8.55,8.55,8.55,8.55,8.55,8.55,8.55,8.55,8.55,8.55,8.55,8.55,8.55,8.55,10.55,10.55,10.55,10.55,8.4,8.4,6.4,10.55,9.5,6.2,10.55,4.2,4.2,4.2,2.0,4.2,4.2,3.1,10.55,10.55,10.55,10.55,9.5,8.55,7.45,8.55,7.45,10.55,10.55,10.55,10.55,10.55,10.55,10.55,8.2,6.2,6.2,10.55,10.55,10.55,10.55,7.5,7.5,8.4,8.4,6.4,8.4,8.4,5.300000000000001,6.2,6.2,8.2,6.2,10.55,10.55,10.55,10.55,9.5,9.5,9.5,6.2,6.2,6.2,6.2,6.2,6.2,6.2,6.2,10.55,10.55,10.55,10.55,12.55,10.55,10.55,6.0,4.0,6.0,0.0,4.0,6.0,4.0,4.0,6.4,6.4,6.4,6.4,6.2,6.2,6.2,8.2,6.2,6.2,10.55,12.55,14.55,10.55,12.55,10.55,10.55,10.55,10.55,12.55,10.55,11.65,13.649999999999999,9.65,4.2,10.75,5.300000000000001,6.4,9.45,8.55,9.65,9.5,10.55,6.2,8.2,6.2,6.2,6.2,10.55,12.55,12.55,10.55,10.55
ODO-0C-A53,10.55,10.55,12.55,9.5,7.5,9.5,12.55,10.55,10.55,10.55,12.55,10.55,10.55,10.55,10.55,10.55,12.55,9.5,10.55,10.55,10.55,10.55,10.55,10.55,10.55,10.55,10.55,10.55,10.55,10.55,10.55,8.55,8.55,8.55,9.65,9.5,9.5,8.55,8.55,8.55,8.55,8.55,8.55,8.55,8.55,8.55,8.55,8.55,8.55,8.55,8.55,10.55,10.55,10.55,10.55,8.4,8.4,6.4,10.55,9.5,6.2,10.55,4.2,4.2,4.2,2.0,4.2,4.2,3.1,10.55,10.55,10.55,10.55,9.5,8.55,7.45,8.55,7.45,10.55,10.55,10.55,10.55,10.55,10.55,10.55,8.2,6.2,6.2,10.55,10.55,10.55,10.55,7.5,7.5,8.4,8.4,6.4,8.4,8.4,5.300000000000001,6.2,6.2,8.2,6.2,10.55,10.55,10.55,10.55,9.5,9.5,9.5,6.2,6.2,6.2,6.2,6.2,6.2,6.2,6.2,10.55,10.55,10.55,10.55,12.55,10.55,10.55,6.0,4.0,2.0,4.0,0.0,2.0,4.0,4.0,6.4,6.4,6.4,6.4,6.2,6.2,6.2,8.2,6.2,6.2,10.55,12.55,14.55,10.55,12.55,10.55,10.55,10.55,10.55,12.55,10.55,11.65,13.649999999999999,9.65,4.2,10.75,5.300000000000001,6.4,9.45,8.55,9.65,9.5,10.55,6.2,8.2,6.2,6.2,6.2,10.55,12.55,12.55,10.55,10.55
ODO-0C-A54,12.55,12.55,14.55,11.5,9.5,11.5,14.55,12.55,12.55,12.55,14.55,12.55,12.55,12.55,12.55,12.55,14.55,11.5,12.55,12.55,12.55,12.55,12.55,12.55,12.55,12.55,12.55,12.55,12.55,12.55,12.55,10.55,10.55,10.55,11.65,11.5,11.5,10.55,10.55,10.55,10.55,10.55,10.55,10.55,10.55,10.55,10.55,10.55,10.55,10.55,10.55,12.55,12.55,12.55,12.55,10.4,10.4,8.4,12.55,11.5,8.2,12.55,6.2,6.2,6.2,4.0,6.2,6.2,5.1,12.55,12.55,12.55,12.55,11.5,10.55,9.45,10.55,9.45,12.55,12.55,12.55,12.55,12.55,12.55,12.55,10.2,8.2,8.2,12.55,12.55,12.55,12.55,9.5,9.5,10.4,10.4,8.4,10.4,10.4,7.300000000000001,8.2,8.2,10.2,8.2,12.55,12.55,12.55,12.55,11.5,11.5,11.5,8.2,8.2,8.2,8.2,8.2,8.2,8.2,8.2,12.55,12.55,12.55,12.55,14.55,12.55,12.55,8.0,6.0,4.0,6.0,2.0,0.0,6.0,6.0,8.4,8.4,8.4,8.4,8.2,8.2,8.2,10.2,8.2,8.2,12.55,14.55,16.55,12.55,14.55,12.55,12.55,12.55,12.55,14.55,12.55,13.65,15.649999999999999,11.65,6.2,12.75,7.300000000000001,8.4,11.45,10.55,11.65,11.5,12.55,8.2,10.2,8.2,8.2,8.2,12.55,14.55,14.55,12.55,12.55
ODO-1A-A151,10.55,10.55,12.55,9.5,7.5,9.5,12.55,10.55,10.55,10.55,12.55,10.55,10.55,10.55,10.55,10.55,12.55,9.5,10.55,10.55,10.55,10.55,10.55,10.55,10.55,10.55,10.55,10.55,10.55,10.55,10.55,8.55,8.55,8.55,9.65,9.5,9.5,8.55,8.55,8.55,8.55,8.55,8.55,8.55,8.55,8.55,8.55,8.55,8.55,8.55,8.55,10.55,10.55,10.55,10.55,8.4,8.4,6.4,10.55,9.5,6.2,10.55,4.2,4.2,4.2,2.0,4.2,4.2,3.1,10.55,10.55,10.55,10.55,9.5,8.55,7.45,8.55,7.45,10.55,10.55,10.55,10.55,10.55,10.55,10.55,8.2,6.2,6.2,10.55,10.55,10.55,10.55,7.5,7.5,8.4,8.4,6.4,8.4,8.4,5.300000000000001,6.2,6.2,8.2,6.2,10.55,10.55,10.55,10.55,9.5,9.5,9.5,6.2,6.2,6.2,6.2,6.2,6.2,6.2,6.2,10.55,10.55,10.55,10.55,12.55,10.55,10.55,6.0,4.0,6.0,4.0,4.0,6.0,0.0,4.0,6.4,6.4,6.4,6.4,6.2,6.2,6.2,8.2,6.2,6.2,10.55,12.55,14.55,10.55,12.55,10.55,10.55,10.55,10.55,12.55,10.55,11.65,13.649999999999999,9.65,4.2,10.75,5.300000000000001,6.4,9.45,8.55,9.65,9.5,10.55,6.2,8.2,6.2,6.2,6.2,10.55,12.55,12.55,10.55,10.55
ODO-1A-A51,10.55,10.55,12.55,9.5,7.5,9.5,12.55,10.55,10.55,10.55,12.55,10.55,10.55,10.55,10.55,10.55,12.55,9.5,10.55,10.55,10.55,10.55,10.55,10.55,10.55,10.55,10.55,10.55,10.55,10.55,10.55,8.55,8.55,8.55,9.65,9.5,9.5,8.55,8.55,8.55,8.55,8.55,8.55,8.55,8.55,8.55,8.55,8.55,8.55,8.55,8.55,10.55,10.55,10.55,10.55,8.4,8.4,6.4,10.55,9.5,6.2,10.55,4.2,4.2,4.2,2.0,4.2,4.2,3.1,10.55,10.55,10.55,10.55,9.5,8.55,7.45,8.55,7.45,10.55,10.55,10.55,10.55,10.55,10.55,10.55,8.2,6.2,6.2,10.55,10.55,10.55,10.55,7.5,7.5,8.4,8.4,6.4,8.4,8.4,5.300000000000001,6.2,6.2,8.2,6.2,10.55,10.55,10.55,10.55,9.5,9.5,9.5,6.2,6.2,6.2,6.2,6.2,6.2,6.2,6.2,10.55,10.55,10.55,10.55,12.55,10.55,10.55,6.0,4.0,6.0,4.0,4.0,6.0,4.0,0.0,6.4,6.4,6.4,6.4,6.2,6.2,6.2,8.2,6.2,6.2,10.55,12.55,14.55,10.55,12.55,10.55,10.55,10.55,10.55,12.55,10.55,11.65,13.649999999999999,9.65,4.2,10.75,5.300000000000001,6.4,9.45,8.55,9.65,9.5,10.55,6.2,8.2,6.2,6.2,6.2,10.55,12.55,12.55,10.55,10.55
PE1-BALZAY,5.25,5.25,7.25,5.300000000000001,3.3000000000000003,5.300000000000001,7.25,5.25,5.25,5.25,7.25,5.25,5.25,5.25,5.25,5.25,7.25,5.300000000000001,5.25,5.25,5.25,5.25,5.25,5.25,5.25,5.25,5.25,5.25,5.25,5.25,5.25,3.2500000000000004,3.2500000000000004,3.2500000000000004,4.35,5.300000000000001,5.300000000000001,3.2500000000000004,3.2500000000000004,3.2500000000000004,3.2500000000000004,3.2500000000000004,3.2500000000000004,3.2500000000000004,3.2500000000000004,3.2500000000000004,3.2500000000000004,3.2500000000000004,3.2500000000000004,3.2500000000000004,3.2500000000000004,5.25,5.25,5.25,5.25,4.2,4.2,2.2,5.25,5.300000000000001,6.4,5.25,4.4,4.4,4.4,4.4,4.4,4.4,3.3000000000000003,5.25,5.25,5.25,5.25,5.300000000000001,3.2500000000000004,2.1500000000000004,2.2,2.1500000000000004,5.25,5.25,5.25,5.25,5.25,5.25,5.25,8.4,6.4,6.4,5.25,5.25,5.25,5.25,1.1,2.2,4.2,4.2,2.2,4.2,4.2,1.1,6.4,6.4,8.4,6.4,5.25,5.25,5.25,5.25,5.300000000000001,5.300000000000001,5.300000000000001,6.4,6.4,6.4,6.4,6.4,6.4,6.4,6.4,5.25,5.25,5.25,5.25,7.25,5.25,5.25,8.4,6.4,8.4,6.4,6.4,8.4,6.4,6.4,0.0,2.2,1.1,1.1,6.4,6.4,6.4,8.4,6.4,6.4,5.25,7.25,9.25,5.25,7.25,5.25,5.25,5.25,5.25,7.25,5.25,6.35,8.35,4.3500000000000005,2.2,5.449999999999999,2.2,2.2,4.15,3.2500000000000004,4.35,5.300000000000001,5.25,6.4,8.4,6.4,6.4,6.4,5.25,7.25,7.25,5.25,5.25
PE1-CENTRAL,5.25,5.25,7.25,4.2,2.2,4.2,7.25,5.25,5.25,5.25,7.25,5.25,5.25,5.25,5.25,5.25,7.25,4.2,5.25,5.25,5.25,5.25,5.25,5.25,5.25,5.25,5.25,5.25,5.25,5.25,5.25,3.2500000000000004,3.2500000000000004,3.2500000000000004,4.35,4.2,4.2,3.2500000000000004,3.2500000000000004,3.2500000000000004,3.2500000000000004,3.2500000000000004,3.2500000000000004,3.2500000000000004,3.2500000000000004,3.2500000000000004,3.2500000000000004,3.2500000000000004,3.2500000000000004,3.2500000000000004,3.2500000000000004,5.25,5.25,5.25,5.25,4.2,4.2,2.2,5.25,4.2,6.4,5.25,4.4,4.4,4.4,4.4,4.4,4.4,3.3000000000000003,5.25,5.25,5.25,5.25,4.2,2.2,2.1500000000000004,3.2500000000000004,2.1500000000000004,5.25,5.25,5.25,5.25,5.25,5.25,5.25,8.4,6.4,6.4,5.25,5.25,5.25,5.25,2.2,1.1,4.2,4.2,2.2,4.2,4.2,1.1,6.4,6.4,8.4,6.4,5.25,5.25,5.25,5.25,4.2,4.2,4.2,6.4,6.4,6.4,6.4,6.4,6.4,6.4,6.4,5.25,5.25,5.25,5.25,7.25,5.25,5.25,8.4,6.4,8.4,6.4,6.4,8.4,6.4,6.4,2.2,0.0,1.1,1.1,6.4,6.4,6.4,8.4,6.4,6.4,5.25,7.25,9.25,5.25,7.25,5.25,5.25,5.25,5.25,7.25,5.25,6.35,8.35,4.3500000000000005,2.2,4.4,2.2,1.1,4.15,3.2500000000000004,3.3000000000000003,4.2,5.25,6.4,8.4,6.4,6.4,6.4,5.25,7.25,7.25,5.25,5.25
PE2-BALZAY,6.3500000000000005,6.3500000000000005,8.35,5.300000000000001,3.3000000000000003,5.300000000000001,8.35,6.3500000000000005,6.3500000000000005,6.3500000000000005,8.35,6.3500000000000005,6.3500000000000005,6.3500000000000005,6.3500000000000005,6.3500000000000005,8.35,5.300000000000001,4.15,4.15,4.15,4.15,4.15,4.15,4.15,4.15,4.15,4.15,4.15,4.15,4.15,2.1500000000000004,2.1500000000000004,2.1500000000000004,3.25,5.300000000000001,5.300000000000001,2.1500000000000004,4.3500000000000005,4.3500000000000005,4.3500000000000005,4.3500000000000005,4.3500000000000005,4.3500000000000005,4.3500000000000005,4.3500000000000005,4.3500000000000005,4.3500000000000005,4.3500000000000005,4.3500000000000005,4.3500000000000005,6.3500000000000005,6.3500000000000005,6.3500000000000005,6.3500000000000005,4.2,4.2,2.2,4.15,5.300000000000001,6.4,6.3500000000000005,4.4,4.4,4.4,4.4,4.4,4.4,3.3000000000000003,6.3500000000000005,4.15,4.15,4.15,5.300000000000001,3.3000000000000003,3.25,2.1500000000000004,1.05,4.15,4.15,4.15,6.3500000000000005,6.3500000000000005,6.3500000000000005,6.3500000000000005,8.4,6.4,6.4,6.3500000000000005,6.3500000000000005,6.3500000000000005,6.3500000000000005,1.1,2.2,4.2,4.2,2.2,4.2,4.2,1.1,6.4,6.4,8.4,6.4,6.3500000000000005,6.3500000000000005,6.3500000000000005,6.3500000000000005,5.300000000000001,5.300000000000001,5.300000000000001,6.4,6.4,6.4,6.4,6.4,6.4,6.4,6.4,4.15,6.3500000000000005,6.3500000000000005,6.3500000000000005,8.350000000000001,6.3500000000000005,6.3500000000000005,8.4,6.4,8.4,6.4,6.4,8.4,6.4,6.4,1.1,1.1,0.0,2.2,6.4,6.4,6.4,8.4,6.4,6.4,6.3500000000000005,8.350000000000001,10.350000000000001,6.3500000000000005,8.350000000000001,6.3500000000000005,6.3500000000000005,6.3500000000000005,6.3500000000000005,8.350000000000001,6.3500000000000005,5.25,7.25,5.05,2.2,5.05,3.3000000000000003,2.2,3.05,4.3500000000000005,4.4,5.300000000000001,6.3500000000000005,6.4,8.4,6.4,6.4,6.4,6.3500000000000005,8.350000000000001,8.350000000000001,6.3500000000000005,4.15
PE2-CENTRAL,4.15,4.15,6.1499999999999995,5.300000000000001,3.3000000000000003,5.300000000000001,6.1499999999999995,4.15,4.15,4.15,6.1499999999999995,4.15,4.15,4.15,4.15,4.15,6.1499999999999995,5.300000000000001,6.3500000000000005,6.3500000000000005,6.3500000000000005,6.3500000000000005,6.3500000000000005,6.3500000000000005,6.3500000000000005,6.3500000000000005,6.3500000000000005,6.3500000000000005,6.3500000000000005,6.3500000000000005,6.3500000000000005,4.3500000000000005,4.3500000000000005,4.3500000000000005,5.45,5.300000000000001,5.300000000000001,4.3500000000000005,2.1500000000000004,2.1500000000000004,2.1500000000000004,2.1500000000000004,2.1500000000000004,2.1500000000000004,2.1500000000000004,2.1500000000000004,2.1500000000000004,2.1500000000000004,2.1500000000000004,2.1500000000000004,2.1500000000000004,4.15,4.15,4.15,4.15,4.2,4.2,2.2,6.3500000000000005,5.300000000000001,6.4,4.15,4.4,4.4,4.4,4.4,4.4,4.4,3.3000000000000003,4.15,6.3500000000000005,6.3500000000000005,6.3500000000000005,5.300000000000001,2.1500000000000004,1.05,3.3000000000000003,3.25,6.3500000000000005,6.3500000000000005,6.3500000000000005,4.15,4.15,4.15,4.15,8.4,6.4,6.4,4.15,4.15,4.15,4.15,2.2,1.1,4.2,4.2,2.2,4.2,4.2,1.1,6.4,6.4,8.4,6.4,4.15,4.15,4.15,4.15,5.300000000000001,5.300000000000001,5.300000000000001,6.4,6.4,6.4,6.4,6.4,6.4,6.4,6.4,6.3500000000000005,4.15,4.15,4.15,6.15,4.15,4.15,8.4,6.4,8.4,6.4,6.4,8.4,6.4,6.4,1.1,1.1,2.2,0.0,6.4,6.4,6.4,8.4,6.4,6.4,4.15,6.15,8.15,4.15,6.15,4.15,4.15,4.15,4.15,6.15,4.15,7.45,9.45,3.2500000000000004,2.2,4.35,1.1,2.2,5.25,2.1500000000000004,3.25,5.300000000000001,4.15,6.4,8.4,6.4,6.4,6.4,4.15,6.15,6.15,4.15,6.3500000000000005
POS-0A-A131,10.55,10.55,12.55,9.5,7.5,9.5,12.55,10.55,10.55,10.55,12.55,10.55,10.55,10.55,10.55,10.55,12.55,9.5,10.55,10.55,10.55,10.55,10.55,10.55,10.55,10.55,10.55,10.55,10.55,10.55,10.55,8.55,8.55,8.55,9.65,9.5,9.5,8.55,8.55,8.55,8.55,8.55,8.55,8.55,8.55,8.55,8.55,8.55,8.55,8.55,8.55,10.55,10.55,10.55,10.55,8.4,8.4,6.4,10.55,9.5,6.2,10.55,4.2,4.2,4.2,4.2,2.0,4.2,3.1,10.55,10.55,10.55,10.55,9.5,8.55,7.45,8.55,7.45,10.55,10.55,10.55,10.55,10.55,10.55,10.55,8.2,6.2,6.2,10.55,10.55,10.55,10.55,7.5,7.5,8.4,8.4,6.4,8.4,8.4,5.300000000000001,6.2,6.2,8.2,6.2,10.55,10.55,10.55,10.55,9.5,9.5,9.5,6.2,6.2,6.2,6.2,6.2,6.2,6.2,6.2,10.55,10.55,10.55,10.55,12.55,10.55,10.55,8.2,6.2,8.2,6.2,6.2,8.2,6.2,6.2,6.4,6.4,6.4,6.4,0.0,4.0,4.0,6.0,4.0,4.0,10.55,12.55,14.55,10.55,12.55,10.55,10.55,10.55,10.55,12.55,10.55,11.65,13.649999999999999,9.65,4.2,10.75,5.300000000000001,6.4,9.45,8.55,9.65,9.5,10.55,6.2,8.2,6.2,6.2,6.2,10.55,12.55,12.55,10.55,10.55
POS-0A-A31,10.55,10.55,12.55,9.5,7.5,9.5,12.55,10.55,10.55,10.55,12.55,10.55,10.55,10.55,10.55,10.55,12.55,9.5,10.55,10.55,10.55,10.55,10.55,10.55,10.55,10.55,10.55,10.55,10.55,10.55,10.55,8.55,8.55,8.55,9.65,9.5,9.5,8.55,8.55,8.55,8.55,8.55,8.55,8.55,8.55,8.55,8.55,8.55,8.55,8.55,8.55,10.55,10.55,10.55,10.55,8.4,8.4,6.4,10.55,9.5,6.2,10.55,4.2,4.2,4.2,4.2,2.0,4.2,3.1,10.55,10.55,10.55,10.55,9.5,8.55,7.45,8.55,7.45,10.55,10.55,10.55,10.55,10.55,10.55,10.55,8.2,6.2,6.2,10.55,10.55,10.55,10.55,7.5,7.5,8.4,8.4,6.4,8.4,8.4,5.300000000000001,6.2,6.2,8.2,6.2,10.55,10.55,10.55,10.55,9.5,9.5,9.5,6.2,6.2,6.2,6.2,6.2,6.2,6.2,6.2,10.55,10.55,10.55,10.55,12.55,10.55,10.55,8.2,6.2,8.2,6.2,6.2,8.2,6.2,6.2,6.4,6.4,6.4,6.4,4.0,0.0,4.0,6.0,4.0,4.0,10.55,12.55,14.55,10.55,12.55,10.55,10.55,10.55,10.55,12.55,10.55,11.65,13.649999999999999,9.65,4.2,10.75,5.300000000000001,6.4,9.45,8.55,9.65,9.5,10.55,6.2,8.2,6.2,6.2,6.2,10.55,12.55,12.55,10.55,10.55
POS-1B-A32,10.55,10.55,12.55,9.5,7.5,9.5,12.55,10.55,10.55,10.55,12.55,10.55,10.55,10.55,10.55,10.55,12.55,9.5,10.55,10.55,10.55,10.55,10.55,10.55,10.55,10.55,10.55,10.55,10.55,10.55,10.55,8.55,8.55,8.55,9.65,9.5,9.5,8.55,8.55,8.55,8.55,8.55,8.55,8.55,8.55,8.55,8.55,8.55,8.55,8.55,8.55,10.55,10.55,10.55,10.55,8.4,8.4,6.4,10.55,9.5,6.2,10.55,4.2,4.2,4.2,4.2,2.0,4.2,3.1,10.55,10.55,10.55,10.55,9.5,8.55,7.45,8.55,7.45,10.55,10.55,10.55,10.55,10.55,10.55,10.55,8.2,6.2,6.2,10.55,10.55,10.55,10.55,7.5,7.5,8.4,8.4,6.4,8.4,8.4,5.300000000000001,6.2,6.2,8.2,6.2,10.55,10.55,10.55,10.55,9.5,9.5,9.5,6.2,6.2,6.2,6.2,6.2,6.2,6.2,6.2,10.55,10.55,10.55,10.55,12.55,10.55,10.55,8.2,6.2,8.2,6.2,6.2,8.2,6.2,6.2,6.4,6.4,6.4,6.4,4.0,4.0,0.0,6.0,4.0,4.0,10.55,12.55,14.55,10.55,12.55,10.55,10.55,10.55,10.55,12.55,10.55,11.65,13.649999999999999,9.65,4.2,10.75,5.300000000000001,6.4,9.45,8.55,9.65,9.5,10.55,6.2,8.2,6.2,6.2,6.2,10.55,12.55,12.55,10.55,10.55
POS-2C-A133,12.55,12.55,14.55,11.5,9.5,11.5,14.55,12.55,12.55,12.55,14.55,12.55,12.55,12.55,12.55,12.55,14.55,11.5,12.55,12.55,12.55,12.55,12.55,12.55,12.55,12.55,12.55,12.55,12.55,12.55,12.55,10.55,10.55,10.55,11.65,11.5,11.5,10.55,10.55,10.55,10.55,10.55,10.55,10.55,10.55,10.55,10.55,10.55,10.55,10.55,10.55,12.55,12.55,12.55,12.55,10.4,10.4,8.4,12.55,11.5,8.2,12.55,6.2,6.2,6.2,6.2,4.0,6.2,5.1,12.55,12.55,12.55,12.55,11.5,10.55,9.45,10.55,9.45,12.55,12.55,12.55,12.55,12.55,12.55,12.55,10.2,8.2,8.2,12.55,12.55,12.55,12.55,9.5,9.5,10.4,10.4,8.4,10.4,10.4,7.300000000000001,8.2,8.2,10.2,8.2,12.55,12.55,12.55,12.55,11.5,11.5,11.5,8.2,8.2,8.2,8.2,8.2,8.2,8.2,8.2,12.55,12.55,12.55,12.55,14.55,12.55,12.55,10.2,8.2,10.2,8.2,8.2,10.2,8.2,8.2,8.4,8.4,8.4,8.4,6.0,6.0,6.0,0.0,2.0,6.0,12.55,14.55,16.55,12.55,14.55,12.55,12.55,12.55,12.55,14.55,12.55,13.65,15.649999999999999,11.65,6.2,12.75,7.300000000000001,8.4,11.45,10.55,11.65,11.5,12.55,8.2,10.2,8.2,8.2,8.2,12.55,14.55,14.55,12.55,12.55
POS-2C-A33,10.55,10.55,12.55,9.5,7.5,9.5,12.55,10.55,10.55,10.55,12.55,10.55,10.55,10.55,10.55,10.55,12.55,9.5,10.55,10.55,10.55,10.55,10.55,10.55,10.55,10.55,10.55,10.55,10.55,10.55,10.55,8.55,8.55,8.55,9.65,9.5,9.5,8.55,8.55,8.55,8.55,8.55,8.55,8.55,8.55,8.55,8.55,8.55,8.55,8.55,8.55,10.55,10.55,10.55,10.55,8.4,8.4,6.4,10.55,9.5,6.2,10.55,4.2,4.2,4.2,4.2,2.0,4.2,3.1,10.55,10.55,10.55,10.55,9.5,8.55,7.45,8.55,7.45,10.55,10.55,10.55,10.55,10.55,10.55,10.55,8.2,6.2,6.2,10.55,10.55,10.55,10.55,7.5,7.5,8.4,8.4,6.4,8.4,8.4,5.300000000000001,6.2,6.2,8.2,6.2,10.55,10.55,10.55,10.55,9.5,9.5,9.5,6.2,6.2,6.2,6.2,6.2,6.2,6.2,6.2,10.55,10.55,10.55,10.55,12.55,10.55,10.55,8.2,6.2,8.2,6.2,6.2,8.2,6.2,6.2,6.4,6.4,6.4,6.4,4.0,4.0,4.0,2.0,0.0,4.0,10.55,12.55,14.55,10.55,12.55,10.55,10.55,10.55,10.55,12.55,10.55,11.65,13.649999999999999,9.65,4.2,10.75,5.300000000000001,6.4,9.45,8.55,9.65,9.5,10.55,6.2,8.2,6.2,6.2,6.2,10.55,12.55,12.55,10.55,10.55
POSLAB-0D-A34,10.55,10.55,12.55,9.5,7.5,9.5,12.55,10.55,10.55,10.55,12.55,10.55,10.55,10.55,10.55,10.55,12.55,9.5,10.55,10.55,10.55,10.55,10.55,10.55,10.55,10.55,10.55,10.55,10.55,10.55,10.55,8.55,8.55,8.55,9.65,9.5,9.5,8.55,8.55,8.55,8.55,8.55,8.55,8.55,8.55,8.55,8.55,8.55,8.55,8.55,8.55,10.55,10.55,10.55,10.55,8.4,8.4,6.4,10.55,9.5,6.2,10.55,4.2,4.2,4.2,4.2,2.0,4.2,3.1,10.55,10.55,10.55,10.55,9.5,8.55,7.45,8.55,7.45,10.55,10.55,10.55,10.55,10.55,10.55,10.55,8.2,6.2,6.2,10.55,10.55,10.55,10.55,7.5,7.5,8.4,8.4,6.4,8.4,8.4,5.300000000000001,6.2,6.2,8.2,6.2,10.55,10.55,10.55,10.55,9.5,9.5,9.5,6.2,6.2,6.2,6.2,6.2,6.2,6.2,6.2,10.55,10.55,10.55,10.55,12.55,10.55,10.55,8.2,6.2,8.2,6.2,6.2,8.2,6.2,6.2,6.4,6.4,6.4,6.4,4.0,4.0,4.0,6.0,4.0,0.0,10.55,12.55,14.55,10.55,12.55,10.55,10.55,10.55,10.55,12.55,10.55,11.65,13.649999999999999,9.65,4.2,10.75,5.300000000000001,6.4,9.45,8.55,9.65,9.5,10.55,6.2,8.2,6.2,6.2,6.2,10.55,12.55,12.55,10.55,10.55
POST-1A-A64,6.2,6.2,8.2,9.450000000000001,7.450000000000001,9.450000000000001,8.2,6.2,6.2,6.2,8.2,6.2,6.2,6.2,6.2,6.2,8.2,9.450000000000001,10.4,10.4,10.4,10.4,10.4,10.4,10.4,10.4,10.4,10.4,10.4,10.4,10.4,8.4,8.4,8.4,9.5,9.450000000000001,9.450000000000001,8.4,4.2,4.2,4.2,4.2,4.2,4.2,2.0,4.2,4.2,4.2,4.2,4.2,4.2,6.2,6.2,6.2,6.2,8.350000000000001,8.350000000000001,6.3500000000000005,10.4,9.450000000000001,10.55,6.2,8.55,8.55,8.55,8.55,8.55,8.55,7.45,6.2,10.4,10.4,10.4,9.450000000000001,3.1,3.1,7.300000000000001,7.300000000000001,10.4,10.4,10.4,6.2,6.2,6.2,6.2,12.55,10.55,10.55,4.0,4.0,6.2,6.2,6.2,4.2,8.350000000000001,8.350000000000001,6.3500000000000005,8.350000000000001,8.350000000000001,5.25,10.55,10.55,12.55,10.55,6.2,6.2,6.2,6.2,9.450000000000001,9.450000000000001,9.450000000000001,10.55,10.55,10.55,10.55,10.55,10.55,10.55,10.55,10.4,6.2,6.2,6.2,8.2,6.2,6.2,12.55,10.55,12.55,10.55,10.55,12.55,10.55,10.55,5.25,5.25,6.3500000000000005,4.15,10.55,10.55,10.55,12.55,10.55,10.55,0.0,2.0,4.0,6.2,8.2,6.2,6.2,6.2,6.2,8.2,6.2,11.5,13.5,5.300000000000001,6.35,5.300000000000001,5.25,6.3500000000000005,7.300000000000001,4.2,4.2,9.450000000000001,6.2,10.55,12.55,10.55,10.55,10.55,6.2,8.2,8.2,6.2,10.4
POST-1A-A65,8.2,8.2,10.2,11.450000000000001,9.450000000000001,11.450000000000001,10.2,8.2,8.2,8.2,10.2,8.2,8.2,8.2,8.2,8.2,10.2,11.450000000000001,12.4,12.4,12.4,12.4,12.4,12.4,12.4,12.4,12.4,12.4,12.4,12.4,12.4,10.4,10.4,10.4,11.5,11.450000000000001,11.450000000000001,10.4,6.2,6.2,6.2,6.2,6.2,6.2,4.0,6.2,6.2,6.2,6.2,6.2,6.2,8.2,8.2,8.2,8.2,10.350000000000001,10.350000000000001,8.350000000000001,12.4,11.450000000000001,12.55,8.2,10.55,10.55,10.55,10.55,10.55,10.55,9.45,8.2,12.4,12.4,12.4,11.450000000000001,5.1,5.1,9.3,9.3,12.4,12.4,12.4,8.2,8.2,8.2,8.2,14.55,12.55,12.55,6.0,6.0,8.2,8.2,8.2,6.2,10.350000000000001,10.350000000000001,8.350000000000001,10.350000000000001,10.350000000000001,7.25,12.55,12.55,14.55,12.55,8.2,8.2,8.2,8.2,11.450000000000001,11.450000000000001,11.450000000000001,12.55,12.55,12.55,12.55,12.55,12.55,12.55,12.55,12.4,8.2,8.2,8.2,10.2,8.2,8.2,14.55,12.55,14.55,12.55,12.55,14.55,12.55,12.55,7.25,7.25,8.350000000000001,6.15,12.55,12.55,12.55,14.55,12.55,12.55,2.0,0.0,2.0,8.2,10.2,8.2,8.2,8.2,8.2,10.2,8.2,13.5,15.5,7.300000000000001,8.35,7.300000000000001,7.25,8.350000000000001,9.3,6.2,6.2,11.450000000000001,8.2,12.55,14.55,12.55,12.55,12.55,8.2,10.2,10.2,8.2,12.4
POST-2A-A66,10.2,10.2,12.2,13.450000000000001,11.450000000000001,13.450000000000001,12.2,10.2,10.2,10.2,12.2,10.2,10.2,10.2,10.2,10.2,12.2,13.450000000000001,14.4,14.4,14.4,14.4,14.4,14.4,14.4,14.4,14.4,14.4,14.4,14.4,14.4,12.4,12.4,12.4,13.5,13.450000000000001,13.450000000000001,12.4,8.2,8.2,8.2,8.2,8.2,8.2,6.0,8.2,8.2,8.2,8.2,8.2,8.2,10.2,10.2,10.2,10.2,12.350000000000001,12.350000000000001,10.350000000000001,14.4,13.450000000000001,14.55,10.2,12.55,12.55,12.55,12.55,12.55,12.55,11.45,10.2,14.4,14.4,14.4,13.450000000000001,7.1,7.1,11.3,11.3,14.4,14.4,14.4,10.2,10.2,10.2,10.2,16.55,14.55,14.55,8.0,8.0,10.2,10.2,10.2,8.2,12.350000000000001,12.350000000000001,10.350000000000001,12.350000000000001,12.350000000000001,9.25,14.55,14.55,16.55,14.55,10.2,10.2,10.2,10.2,13.450000000000001,13.450000000000001,13.450000000000001,14.55,14.55,14.55,14.55,14.55,14.55,14.55,14.55,14.4,10.2,10.2,10.2,12.2,10.2,10.2,16.55,14.55,16.55,14.55,14.55,16.55,14.55,14.55,9.25,9.25,10.350000000000001,8.15,14.55,14.55,14.55,16.55,14.55,14.55,4.0,2.0,0.0,10.2,12.2,10.2,10.2,10.2,10.2,12.2,10.2,15.5,17.5,9.299999999999999,10.35,9.299999999999999,9.25,10.350000000000001,11.299999999999999,8.2,8.2,13.450000000000001,10.2,14.55,16.55,14.55,14.55,14.55,10.2,12.2,12.2,10.2,14.4
PRO-1A-A73,6.2,6.2,8.2,9.450000000000001,7.450000000000001,9.450000000000001,8.2,6.2,6.2,6.2,8.2,6.2,6.2,6.2,6.2,6.2,8.2,9.450000000000001,10.4,10.4,10.4,10.4,10.4,10.4,10.4,10.4,10.4,10.4,10.4,10.4,10.4,8.4,8.4,8.4,9.5,9.450000000000001,9.450000000000001,8.4,4.2,4.2,4.2,4.2,4.2,4.2,4.2,4.2,4.2,4.2,2.0,4.2,4.2,6.2,6.2,6.2,6.2,8.350000000000001,8.350000000000001,6.3500000000000005,10.4,9.450000000000001,10.55,6.2,8.55,8.55,8.55,8.55,8.55,8.55,7.45,4.0,10.4,10.4,10.4,9.450000000000001,3.1,3.1,7.300000000000001,7.300000000000001,10.4,10.4,10.4,6.2,6.2,6.2,6.2,12.55,10.55,10.55,6.2,6.2,6.2,6.2,6.2,4.2,8.350000000000001,8.350000000000001,6.3500000000000005,8.350000000000001,8.350000000000001,5.25,10.55,10.55,12.55,10.55,6.2,6.2,6.2,6.2,9.450000000000001,9.450000000000001,9.450000000000001,10.55,10.55,10.55,10.55,10.55,10.55,10.55,10.55,10.4,6.2,6.2,6.2,8.2,6.2,6.2,12.55,10.55,12.55,10.55,10.55,12.55,10.55,10.55,5.25,5.25,6.3500000000000005,4.15,10.55,10.55,10.55,12.55,10.55,10.55,6.2,8.2,10.2,0.0,2.0,6.2,6.2,6.2,6.2,8.2,6.2,11.5,13.5,5.300000000000001,6.35,5.300000000000001,5.25,6.3500000000000005,7.300000000000001,4.2,4.2,9.450000000000001,6.2,10.55,12.55,10.55,10.55,10.55,6.2,8.2,8.2,6.2,10.4
PRO-3A-A74,8.2,8.2,10.2,11.450000000000001,9.450000000000001,11.450000000000001,10.2,8.2,8.2,8.2,10.2,8.2,8.2,8.2,8.2,8.2,10.2,11.450000000000001,12.4,12.4,12.4,12.4,12.4,12.4,12.4,12.4,12.4,12.4,12.4,12.4,12.4,10.4,10.4,10.4,11.5,11.450000000000001,11.450000000000001,10.4,6.2,6.2,6.2,6.2,6.2,6.2,6.2,6.2,6.2,6.2,4.0,6.2,6.2,8.2,8.2,8.2,8.2,10.350000000000001,10.350000000000001,8.350000000000001,12.4,11.450000000000001,12.55,8.2,10.55,10.55,10.55,10.55,10.55,10.55,9.45,6.0,12.4,12.4,12.4,11.450000000000001,5.1,5.1,9.3,9.3,12.4,12.4,12.4,8.2,8.2,8.2,8.2,14.55,12.55,12.55,8.2,8.2,8.2,8.2,8.2,6.2,10.350000000000001,10.350000000000001,8.350000000000001,10.350000000000001,10.350000000000001,7.25,12.55,12.55,14.55,12.55,8.2,8.2,8.2,8.2,11.450000000000001,11.450000000000001,11.450000000000001,12.55,12.55,12.55,12.55,12.55,12.55,12.55,12.55,12.4,8.2,8.2,8.2,10.2,8.2,8.2,14.55,12.55,14.55,12.55,12.55,14.55,12.55,12.55,7.25,7.25,8.350000000000001,6.15,12.55,12.55,12.55,14.55,12.55,12.55,8.2,10.2,12.2,2.0,0.0,8.2,8.2,8.2,8.2,10.2,8.2,13.5,15.5,7.300000000000001,8.35,7.300000000000001,7.25,8.350000000000001,9.3,6.2,6.2,11.450000000000001,8.2,12.55,14.55,12.55,12.55,12.55,8.2,10.2,10.2,8.2,12.4
PSIC-1A-A53,6.2,6.2,8.2,9.450000000000001,7.450000000000001,9.450000000000001,8.2,6.2,6.2,6.2,8.2,6.2,6.2,6.2,6.2,6.2,8.2,9.450000000000001,10.4,10.4,10.4,10.4,10.4,10.4,10.4,10.4,10.4,10.4,10.4,10.4,10.4,8.4,8.4,8.4,9.5,9.450000000000001,9.450000000000001,8.4,4.2,4.2,4.2,4.2,4.2,4.2,4.2,4.2,4.2,4.2,4.2,2.0,4.2,6.2,6.2,6.2,6.2,8.350000000000001,8.350000000000001,6.3500000000000005,10.4,9.450000000000001,10.55,6.2,8.55,8.55,8.55,8.55,8.55,8.55,7.45,6.2,10.4,10.4,10.4,9.450000000000001,3.1,3.1,7.300000000000001,7.300000000000001,10.4,10.4,10.4,6.2,6.2,6.2,6.2,12.55,10.55,10.55,6.2,6.2,6.2,6.2,6.2,4.2,8.350000000000001,8.350000000000001,6.3500000000000005,8.350000000000001,8.350000000000001,5.25,10.55,10.55,12.55,10.55,6.2,6.2,6.2,6.2,9.450000000000001,9.450000000000001,9.450000000000001,10.55,10.55,10.55,10.55,10.55,10.55,10.55,10.55,10.4,6.2,6.2,6.2,8.2,6.2,6.2,12.55,10.55,12.55,10.55,10.55,12.55,10.55,10.55,5.25,5.25,6.3500000000000005,4.15,10.55,10.55,10.55,12.55,10.55,10.55,6.2,8.2,10.2,6.2,8.2,0.0,4.0,6.2,6.2,8.2,6.2,11.5,13.5,5.300000000000001,6.35,5.300000000000001,5.25,6.3500000000000005,7.300000000000001,4.2,4.2,9.450000000000001,6.2,10.55,12.55,10.55,10.55,10.55,6.2,8.2,8.2,6.2,10.4
PSIC-2B-A54,6.2,6.2,8.2,9.450000000000001,7.450000000000001,9.450000000000001,8.2,6.2,6.2,6.2,8.2,6.2,6.2,6.2,6.2,6.2,8.2,9.450000000000001,10.4,10.4,10.4,10.4,10.4,10.4,10.4,10.4,10.4,10.4,10.4,10.4,10.4,8.4,8.4,8.4,9.5,9.450000000000001,9.450000000000001,8.4,4.2,4.2,4.2,4.2,4.2,4.2,4.2,4.2,4.2,4.2,4.2,2.0,4.2,6.2,6.2,6.2,6.2,8.350000000000001,8.350000000000001,6.3500000000000005,10.4,9.450000000000001,10.55,6.2,8.55,8.55,8.55,8.55,8.55,8.55,7.45,6.2,10.4,10.4,10.4,9.450000000000001,3.1,3.1,7.300000000000001,7.300000000000001,10.4,10.4,10.4,6.2,6.2,6.2,6.2,12.55,10.55,10.55,6.2,6.2,6.2,6.2,6.2,4.2,8.350000000000001,8.350000000000001,6.3500000000000005,8.350000000000001,8.350000000000001,5.25,10.55,10.55,12.55,10.55,6.2,6.2,6.2,6.2,9.450000000000001,9.450000000000001,9.450000000000001,10.55,10.55,10.55,10.55,10.55,10.55,10.55,10.55,10.4,6.2,6.2,6.2,8.2,6.2,6.2,12.55,10.55,12.55,10.55,10.55,12.55,10.55,10.55,5.25,5.25,6.3500000000000005,4.15,10.55,10.55,10.55,12.55,10.55,10.55,6.2,8.2,10.2,6.2,8.2,4.0,0.0,6.2,6.2,8.2,6.2,11.5,13.5,5.300000000000001,6.35,5.300000000000001,5.25,6.3500000000000005,7.300000000000001,4.2,4.2,9.450000000000001,6.2,10.55,12.55,10.55,10.55,10.55,6.2,8.2,8.2,6.2,10.4
QUI-0A-A78,6.2,6.2,8.2,9.450000000000001,7.450000000000001,9.450000000000001,8.2,6.2,6.2,6.2,8.2,6.2,6.2,6.2,6.2,6.2,8.2,9.450000000000001,10.4,10.4,10.4,10.4,10.4,10.4,10.4,10.4,10.4,10.4,10.4,10.4,10.4,8.4,8.4,8.4,9.5,9.450000000000001,9.450000000000001,8.4,4.2,4.2,4.2,4.2,4.2,4.2,4.2,4.2,4.2,4.2,4.2,4.2,2.0,6.2,6.2,6.2,6.2,8.350000000000001,8.350000000000001,6.3500000000000005,10.4,9.450000000000001,10.55,6.2,8.55,8.55,8.55,8.55,8.55,8.55,7.45,6.2,10.4,10.4,10.4,9.450000000000001,3.1,3.1,7.300000000000001,7.300000000000001,10.4,10.4,10.4,6.2,6.2,6.2,6.2,12.55,10.55,10.55,6.2,6.2,6.2,6.2,6.2,4.2,8.350000000000001,8.350000000000001,6.3500000000000005,8.350000000000001,8.350000000000001,5.25,10.55,10.55,12.55,10.55,6.2,6.2,6.2,6.2,9.450000000000001,9.450000000000001,9.450000000000001,10.55,10.55,10.55,10.55,10.55,10.55,10.55,10.55,10.4,6.2,6.2,6.2,8.2,6.2,6.2,12.55,10.55,12.55,10.55,10.55,12.55,10.55,10.55,5.25,5.25,6.3500000000000005,4.15,10.55,10.55,10.55,12.55,10.55,10.55,6.2,8.2,10.2,6.2,8.2,6.2,6.2,0.0,4.0,6.0,4.0,11.5,13.5,5.300000000000001,6.35,5.300000000000001,5.25,6.3500000000000005,7.300000000000001,4.2,4.2,9.450000000000001,6.2,10.55,12.55,10.55,10.55,10.55,6.2,8.2,8.2,6.2,10.4
QUI-1A-A83,6.2,6.2,8.2,9.450000000000001,7.450000000000001,9.450000000000001,8.2,6.2,6.2,6.2,8.2,6.2,6.2,6.2,6.2,6.2,8.2,9.450000000000001,10.4,10.4,10.4,10.4,10.4,10.4,10.4,10.4,10.4,10.4,10.4,10.4,10.4,8.4,8.4,8.4,9.5,9.450000000000001,9.450000000000001,8.4,4.2,4.2,4.2,4.2,4.2,4.2,4.2,4.2,4.2,4.2,4.2,4.2,2.0,6.2,6.2,6.2,6.2,8.350000000000001,8.350000000000001,6.3500000000000005,10.4,9.450000000000001,10.55,6.2,8.55,8.55,8.55,8.55,8.55,8.55,7.45,6.2,10.4,10.4,10.4,9.450000000000001,3.1,3.1,7.300000000000001,7.300000000000001,10.4,10.4,10.4,6.2,6.2,6.2,6.2,12.55,10.55,10.55,6.2,6.2,6.2,6.2,6.2,4.2,8.350000000000001,8.350000000000001,6.3500000000000005,8.350000000000001,8.350000000000001,5.25,10.55,10.55,12.55,10.55,6.2,6.2,6.2,6.2,9.450000000000001,9.450000000000001,9.450000000000001,10.55,10.55,10.55,10.55,10.55,10.55,10.55,10.55,10.4,6.2,6.2,6.2,8.2,6.2,6.2,12.55,10.55,12.55,10.55,10.55,12.55,10.55,10.55,5.25,5.25,6.3500000000000005,4.15,10.55,10.55,10.55,12.55,10.55,10.55,6.2,8.2,10.2,6.2,8.2,6.2,6.2,4.0,0.0,6.0,4.0,11.5,13.5,5.300000000000001,6.35,5.300000000000001,5.25,6.3500000000000005,7.300000000000001,4.2,4.2,9.450000000000001,6.2,10.55,12.55,10.55,10.55,10.55,6.2,8.2,8.2,6.2,10.4
QUI-2A-A81,8.2,8.2,10.2,11.450000000000001,9.450000000000001,11.450000000000001,10.2,8.2,8.2,8.2,10.2,8.2,8.2,8.2,8.2,8.2,10.2,11.450000000000001,12.4,12.4,12.4,12.4,12.4,12.4,12.4,12.4,12.4,12.4,12.4,12.4,12.4,10.4,10.4,10.4,11.5,11.450000000000001,11.450000000000001,10.4,6.2,6.2,6.2,6.2,6.2,6.2,6.2,6.2,6.2,6.2,6.2,6.2,4.0,8.2,8.2,8.2,8.2,10.350000000000001,10.350000000000001,8.350000000000001,12.4,11.450000000000001,12.55,8.2,10.55,10.55,10.55,10.55,10.55,10.55,9.45,8.2,12.4,12.4,12.4,11.450000000000001,5.1,5.1,9.3,9.3,12.4,12.4,12.4,8.2,8.2,8.2,8.2,14.55,12.55,12.55,8.2,8.2,8.2,8.2,8.2,6.2,10.350000000000001,10.350000000000001,8.350000000000001,10.350000000000001,10.350000000000001,7.25,12.55,12.55,14.55,12.55,8.2,8.2,8.2,8.2,11.450000000000001,11.450000000000001,11.450000000000001,12.55,12.55,12.55,12.55,12.55,12.55,12.55,12.55,12.4,8.2,8.2,8.2,10.2,8.2,8.2,14.55,12.55,14.55,12.55,12.55,14.55,12.55,12.55,7.25,7.25,8.350000000000001,6.15,12.55,12.55,12.55,14.55,12.55,12.55,8.2,10.2,12.2,8.2,10.2,8.2,8.2,6.0,6.0,0.0,2.0,13.5,15.5,7.300000000000001,8.35,7.300000000000001,7.25,8.350000000000001,9.3,6.2,6.2,11.450000000000001,8.2,12.55,14.55,12.55,12.55,12.55,8.2,10.2,10.2,8.2,12.4
QUI-2A-A82,6.2,6.2,8.2,9.450000000000001,7.450000000000001,9.450000000000001,8.2,6.2,6.2,6.2,8.2,6.2,6.2,6.2,6.2,6.2,8.2,9.450000000000001,10.4,10.4,10.4,10.4,10.4,10.4,10.4,10.4,10.4,10.4,10.4,10.4,10.4,8.4,8.4,8.4,9.5,9.450000000000001,9.450000000000001,8.4,4.2,4.2,4.2,4.2,4.2,4.2,4.2,4.2,4.2,4.2,4.2,4.2,2.0,6.2,6.2,6.2,6.2,8.350000000000001,8.350000000000001,6.3500000000000005,10.4,9.450000000000001,10.55,6.2,8.55,8.55,8.55,8.55,8.55,8.55,7.45,6.2,10.4,10.4,10.4,9.450000000000001,3.1,3.1,7.300000000000001,7.300000000000001,10.4,10.4,10.4,6.2,6.2,6.2,6.2,12.55,10.55,10.55,6.2,6.2,6.2,6.2,6.2,4.2,8.350000000000001,8.350000000000001,6.3500000000000005,8.350000000000001,8.350000000000001,5.25,10.55,10.55,12.55,10.55,6.2,6.2,6.2,6.2,9.450000000000001,9.450000000000001,9.450000000000001,10.55,10.55,10.55,10.55,10.55,10.55,10.55,10.55,10.4,6.2,6.2,6.2,8.2,6.2,6.2,12.55,10.55,12.55,10.55,10.55,12.55,10.55,10.55,5.25,5.25,6.3500000000000005,4.15,10.55,10.55,10.55,12.55,10.55,10.55,6.2,8.2,10.2,6.2,8.2,6.2,6.2,4.0,4.0,2.0,0.0,11.5,13.5,5.300000000000001,6.35,5.300000000000001,5.25,6.3500000000000005,7.300000000000001,4.2,4.2,9.450000000000001,6.2,10.55,12.55,10.55,10.55,10.55,6.2,8.2,8.2,6.2,10.4
QUIN-1A-A117,11.5,11.5,13.5,10.55,8.55,10.55,13.5,11.5,11.5,11.5,13.5,11.5,11.5,11.5,11.5,11.5,13.5,10.55,7.300000000000001,7.300000000000001,7.300000000000001,7.300000000000001,7.300000000000001,7.300000000000001,7.300000000000001,7.300000000000001,7.300000000000001,7.300000000000001,7.300000000000001,7.300000000000001,7.300000000000001,5.300000000000001,5.300000000000001,5.300000000000001,2.0,10.55,10.55,3.1,9.5,9.5,9.5,9.5,9.5,9.5,9.5,9.5,9.5,9.5,9.5,9.5,9.5,11.5,11.5,11.5,11.5,9.45,9.45,7.45,7.300000000000001,10.55,11.65,11.5,9.65,9.65,9.65,9.65,9.65,9.65,8.55,11.5,7.300000000000001,7.300000000000001,7.300000000000001,10.55,8.4,8.4,4.2,4.2,5.1,5.1,5.1,11.5,11.5,11.5,11.5,13.65,11.65,11.65,11.5,11.5,11.5,11.5,5.300000000000001,7.300000000000001,9.45,9.45,7.45,9.45,9.45,6.35,11.65,11.65,13.65,11.65,11.5,11.5,11.5,11.5,10.55,10.55,10.55,11.65,11.65,11.65,11.65,11.65,11.65,11.65,11.65,7.300000000000001,11.5,11.5,11.5,13.5,11.5,11.5,13.65,11.65,13.65,11.65,11.65,13.65,11.65,11.65,6.35,6.35,5.25,7.45,11.65,11.65,11.65,13.65,11.65,11.65,11.5,13.5,15.5,11.5,13.5,11.5,11.5,11.5,11.5,13.5,11.5,0.0,2.0,8.2,7.45,8.2,8.55,7.45,6.2,9.3,9.3,10.55,11.5,11.65,13.65,11.65,11.65,11.65,11.5,13.5,13.5,11.5,7.300000000000001
QUIN-1A-A128,13.5,13.5,15.5,12.549999999999999,10.549999999999999,12.549999999999999,15.5,13.5,13.5,13.5,15.5,13.5,13.5,13.5,13.5,13.5,15.5,12.549999999999999,9.3,9.3,9.3,9.3,9.3,9.3,9.3,9.3,9.3,9.3,9.3,9.3,9.3,7.300000000000001,7.300000000000001,7.300000000000001,4.0,12.549999999999999,12.549999999999999,5.1,11.5,11.5,11.5,11.5,11.5,11.5,11.5,11.5,11.5,11.5,11.5,11.5,11.5,13.5,13.5,13.5,13.5,11.45,11.45,9.45,9.3,12.549999999999999,13.649999999999999,13.5,11.649999999999999,11.649999999999999,11.649999999999999,11.649999999999999,11.649999999999999,11.649999999999999,10.549999999999999,13.5,9.3,9.3,9.3,12.549999999999999,10.4,10.4,6.2,6.2,7.1,7.1,7.1,13.5,13.5,13.5,13.5,15.649999999999999,13.649999999999999,13.649999999999999,13.5,13.5,13.5,13.5,7.300000000000001,9.3,11.45,11.45,9.45,11.45,11.45,8.35,13.649999999999999,13.649999999999999,15.649999999999999,13.649999999999999,13.5,13.5,13.5,13.5,12.549999999999999,12.549999999999999,12.549999999999999,13.649999999999999,13.649999999999999,13.649999999999999,13.649999999999999,13.649999999999999,13.649999999999999,13.649999999999999,13.649999999999999,9.3,13.5,13.5,13.5,15.5,13.5,13.5,15.649999999999999,13.649999999999999,15.649999999999999,13.649999999999999,13.649999999999999,15.649999999999999,13.649999999999999,13.649999999999999,8.35,8.35,7.25,9.45,13.649999999999999,13.649999999999999,13.649999999999999,15.649999999999999,13.649999999999999,13.649999999999999,13.5,15.5,17.5,13.5,15.5,13.5,13.5,13.5,13.5,15.5,13.5,2.0,0.0,10.2,9.45,10.2,10.549999999999999,9.45,8.2,11.299999999999999,11.299999999999999,12.549999999999999,13.5,13.649999999999999,15.649999999999999,13.649999999999999,13.649999999999999,13.649999999999999,13.5,15.5,15.5,13.5,9.3
ROUTER-CAMPUS-CENTRO-HISTORICO,5.300000000000001,5.300000000000001,7.299999999999999,8.55,6.550000000000001,8.55,7.299999999999999,5.300000000000001,5.300000000000001,5.300000000000001,7.299999999999999,5.300000000000001,5.300000000000001,5.300000000000001,5.300000000000001,5.300000000000001,7.299999999999999,8.55,7.1,7.1,7.1,7.1,7.1,7.1,7.1,7.1,7.1,7.1,7.1,7.1,7.1,5.1,5.1,5.1,6.2,8.55,8.55,5.1,3.3000000000000003,3.3000000000000003,3.3000000000000003,3.3000000000000003,3.3000000000000003,3.3000000000000003,3.3000000000000003,3.3000000000000003,3.3000000000000003,3.3000000000000003,3.3000000000000003,3.3000000000000003,3.3000000000000003,5.300000000000001,5.300000000000001,5.300000000000001,5.300000000000001,7.450000000000001,7.450000000000001,5.450000000000001,7.1,8.55,9.65,5.300000000000001,7.65,7.65,7.65,7.65,7.65,7.65,6.550000000000001,5.300000000000001,7.1,7.1,7.1,8.55,3.3000000000000003,2.2,4.0,4.0,7.1,7.1,7.1,5.300000000000001,5.300000000000001,5.300000000000001,5.300000000000001,11.65,9.65,9.65,5.300000000000001,5.300000000000001,5.300000000000001,5.300000000000001,5.1,3.3000000000000003,7.450000000000001,7.450000000000001,5.450000000000001,7.450000000000001,7.450000000000001,4.3500000000000005,9.65,9.65,11.65,9.65,5.300000000000001,5.300000000000001,5.300000000000001,5.300000000000001,8.55,8.55,8.55,9.65,9.65,9.65,9.65,9.65,9.65,9.65,9.65,7.1,5.300000000000001,5.300000000000001,5.300000000000001,7.300000000000001,5.300000000000001,5.300000000000001,11.65,9.65,11.65,9.65,9.65,11.65,9.65,9.65,4.3500000000000005,4.3500000000000005,5.05,3.2500000000000004,9.65,9.65,9.65,11.65,9.65,9.65,5.300000000000001,7.300000000000001,9.299999999999999,5.300000000000001,7.300000000000001,5.300000000000001,5.300000000000001,5.300000000000001,5.300000000000001,7.300000000000001,5.300000000000001,8.2,10.2,0.0,5.450000000000001,4.0,4.3500000000000005,5.450000000000001,2.0,1.1,4.4,8.55,5.300000000000001,9.65,11.65,9.65,9.65,9.65,5.300000000000001,7.300000000000001,7.300000000000001,5.300000000000001,7.1
ROUTER-CAMPUS-HUAYNA-CAPAC,6.35,6.35,8.35,5.300000000000001,3.3000000000000003,5.300000000000001,8.35,6.35,6.35,6.35,8.35,6.35,6.35,6.35,6.35,6.35,8.35,5.300000000000001,6.3500000000000005,6.3500000000000005,6.3500000000000005,6.3500000000000005,6.3500000000000005,6.3500000000000005,6.3500000000000005,6.3500000000000005,6.3500000000000005,6.3500000000000005,6.3500000000000005,6.3500000000000005,6.3500000000000005,4.3500000000000005,4.3500000000000005,4.3500000000000005,5.45,5.300000000000001,5.300000000000001,4.3500000000000005,4.3500000000000005,4.3500000000000005,4.3500000000000005,4.3500000000000005,4.3500000000000005,4.3500000000000005,4.3500000000000005,4.3500000000000005,4.3500000000000005,4.3500000000000005,4.3500000000000005,4.3500000000000005,4.3500000000000005,6.35,6.35,6.35,6.35,4.2,4.2,2.2,6.3500000000000005,5.300000000000001,4.2,6.35,2.2,2.2,2.2,2.2,2.2,2.2,1.1,6.35,6.3500000000000005,6.3500000000000005,6.3500000000000005,5.300000000000001,4.3500000000000005,3.25,4.3500000000000005,3.25,6.3500000000000005,6.3500000000000005,6.3500000000000005,6.35,6.35,6.35,6.35,6.2,4.2,4.2,6.35,6.35,6.35,6.35,3.3000000000000003,3.3000000000000003,4.2,4.2,2.2,4.2,4.2,1.1,4.2,4.2,6.2,4.2,6.35,6.35,6.35,6.35,5.300000000000001,5.300000000000001,5.300000000000001,4.2,4.2,4.2,4.2,4.2,4.2,4.2,4.2,6.3500000000000005,6.35,6.35,6.35,8.35,6.35,6.35,6.2,4.2,6.2,4.2,4.2,6.2,4.2,4.2,2.2,2.2,2.2,2.2,4.2,4.2,4.2,6.2,4.2,4.2,6.35,8.35,10.35,6.35,8.35,6.35,6.35,6.35,6.35,8.35,6.35,7.45,9.45,5.450000000000001,0.0,6.549999999999999,1.1,2.2,5.25,4.3500000000000005,5.449999999999999,5.300000000000001,6.35,4.2,6.2,4.2,4.2,4.2,6.35,8.35,8.35,6.35,6.3500000000000005
ROUTER-CAMPUS-MUSEO,5.300000000000001,5.300000000000001,7.299999999999999,8.6,6.6,8.6,7.299999999999999,5.300000000000001,5.300000000000001,5.300000000000001,7.299999999999999,5.300000000000001,5.300000000000001,5.300000000000001,5.300000000000001,5.300000000000001,7.299999999999999,8.6,7.1,7.1,7.1,7.1,7.1,7.1,7.1,7.1,7.1,7.1,7.1,7.1,7.1,5.1,5.1,5.1,6.2,8.6,8.6,5.1,3.3000000000000003,3.3000000000000003,3.3000000000000003,3.3000000000000003,3.3000000000000003,3.3000000000000003,3.3000000000000003,3.3000000000000003,3.3000000000000003,3.3000000000000003,3.3000000000000003,3.3000000000000003,3.3000000000000003,5.300000000000001,5.300000000000001,5.300000000000001,5.300000000000001,8.55,8.55,6.550000000000001,7.1,8.6,10.75,5.300000000000001,8.75,8.75,8.75,8.75,8.75,8.75,7.65,5.300000000000001,7.1,7.1,7.1,8.6,2.2,3.3000000000000003,4.0,4.0,7.1,7.1,7.1,5.300000000000001,5.300000000000001,5.300000000000001,5.300000000000001,12.75,10.75,10.75,5.300000000000001,5.300000000000001,5.300000000000001,5.300000000000001,5.1,3.3000000000000003,8.55,8.55,6.550000000000001,8.55,8.55,5.449999999999999,10.75,10.75,12.75,10.75,5.300000000000001,5.300000000000001,5.300000000000001,5.300000000000001,8.6,8.6,8.6,10.75,10.75,10.75,10.75,10.75,10.75,10.75,10.75,7.1,5.300000000000001,5.300000000000001,5.300000000000001,7.300000000000001,5.300000000000001,5.300000000000001,12.75,10.75,12.75,10.75,10.75,12.75,10.75,10.75,5.449999999999999,4.4,5.05,4.35,10.75,10.75,10.75,12.75,10.75,10.75,5.300000000000001,7.300000000000001,9.299999999999999,5.300000000000001,7.300000000000001,5.300000000000001,5.300000000000001,5.300000000000001,5.300000000000001,7.300000000000001,5.300000000000001,8.2,10.2,4.0,6.549999999999999,0.0,5.449999999999999,5.5,2.0,4.4,1.1,8.6,5.300000000000001,10.75,12.75,10.75,10.75,10.75,5.300000000000001,7.300000000000001,7.300000000000001,5.300000000000001,7.1
ROUTER-CAMPUS-PARAISO,5.25,5.25,7.25,6.4,4.4,6.4,7.25,5.25,5.25,5.25,7.25,5.25,5.25,5.25,5.25,5.25,7.25,6.4,7.450000000000001,7.450000000000001,7.450000000000001,7.450000000000001,7.450000000000001,7.450000000000001,7.450000000000001,7.450000000000001,7.450000000000001,7.450000000000001,7.450000000000001,7.450000000000001,7.450000000000001,5.450000000000001,5.450000000000001,5.450000000000001,6.550000000000001,6.4,6.4,5.450000000000001,3.2500000000000004,3.2500000000000004,3.2500000000000004,3.2500000000000004,3.2500000000000004,3.2500000000000004,3.2500000000000004,3.2500000000000004,3.2500000000000004,3.2500000000000004,3.2500000000000004,3.2500000000000004,3.2500000000000004,5.25,5.25,5.25,5.25,5.300000000000001,5.300000000000001,3.3000000000000003,7.450000000000001,6.4,5.300000000000001,5.25,3.3000000000000003,3.3000000000000003,3.3000000000000003,3.3000000000000003,3.3000000000000003,3.3000000000000003,2.2,5.25,7.450000000000001,7.450000000000001,7.450000000000001,6.4,3.2500000000000004,2.1500000000000004,4.4,4.35,7.450000000000001,7.450000000000001,7.450000000000001,5.25,5.25,5.25,5.25,7.300000000000001,5.300000000000001,5.300000000000001,5.25,5.25,5.25,5.25,3.3000000000000003,2.2,5.300000000000001,5.300000000000001,3.3000000000000003,5.300000000000001,5.300000000000001,2.2,5.300000000000001,5.300000000000001,7.300000000000001,5.300000000000001,5.25,5.25,5.25,5.25,6.4,6.4,6.4,5.300000000000001,5.300000000000001,5.300000000000001,5.300000000000001,5.300000000000001,5.300000000000001,5.300000000000001,5.300000000000001,7.450000000000001,5.25,5.25,5.25,7.25,5.25,5.25,7.300000000000001,5.300000000000001,7.300000000000001,5.300000000000001,5.300000000000001,7.300000000000001,5.300000000000001,5.300000000000001,2.2,2.2,3.3000000000000003,1.1,5.300000000000001,5.300000000000001,5.300000000000001,7.300000000000001,5.300000000000001,5.300000000000001,5.25,7.25,9.25,5.25,7.25,5.25,5.25,5.25,5.25,7.25,5.25,8.55,10.549999999999999,4.3500000000000005,1.1,5.449999999999999,0.0,3.3000000000000003,6.35,3.2500000000000004,4.35,6.4,5.25,5.300000000000001,7.300000000000001,5.300000000000001,5.300000000000001,5.300000000000001,5.25,7.25,7.25,5.25,7.450000000000001
ROUTER-CAMPUS-YANUNCAY,6.3500000000000005,6.3500000000000005,8.35,3.1,1.1,3.1,8.35,6.3500000000000005,6.3500000000000005,6.3500000000000005,8.35,6.3500000000000005,6.3500000000000005,6.3500000000000005,6.3500000000000005,6.3500000000000005,8.35,3.1,6.3500000000000005,6.3500000000000005,6.3500000000000005,6.3500000000000005,6.3500000000000005,6.3500000000000005,6.3500000000000005,6.3500000000000005,6.3500000000000005,6.3500000000000005,6.3500000000000005,6.3500000000000005,6.3500000000000005,4.3500000000000005,4.3500000000000005,4.3500000000000005,5.45,3.1,3.1,4.3500000000000005,4.3500000000000005,4.3500000000000005,4.3500000000000005,4.3500000000000005,4.3500000000000005,4.3500000000000005,4.3500000000000005,4.3500000000000005,4.3500000000000005,4.3500000000000005,4.3500000000000005,4.3500000000000005,4.3500000000000005,6.3500000000000005,6.3500000000000005,6.3500000000000005,6.3500000000000005,4.2,4.2,2.2,6.3500000000000005,3.1,6.4,6.3500000000000005,4.4,4.4,4.4,4.4,4.4,4.4,3.3000000000000003,6.3500000000000005,6.3500000000000005,6.3500000000000005,6.3500000000000005,3.1,3.3000000000000003,3.25,4.3500000000000005,3.25,6.3500000000000005,6.3500000000000005,6.3500000000000005,6.3500000000000005,6.3500000000000005,6.3500000000000005,6.3500000000000005,8.4,6.4,6.4,6.3500000000000005,6.3500000000000005,6.3500000000000005,6.3500000000000005,3.3000000000000003,2.2,4.2,4.2,2.2,4.2,4.2,1.1,6.4,6.4,8.4,6.4,6.3500000000000005,6.3500000000000005,6.3500000000000005,6.3500000000000005,3.1,3.1,3.1,6.4,6.4,6.4,6.4,6.4,6.4,6.4,6.4,6.3500000000000005,6.3500000000000005,6.3500000000000005,6.3500000000000005,8.350000000000001,6.3500000000000005,6.3500000000000005,8.4,6.4,8.4,6.4,6.4,8.4,6.4,6.4,2.2,1.1,2.2,2.2,6.4,6.4,6.4,8.4,6.4,6.4,6.3500000000000005,8.350000000000001,10.350000000000001,6.3500000000000005,8.350000000000001,6.3500000000000005,6.3500000000000005,6.3500000000000005,6.3500000000000005,8.350000000000001,6.3500000000000005,7.45,9.45,5.450000000000001,2.2,5.5,3.3000000000000003,0.0,5.25,4.3500000000000005,4.4,3.1,6.3500000000000005,6.4,8.4,6.4,6.4,6.4,6.3500000000000005,8.350000000000001,8.350000000000001,6.3500000000000005,6.3500000000000005
ROUTER-L2TP-BALZAY,7.300000000000001,7.300000000000001,9.299999999999999,8.35,6.35,8.35,9.299999999999999,7.300000000000001,7.300000000000001,7.300000000000001,9.299999999999999,7.300000000000001,7.300000000000001,7.300000000000001,7.300000000000001,7.300000000000001,9.299999999999999,8.35,5.1,5.1,5.1,5.1,5.1,5.1,5.1,5.1,5.1,5.1,5.1,5.1,5.1,3.1,3.1,3.1,4.2,8.35,8.35,3.1,5.300000000000001,5.300000000000001,5.300000000000001,5.300000000000001,5.300000000000001,5.300000000000001,5.300000000000001,5.300000000000001,5.300000000000001,5.300000000000001,5.300000000000001,5.300000000000001,5.300000000000001,7.300000000000001,7.300000000000001,7.300000000000001,7.300000000000001,7.25,7.25,5.25,5.1,8.35,9.45,7.300000000000001,7.45,7.45,7.45,7.45,7.45,7.45,6.35,7.300000000000001,5.1,5.1,5.1,8.35,4.2,4.2,2.0,2.0,5.1,5.1,5.1,7.300000000000001,7.300000000000001,7.300000000000001,7.300000000000001,11.45,9.45,9.45,7.300000000000001,7.300000000000001,7.300000000000001,7.300000000000001,3.1,5.1,7.25,7.25,5.25,7.25,7.25,4.15,9.45,9.45,11.45,9.45,7.300000000000001,7.300000000000001,7.300000000000001,7.300000000000001,8.35,8.35,8.35,9.45,9.45,9.45,9.45,9.45,9.45,9.45,9.45,5.1,7.300000000000001,7.300000000000001,7.300000000000001,9.3,7.300000000000001,7.300000000000001,11.45,9.45,11.45,9.45,9.45,11.45,9.45,9.45,4.15,4.15,3.05,5.25,9.45,9.45,9.45,11.45,9.45,9.45,7.300000000000001,9.3,11.299999999999999,7.300000000000001,9.3,7.300000000000001,7.300000000000001,7.300000000000001,7.300000000000001,9.3,7.300000000000001,6.2,8.2,2.0,5.25,2.0,6.35,5.25,0.0,3.1,3.1,8.35,7.300000000000001,9.45,11.45,9.45,9.45,9.45,7.300000000000001,9.3,9.3,7.300000000000001,5.1
SW-ARUBA-CENTRO-HISTORICO,4.2,4.2,6.199999999999999,7.450000000000001,5.450000000000001,7.450000000000001,6.199999999999999,4.2,4.2,4.2,6.199999999999999,4.2,4.2,4.2,4.2,4.2,6.199999999999999,7.450000000000001,8.2,8.2,8.2,8.2,8.2,8.2,8.2,8.2,8.2,8.2,8.2,8.2,8.2,6.2,6.2,6.2,7.300000000000001,7.450000000000001,7.450000000000001,6.2,2.2,2.2,2.2,2.2,2.2,2.2,2.2,2.2,2.2,2.2,2.2,2.2,2.2,4.2,4.2,4.2,4.2,6.3500000000000005,6.3500000000000005,4.3500000000000005,8.2,7.450000000000001,8.55,4.2,6.550000000000001,6.550000000000001,6.550000000000001,6.550000000000001,6.550000000000001,6.550000000000001,5.450000000000001,4.2,8.2,8.2,8.2,7.450000000000001,2.2,1.1,5.1,5.1,8.2,8.2,8.2,4.2,4.2,4.2,4.2,10.55,8.55,8.55,4.2,4.2,4.2,4.2,4.2,2.2,6.3500000000000005,6.3500000000000005,4.3500000000000005,6.3500000000000005,6.3500000000000005,3.2500000000000004,8.55,8.55,10.55,8.55,4.2,4.2,4.2,4.2,7.450000000000001,7.450000000000001,7.450000000000001,8.55,8.55,8.55,8.55,8.55,8.55,8.55,8.55,8.2,4.2,4.2,4.2,6.2,4.2,4.2,10.55,8.55,10.55,8.55,8.55,10.55,8.55,8.55,3.2500000000000004,3.2500000000000004,4.3500000000000005,2.1500000000000004,8.55,8.55,8.55,10.55,8.55,8.55,4.2,6.2,8.2,4.2,6.2,4.2,4.2,4.2,4.2,6.2,4.2,9.3,11.299999999999999,1.1,4.3500000000000005,4.4,3.2500000000000004,4.3500000000000005,3.1,0.0,3.3000000000000003,7.450000000000001,4.2,8.55,10.55,8.55,8.55,8.55,4.2,6.2,6.2,4.2,8.2
SW-ARUBA-MUSEO,4.2,4.2,6.199999999999999,7.5,5.5,7.5,6.199999999999999,4.2,4.2,4.2,6.199999999999999,4.2,4.2,4.2,4.2,4.2,6.199999999999999,7.5,8.2,8.2,8.2,8.2,8.2,8.2,8.2,8.2,8.2,8.2,8.2,8.2,8.2,6.2,6.2,6.2,7.300000000000001,7.5,7.5,6.2,2.2,2.2,2.2,2.2,2.2,2.2,2.2,2.2,2.2,2.2,2.2,2.2,2.2,4.2,4.2,4.2,4.2,7.45,7.45,5.45,8.2,7.5,9.65,4.2,7.65,7.65,7.65,7.65,7.65,7.65,6.55,4.2,8.2,8.2,8.2,7.5,1.1,2.2,5.1,5.1,8.2,8.2,8.2,4.2,4.2,4.2,4.2,11.65,9.65,9.65,4.2,4.2,4.2,4.2,4.2,2.2,7.45,7.45,5.45,7.45,7.45,4.35,9.65,9.65,11.65,9.65,4.2,4.2,4.2,4.2,7.5,7.5,7.5,9.65,9.65,9.65,9.65,9.65,9.65,9.65,9.65,8.2,4.2,4.2,4.2,6.2,4.2,4.2,11.65,9.65,11.65,9.65,9.65,11.65,9.65,9.65,4.35,3.3000000000000003,4.4,3.25,9.65,9.65,9.65,11.65,9.65,9.65,4.2,6.2,8.2,4.2,6.2,4.2,4.2,4.2,4.2,6.2,4.2,9.3,11.299999999999999,4.4,5.449999999999999,1.1,4.35,4.4,3.1,3.3000000000000003,0.0,7.5,4.2,9.65,11.65,9.65,9.65,9.65,4.2,6.2,6.2,4.2,8.2
TALL-0A-A12,9.450000000000001,9.450000000000001,11.45,4.0,2.0,4.0,11.45,9.450000000000001,9.450000000000001,9.450000000000001,11.45,9.450000000000001,9.450000000000001,9.450000000000001,9.450000000000001,9.450000000000001,11.45,4.0,9.450000000000001,9.450000000000001,9.450000000000001,9.450000000000001,9.450000000000001,9.450000000000001,9.450000000000001,9.450000000000001,9.450000000000001,9.450000000000001,9.450000000000001,9.450000000000001,9.450000000000001,7.450000000000001,7.450000000000001,7.450000000000001,8.55,4.0,4.0,7.450000000000001,7.450000000000001,7.450000000000001,7.450000000000001,7.450000000000001,7.450000000000001,7.450000000000001,7.450000000000001,7.450000000000001,7.450000000000001,7.450000000000001,7.450000000000001,7.450000000000001,7.450000000000001,9.450000000000001,9.450000000000001,9.450000000000001,9.450000000000001,7.300000000000001,7.300000000000001,5.300000000000001,9.450000000000001,4.0,9.5,9.450000000000001,7.5,7.5,7.5,7.5,7.5,7.5,6.4,9.450000000000001,9.450000000000001,9.450000000000001,9.450000000000001,4.0,6.4,6.35,7.450000000000001,6.35,9.450000000000001,9.450000000000001,9.450000000000001,9.450000000000001,9.450000000000001,9.450000000000001,9.450000000000001,11.5,9.5,9.5,9.450000000000001,9.450000000000001,9.450000000000001,9.450000000000001,6.4,5.300000000000001,7.300000000000001,7.300000000000001,5.300000000000001,7.300000000000001,7.300000000000001,4.2,9.5,9.5,11.5,9.5,9.450000000000001,9.450000000000001,9.450000000000001,9.450000000000001,4.0,4.0,4.0,9.5,9.5,9.5,9.5,9.5,9.5,9.5,9.5,9.450000000000001,9.450000000000001,9.450000000000001,9.450000000000001,11.450000000000001,9.450000000000001,9.450000000000001,11.5,9.5,11.5,9.5,9.5,11.5,9.5,9.5,5.300000000000001,4.2,5.300000000000001,5.300000000000001,9.5,9.5,9.5,11.5,9.5,9.5,9.450000000000001,11.450000000000001,13.450000000000001,9.450000000000001,11.450000000000001,9.450000000000001,9.450000000000001,9.450000000000001,9.450000000000001,11.450000000000001,9.450000000000001,10.55,12.549999999999999,8.55,5.300000000000001,8.6,6.4,3.1,8.35,7.450000000000001,7.5,0.0,9.450000000000001,9.5,11.5,9.5,9.5,9.5,9.450000000000001,11.450000000000001,11.450000000000001,9.450000000000001,9.450000000000001
TEAT-0A-A75,6.2,6.2,8.2,9.450000000000001,7.450000000000001,9.450000000000001,8.2,6.2,6.2,6.2,8.2,6.2,6.2,6.2,6.2,6.2,8.2,9.450000000000001,10.4,10.4,10.4,10.4,10.4,10.4,10.4,10.4,10.4,10.4,10.4,10.4,10.4,8.4,8.4,8.4,9.5,9.450000000000001,9.450000000000001,8.4,2.0,4.2,4.2,4.2,4.2,4.2,4.2,4.2,4.2,4.2,4.2,4.2,4.2,4.0,4.0,4.0,6.2,8.350000000000001,8.350000000000001,6.3500000000000005,10.4,9.450000000000001,10.55,4.0,8.55,8.55,8.55,8.55,8.55,8.55,7.45,6.2,10.4,10.4,10.4,9.450000000000001,3.1,3.1,7.300000000000001,7.300000000000001,10.4,10.4,10.4,6.2,6.2,6.2,6.2,12.55,10.55,10.55,6.2,6.2,6.2,6.2,6.2,4.2,8.350000000000001,8.350000000000001,6.3500000000000005,8.350000000000001,8.350000000000001,5.25,10.55,10.55,12.55,10.55,6.2,6.2,6.2,6.2,9.450000000000001,9.450000000000001,9.450000000000001,10.55,10.55,10.55,10.55,10.55,10.55,10.55,10.55,10.4,6.2,6.2,6.2,8.2,6.2,6.2,12.55,10.55,12.55,10.55,10.55,12.55,10.55,10.55,5.25,5.25,6.3500000000000005,4.15,10.55,10.55,10.55,12.55,10.55,10.55,6.2,8.2,10.2,6.2,8.2,6.2,6.2,6.2,6.2,8.2,6.2,11.5,13.5,5.300000000000001,6.35,5.300000000000001,5.25,6.3500000000000005,7.300000000000001,4.2,4.2,9.450000000000001,0.0,10.55,12.55,10.55,10.55,10.55,6.2,8.2,8.2,6.2,10.4
TECMED-0B-A42,10.55,10.55,12.55,9.5,7.5,9.5,12.55,10.55,10.55,10.55,12.55,10.55,10.55,10.55,10.55,10.55,12.55,9.5,10.55,10.55,10.55,10.55,10.55,10.55,10.55,10.55,10.55,10.55,10.55,10.55,10.55,8.55,8.55,8.55,9.65,9.5,9.5,8.55,8.55,8.55,8.55,8.55,8.55,8.55,8.55,8.55,8.55,8.55,8.55,8.55,8.55,10.55,10.55,10.55,10.55,8.4,8.4,6.4,10.55,9.5,6.2,10.55,4.2,4.2,4.2,4.2,4.2,2.0,3.1,10.55,10.55,10.55,10.55,9.5,8.55,7.45,8.55,7.45,10.55,10.55,10.55,10.55,10.55,10.55,10.55,8.2,6.2,6.2,10.55,10.55,10.55,10.55,7.5,7.5,8.4,8.4,6.4,8.4,8.4,5.300000000000001,6.2,6.2,8.2,6.2,10.55,10.55,10.55,10.55,9.5,9.5,9.5,6.2,6.2,6.2,6.2,6.2,6.2,6.2,6.2,10.55,10.55,10.55,10.55,12.55,10.55,10.55,8.2,6.2,8.2,6.2,6.2,8.2,6.2,6.2,6.4,6.4,6.4,6.4,6.2,6.2,6.2,8.2,6.2,6.2,10.55,12.55,14.55,10.55,12.55,10.55,10.55,10.55,10.55,12.55,10.55,11.65,13.649999999999999,9.65,4.2,10.75,5.300000000000001,6.4,9.45,8.55,9.65,9.5,10.55,0.0,6.0,4.0,4.0,4.0,10.55,12.55,12.55,10.55,10.55
TECMED-1A-A141,12.55,12.55,14.55,11.5,9.5,11.5,14.55,12.55,12.55,12.55,14.55,12.55,12.55,12.55,12.55,12.55,14.55,11.5,12.55,12.55,12.55,12.55,12.55,12.55,12.55,12.55,12.55,12.55,12.55,12.55,12.55,10.55,10.55,10.55,11.65,11.5,11.5,10.55,10.55,10.55,10.55,10.55,10.55,10.55,10.55,10.55,10.55,10.55,10.55,10.55,10.55,12.55,12.55,12.55,12.55,10.4,10.4,8.4,12.55,11.5,8.2,12.55,6.2,6.2,6.2,6.2,6.2,4.0,5.1,12.55,12.55,12.55,12.55,11.5,10.55,9.45,10.55,9.45,12.55,12.55,12.55,12.55,12.55,12.55,12.55,10.2,8.2,8.2,12.55,12.55,12.55,12.55,9.5,9.5,10.4,10.4,8.4,10.4,10.4,7.300000000000001,8.2,8.2,10.2,8.2,12.55,12.55,12.55,12.55,11.5,11.5,11.5,8.2,8.2,8.2,8.2,8.2,8.2,8.2,8.2,12.55,12.55,12.55,12.55,14.55,12.55,12.55,10.2,8.2,10.2,8.2,8.2,10.2,8.2,8.2,8.4,8.4,8.4,8.4,8.2,8.2,8.2,10.2,8.2,8.2,12.55,14.55,16.55,12.55,14.55,12.55,12.55,12.55,12.55,14.55,12.55,13.65,15.649999999999999,11.65,6.2,12.75,7.300000000000001,8.4,11.45,10.55,11.65,11.5,12.55,6.0,0.0,2.0,6.0,6.0,12.55,14.55,14.55,12.55,12.55
TECMED-1A-A41,10.55,10.55,12.55,9.5,7.5,9.5,12.55,10.55,10.55,10.55,12.55,10.55,10.55,10.55,10.55,10.55,12.55,9.5,10.55,10.55,10.55,10.55,10.55,10.55,10.55,10.55,10.55,10.55,10.55,10.55,10.55,8.55,8.55,8.55,9.65,9.5,9.5,8.55,8.55,8.55,8.55,8.55,8.55,8.55,8.55,8.55,8.55,8.55,8.55,8.55,8.55,10.55,10.55,10.55,10.55,8.4,8.4,6.4,10.55,9.5,6.2,10.55,4.2,4.2,4.2,4.2,4.2,2.0,3.1,10.55,10.55,10.55,10.55,9.5,8.55,7.45,8.55,7.45,10.55,10.55,10.55,10.55,10.55,10.55,10.55,8.2,6.2,6.2,10.55,10.55,10.55,10.55,7.5,7.5,8.4,8.4,6.4,8.4,8.4,5.300000000000001,6.2,6.2,8.2,6.2,10.55,10.55,10.55,10.55,9.5,9.5,9.5,6.2,6.2,6.2,6.2,6.2,6.2,6.2,6.2,10.55,10.55,10.55,10.55,12.55,10.55,10.55,8.2,6.2,8.2,6.2,6.2,8.2,6.2,6.2,6.4,6.4,6.4,6.4,6.2,6.2,6.2,8.2,6.2,6.2,10.55,12.55,14.55,10.55,12.55,10.55,10.55,10.55,10.55,12.55,10.55,11.65,13.649999999999999,9.65,4.2,10.75,5.300000000000001,6.4,9.45,8.55,9.65,9.5,10.55,4.0,2.0,0.0,4.0,4.0,10.55,12.55,12.55,10.55,10.55
TECMED-2C-A43,10.55,10.55,12.55,9.5,7.5,9.5,12.55,10.55,10.55,10.55,12.55,10.55,10.55,10.55,10.55,10.55,12.55,9.5,10.55,10.55,10.55,10.55,10.55,10.55,10.55,10.55,10.55,10.55,10.55,10.55,10.55,8.55,8.55,8.55,9.65,9.5,9.5,8.55,8.55,8.55,8.55,8.55,8.55,8.55,8.55,8.55,8.55,8.55,8.55,8.55,8.55,10.55,10.55,10.55,10.55,8.4,8.4,6.4,10.55,9.5,6.2,10.55,4.2,4.2,4.2,4.2,4.2,2.0,3.1,10.55,10.55,10.55,10.55,9.5,8.55,7.45,8.55,7.45,10.55,10.55,10.55,10.55,10.55,10.55,10.55,8.2,6.2,6.2,10.55,10.55,10.55,10.55,7.5,7.5,8.4,8.4,6.4,8.4,8.4,5.300000000000001,6.2,6.2,8.2,6.2,10.55,10.55,10.55,10.55,9.5,9.5,9.5,6.2,6.2,6.2,6.2,6.2,6.2,6.2,6.2,10.55,10.55,10.55,10.55,12.55,10.55,10.55,8.2,6.2,8.2,6.2,6.2,8.2,6.2,6.2,6.4,6.4,6.4,6.4,6.2,6.2,6.2,8.2,6.2,6.2,10.55,12.55,14.55,10.55,12.55,10.55,10.55,10.55,10.55,12.55,10.55,11.65,13.649999999999999,9.65,4.2,10.75,5.300000000000001,6.4,9.45,8.55,9.65,9.5,10.55,4.0,6.0,4.0,0.0,4.0,10.55,12.55,12.55,10.55,10.55
TECMED-3D-A44,10.55,10.55,12.55,9.5,7.5,9.5,12.55,10.55,10.55,10.55,12.55,10.55,10.55,10.55,10.55,10.55,12.55,9.5,10.55,10.55,10.55,10.55,10.55,10.55,10.55,10.55,10.55,10.55,10.55,10.55,10.55,8.55,8.55,8.55,9.65,9.5,9.5,8.55,8.55,8.55,8.55,8.55,8.55,8.55,8.55,8.55,8.55,8.55,8.55,8.55,8.55,10.55,10.55,10.55,10.55,8.4,8.4,6.4,10.55,9.5,6.2,10.55,4.2,4.2,4.2,4.2,4.2,2.0,3.1,10.55,10.55,10.55,10.55,9.5,8.55,7.45,8.55,7.45,10.55,10.55,10.55,10.55,10.55,10.55,10.55,8.2,6.2,6.2,10.55,10.55,10.55,10.55,7.5,7.5,8.4,8.4,6.4,8.4,8.4,5.300000000000001,6.2,6.2,8.2,6.2,10.55,10.55,10.55,10.55,9.5,9.5,9.5,6.2,6.2,6.2,6.2,6.2,6.2,6.2,6.2,10.55,10.55,10.55,10.55,12.55,10.55,10.55,8.2,6.2,8.2,6.2,6.2,8.2,6.2,6.2,6.4,6.4,6.4,6.4,6.2,6.2,6.2,8.2,6.2,6.2,10.55,12.55,14.55,10.55,12.55,10.55,10.55,10.55,10.55,12.55,10.55,11.65,13.649999999999999,9.65,4.2,10.75,5.300000000000001,6.4,9.45,8.55,9.65,9.5,10.55,4.0,6.0,4.0,4.0,0.0,10.55,12.55,12.55,10.55,10.55
TECQUI-0A-A10,6.2,6.2,8.2,9.450000000000001,7.450000000000001,9.450000000000001,8.2,6.2,6.2,6.2,8.2,6.2,6.2,6.2,6.2,6.2,8.2,9.450000000000001,10.4,10.4,10.4,10.4,10.4,10.4,10.4,10.4,10.4,10.4,10.4,10.4,10.4,8.4,8.4,8.4,9.5,9.450000000000001,9.450000000000001,8.4,4.2,4.2,4.2,4.2,4.2,2.0,4.2,4.2,4.2,4.2,4.2,4.2,4.2,6.2,6.2,6.2,6.2,8.350000000000001,8.350000000000001,6.3500000000000005,10.4,9.450000000000001,10.55,6.2,8.55,8.55,8.55,8.55,8.55,8.55,7.45,6.2,10.4,10.4,10.4,9.450000000000001,3.1,3.1,7.300000000000001,7.300000000000001,10.4,10.4,10.4,4.0,4.0,4.0,6.2,12.55,10.55,10.55,6.2,6.2,6.2,6.2,6.2,4.2,8.350000000000001,8.350000000000001,6.3500000000000005,8.350000000000001,8.350000000000001,5.25,10.55,10.55,12.55,10.55,6.2,6.2,6.2,6.2,9.450000000000001,9.450000000000001,9.450000000000001,10.55,10.55,10.55,10.55,10.55,10.55,10.55,10.55,10.4,6.2,6.2,6.2,8.2,6.2,6.2,12.55,10.55,12.55,10.55,10.55,12.55,10.55,10.55,5.25,5.25,6.3500000000000005,4.15,10.55,10.55,10.55,12.55,10.55,10.55,6.2,8.2,10.2,6.2,8.2,6.2,6.2,6.2,6.2,8.2,6.2,11.5,13.5,5.300000000000001,6.35,5.300000000000001,5.25,6.3500000000000005,7.300000000000001,4.2,4.2,9.450000000000001,6.2,10.55,12.55,10.55,10.55,10.55,0.0,2.0,2.0,6.2,10.4
TECQUI-0A-A11,8.2,8.2,10.2,11.450000000000001,9.450000000000001,11.450000000000001,10.2,8.2,8.2,8.2,10.2,8.2,8.2,8.2,8.2,8.2,10.2,11.450000000000001,12.4,12.4,12.4,12.4,12.4,12.4,12.4,12.4,12.4,12.4,12.4,12.4,12.4,10.4,10.4,10.4,11.5,11.450000000000001,11.450000000000001,10.4,6.2,6.2,6.2,6.2,6.2,4.0,6.2,6.2,6.2,6.2,6.2,6.2,6.2,8.2,8.2,8.2,8.2,10.350000000000001,10.350000000000001,8.350000000000001,12.4,11.450000000000001,12.55,8.2,10.55,10.55,10.55,10.55,10.55,10.55,9.45,8.2,12.4,12.4,12.4,11.450000000000001,5.1,5.1,9.3,9.3,12.4,12.4,12.4,6.0,6.0,6.0,8.2,14.55,12.55,12.55,8.2,8.2,8.2,8.2,8.2,6.2,10.350000000000001,10.350000000000001,8.350000000000001,10.350000000000001,10.350000000000001,7.25,12.55,12.55,14.55,12.55,8.2,8.2,8.2,8.2,11.450000000000001,11.450000000000001,11.450000000000001,12.55,12.55,12.55,12.55,12.55,12.55,12.55,12.55,12.4,8.2,8.2,8.2,10.2,8.2,8.2,14.55,12.55,14.55,12.55,12.55,14.55,12.55,12.55,7.25,7.25,8.350000000000001,6.15,12.55,12.55,12.55,14.55,12.55,12.55,8.2,10.2,12.2,8.2,10.2,8.2,8.2,8.2,8.2,10.2,8.2,13.5,15.5,7.300000000000001,8.35,7.300000000000001,7.25,8.350000000000001,9.3,6.2,6.2,11.450000000000001,8.2,12.55,14.55,12.55,12.55,12.55,2.0,0.0,4.0,8.2,12.4
TECQUI-0A-A12,8.2,8.2,10.2,11.450000000000001,9.450000000000001,11.450000000000001,10.2,8.2,8.2,8.2,10.2,8.2,8.2,8.2,8.2,8.2,10.2,11.450000000000001,12.4,12.4,12.4,12.4,12.4,12.4,12.4,12.4,12.4,12.4,12.4,12.4,12.4,10.4,10.4,10.4,11.5,11.450000000000001,11.450000000000001,10.4,6.2,6.2,6.2,6.2,6.2,4.0,6.2,6.2,6.2,6.2,6.2,6.2,6.2,8.2,8.2,8.2,8.2,10.350000000000001,10.350000000000001,8.350000000000001,12.4,11.450000000000001,12.55,8.2,10.55,10.55,10.55,10.55,10.55,10.55,9.45,8.2,12.4,12.4,12.4,11.450000000000001,5.1,5.1,9.3,9.3,12.4,12.4,12.4,6.0,6.0,6.0,8.2,14.55,12.55,12.55,8.2,8.2,8.2,8.2,8.2,6.2,10.350000000000001,10.350000000000001,8.350000000000001,10.350000000000001,10.350000000000001,7.25,12.55,12.55,14.55,12.55,8.2,8.2,8.2,8.2,11.450000000000001,11.450000000000001,11.450000000000001,12.55,12.55,12.55,12.55,12.55,12.55,12.55,12.55,12.4,8.2,8.2,8.2,10.2,8.2,8.2,14.55,12.55,14.55,12.55,12.55,14.55,12.55,12.55,7.25,7.25,8.350000000000001,6.15,12.55,12.55,12.55,14.55,12.55,12.55,8.2,10.2,12.2,8.2,10.2,8.2,8.2,8.2,8.2,10.2,8.2,13.5,15.5,7.300000000000001,8.35,7.300000000000001,7.25,8.350000000000001,9.3,6.2,6.2,11.450000000000001,8.2,12.55,14.55,12.55,12.55,12.55,2.0,4.0,0.0,8.2,12.4
VIN-0A-A72,6.2,6.2,8.2,9.450000000000001,7.450000000000001,9.450000000000001,8.2,6.2,6.2,6.2,8.2,6.2,6.2,6.2,6.2,6.2,8.2,9.450000000000001,10.4,10.4,10.4,10.4,10.4,10.4,10.4,10.4,10.4,10.4,10.4,10.4,10.4,8.4,8.4,8.4,9.5,9.450000000000001,9.450000000000001,8.4,4.2,4.2,4.2,2.0,4.2,4.2,4.2,4.2,4.2,4.2,4.2,4.2,4.2,6.2,6.2,6.2,4.0,8.350000000000001,8.350000000000001,6.3500000000000005,10.4,9.450000000000001,10.55,6.2,8.55,8.55,8.55,8.55,8.55,8.55,7.45,6.2,10.4,10.4,10.4,9.450000000000001,3.1,3.1,7.300000000000001,7.300000000000001,10.4,10.4,10.4,6.2,6.2,6.2,6.2,12.55,10.55,10.55,6.2,6.2,6.2,6.2,6.2,4.2,8.350000000000001,8.350000000000001,6.3500000000000005,8.350000000000001,8.350000000000001,5.25,10.55,10.55,12.55,10.55,6.2,6.2,6.2,6.2,9.450000000000001,9.450000000000001,9.450000000000001,10.55,10.55,10.55,10.55,10.55,10.55,10.55,10.55,10.4,6.2,6.2,6.2,8.2,6.2,6.2,12.55,10.55,12.55,10.55,10.55,12.55,10.55,10.55,5.25,5.25,6.3500000000000005,4.15,10.55,10.55,10.55,12.55,10.55,10.55,6.2,8.2,10.2,6.2,8.2,6.2,6.2,6.2,6.2,8.2,6.2,11.5,13.5,5.300000000000001,6.35,5.300000000000001,5.25,6.3500000000000005,7.300000000000001,4.2,4.2,9.450000000000001,6.2,10.55,12.55,10.55,10.55,10.55,6.2,8.2,8.2,0.0,10.4
VLIR-0A-A107,10.4,10.4,12.399999999999999,9.450000000000001,7.450000000000001,9.450000000000001,12.399999999999999,10.4,10.4,10.4,12.399999999999999,10.4,10.4,10.4,10.4,10.4,12.399999999999999,9.450000000000001,6.2,6.2,6.2,6.2,6.2,6.2,6.2,6.2,6.2,6.2,6.2,6.2,6.2,4.2,4.2,2.0,5.300000000000001,9.450000000000001,9.450000000000001,4.2,8.4,8.4,8.4,8.4,8.4,8.4,8.4,8.4,8.4,8.4,8.4,8.4,8.4,10.4,10.4,10.4,10.4,8.350000000000001,8.350000000000001,6.3500000000000005,4.0,9.450000000000001,10.55,10.4,8.55,8.55,8.55,8.55,8.55,8.55,7.450000000000001,10.4,4.0,4.0,4.0,9.450000000000001,7.300000000000001,7.300000000000001,3.1,3.1,6.2,6.2,6.2,10.4,10.4,10.4,10.4,12.55,10.55,10.55,10.4,10.4,10.4,10.4,4.2,6.2,8.350000000000001,8.350000000000001,6.3500000000000005,8.350000000000001,8.350000000000001,5.25,10.55,10.55,12.55,10.55,10.4,10.4,10.4,10.4,9.450000000000001,9.450000000000001,9.450000000000001,10.55,10.55,10.55,10.55,10.55,10.55,10.55,10.55,6.2,10.4,10.4,10.4,12.4,10.4,10.4,12.55,10.55,12.55,10.55,10.55,12.55,10.55,10.55,5.25,5.25,4.15,6.3500000000000005,10.55,10.55,10.55,12.55,10.55,10.55,10.4,12.4,14.4,10.4,12.4,10.4,10.4,10.4,10.4,12.4,10.4,7.300000000000001,9.3,7.1,6.3500000000000005,7.1,7.450000000000001,6.3500000000000005,5.1,8.2,8.2,9.450000000000001,10.4,10.55,12.55,10.55,10.55,10.55,10.4,12.4,12.4,10.4,0.0
