,AETUC-0A-A76,AETUC-0A-A97,AETUCCF-2A-A79,AGRPRI-1A-A19,AGRPRI-1A-D10,ANF-0A-A14,ARQ-0A-A84,ARQ-0A-A85,ARQ-0B-A87,ARQ-0D-A88,ARQ-0D-A89,ARQ-0D-A90,ARQ-0G-A93-CEPAUC,ARQ-1C-A86,ARQ-1C-A96,ARQ-1E-A91,ARQ-1E-A92,ART-0A-A15,AUL1-2A-A110,AUL1-2A-A111,AUL1-3A-A104,AUL1-3A-A112,AUL2-01A-A124-SUBLAB2,AUL2-01A-A24-SUB,AUL2-0A-A106,AUL2-0A-A118,AUL2-0A-A119,AUL2-0A-A120,AUL2-0A-A121,AUL2-0A-A122,AUL2-0A-A123,BAL-AUL1-D4,BAL-AUL2-D1,BAL-CENTEC-D2,BAL-EADM-D3,BIB-2A-A16,BLOQUED-0A-A21,CB-EADMI-D6,CC-ADM-D40,CC-AETUC-D30,CC-ARQUITECTURA-D107,CC-BIBLIOTECA-D112,CC-BLOQUE-IQ,CC-ECONOMIA-D51,CC-FILOSOFIA-A-D108,CC-FILOSOFIA-B-D111,CC-JURISPRUDENCIA-D110,CC-MONJAS-D126,CC-PROMAS-D31,CC-PSICOLOGIA-D125,CC-QUIMICA-D109,CCADM-2A-A43,CCADM-2A-A44,CCADM-2A-A45,CCBIB-1A-A71,CCJ-1A-A10,CCJ-1A-A11,CCJ-CJURIDICO-D4,CEA-0A-A108,CEN-1A-A20,CENDIA-0A-A19,CMED-0A-A42,CP-EADMINA1-D6,CP-ENFERMERIA-D1,CP-INVESTIGACION-D5,CP-ODONTOLOGIA-D4,CP-POSGRADO-D2,CP-TECMEDICO-D3,CPAR-C10,CREDU-0B-A94,CTBLOQ1-0A-A101,CTBLOQ2-0A-A102,CTBLOQ3-0A-A103,DAN-1A-A11,DATCC-2A-C2,DATCC-2A-C3,DT-0A-C12,DT-0A-C13,EA-0A-A114,EA-1A-A115,EA-1A-A116,ECOK1-1A-A101,ECOK1-1A-A102,ECOK2-1A-A52,ECOK3-0A-A63,ENF-2B-A122,ENF-2B-A22,ENF-3A-A21,FILOA-0B-A56,FILOA-2A-A55,FILOB-1B-A58,FILOB-2A-A57,FORTIGATE-1800F-BALZAY,FORTIGATE-1800F-CENTRAL,HOS-0A-A10,HOS-0A-A13,HOS-0A-D05,HOS-1A-A12,HOS-2A-A11,INTERNET-MPLS,INV-1A-A161,INV-1A-A61,INV-1B-A162,INV-1B-A62,JUR-0A-A59,JUR-0A-A60,JUR-1A-A61,JUR-1A-A62,LAB-1A-A18,LABMAC-1A-A13,LAC-0A-A17,MEDADM-0F-A16,MEDADM-0G-A17,MEDADM-1A-A11,MEDADM-1B-A12,MEDADM-1C-A13,MEDADM-1D-A14,MEDADM-1E-A15,MEDADM-1H-A18,MICRORED-1A-A109,MON-0A-A103,MON-0A-A104,MON-1B-A67,MON-1B-A68,MON-1C-A105,MON-1C-A106,ODO-0B-A152,ODO-0B-A52,ODO-0C-A153,ODO-0C-A154,ODO-0C-A53,ODO-0C-A54,ODO-1A-A151,ODO-1A-A51,PE1-BALZAY,PE1-CENTRAL,PE2-BALZAY,PE2-CENTRAL,POS-0A-A131,POS-0A-A31,POS-1B-A32,POS-2C-A133,POS-2C-A33,POSLAB-0D-A34,POST-1A-A64,POST-1A-A65,POST-2A-A66,PRO-1A-A73,PRO-3A-A74,PSIC-1A-A53,PSIC-2B-A54,QUI-0A-A78,QUI-1A-A83,QUI-2A-A81,QUI-2A-A82,QUIN-1A-A117,QUIN-1A-A128,ROUTER-CAMPUS-CENTRO-HISTORICO,ROUTER-CAMPUS-HUAYNA-CAPAC,ROUTER-CAMPUS-MUSEO,ROUTER-CAMPUS-PARAISO,ROUTER-CAMPUS-YANUNCAY,ROUTER-L2TP-BALZAY,SW-ARUBA-CENTRO-HISTORICO,SW-ARUBA-MUSEO,TALL-0A-A12,TEAT-0A-A75,TECMED-0B-A42,TECMED-1A-A141,TECMED-1A-A41,TECMED-2C-A43,TECMED-3D-A44,TECQUI-0A-A10,TECQUI-0A-A11,TECQUI-0A-A12,VIN-0A-A72,VLIR-0A-A107
AETUC-0A-A76,0.0,2.0,1.0,7.0,6.0,7.0,5.0,4.0,4.0,4.0,5.0,4.0,4.0,4.0,4.0,4.0,5.0,7.0,7.0,7.0,7.0,7.0,7.0,7.0,7.0,7.0,7.0,7.0,7.0,7.0,7.0,6.0,6.0,6.0,7.0,7.0,7.0,6.0,3.0,1.0,3.0,3.0,3.0,3.0,3.0,3.0,3.0,3.0,3.0,3.0,3.0,4.0,4.0,4.0,4.0,6.0,6.0,5.0,7.0,7.0,8.0,4.0,7.0,7.0,7.0,7.0,7.0,7.0,6.0,4.0,7.0,7.0,7.0,7.0,2.0,2.0,5.0,5.0,7.0,7.0,7.0,4.0,4.0,4.0,4.0,9.0,8.0,8.0,4.0,4.0,4.0,4.0,4.0,3.0,6.0,6.0,5.0,6.0,6.0,4.0,8.0,8.0,9.0,8.0,4.0,4.0,4.0,4.0,7.0,7.0,7.0,8.0,8.0,8.0,8.0,8.0,8.0,8.0,8.0,7.0,4.0,4.0,4.0,5.0,4.0,4.0,9.0,8.0,9.0,8.0,8.0,9.0,8.0,8.0,4.0,4.0,5.0,3.0,8.0,8.0,8.0,9.0,8.0,8.0,4.0,5.0,6.0,4.0,5.0,4.0,4.0,4.0,4.0,5.0,4.0,8.0,9.0,4.0,5.0,4.0,4.0,5.0,5.0,3.0,3.0,7.0,4.0,8.0,9.0,8.0,8.0,8.0,4.0,5.0,5.0,4.0,7.0
AETUC-0A-A97,2.0,0.0,3.0,7.0,6.0,7.0,5.0,4.0,4.0,4.0,5.0,4.0,4.0,4.0,4.0,4.0,5.0,7.0,7.0,7.0,7.0,7.0,7.0,7.0,7.0,7.0,7.0,7.0,7.0,7.0,7.0,6.0,6.0,6.0,7.0,7.0,7.0,6.0,3.0,1.0,3.0,3.0,3.0,3.0,3.0,3.0,3.0,3.0,3.0,3.0,3.0,4.0,4.0,4.0,4.0,6.0,6.0,5.0,7.0,7.0,8.0,4.0,7.0,7.0,7.0,7.0,7.0,7.0,6.0,4.0,7.0,7.0,7.0,7.0,2.0,2.0,5.0,5.0,7.0,7.0,7.0,4.0,4.0,4.0,4.0,9.0,8.0,8.0,4.0,4.0,4.0,4.0,4.0,3.0,6.0,6.0,5.0,6.0,6.0,4.0,8.0,8.0,9.0,8.0,4.0,4.0,4.0,4.0,7.0,7.0,7.0,8.0,8.0,8.0,8.0,8.0,8.0,8.0,8.0,7.0,4.0,4.0,4.0,5.0,4.0,4.0,9.0,8.0,9.0,8.0,8.0,9.0,8.0,8.0,4.0,4.0,5.0,3.0,8.0,8.0,8.0,9.0,8.0,8.0,4.0,5.0,6.0,4.0,5.0,4.0,4.0,4.0,4.0,5.0,4.0,8.0,9.0,4.0,5.0,4.0,4.0,5.0,5.0,3.0,3.0,7.0,4.0,8.0,9.0,8.0,8.0,8.0,4.0,5.0,5.0,4.0,7.0
AETUCCF-2A-A79,1.0,3.0,0.0,8.0,7.0,8.0,6.0,5.0,5.0,5.0,6.0,5.0,5.0,5.0,5.0,5.0,6.0,8.0,8.0,8.0,8.0,8.0,8.0,8.0,8.0,8.0,8.0,8.0,8.0,8.0,8.0,7.0,7.0,7.0,8.0,8.0,8.0,7.0,4.0,2.0,4.0,4.0,4.0,4.0,4.0,4.0,4.0,4.0,4.0,4.0,4.0,5.0,5.0,5.0,5.0,7.0,7.0,6.0,8.0,8.0,9.0,5.0,8.0,8.0,8.0,8.0,8.0,8.0,7.0,5.0,8.0,8.0,8.0,8.0,3.0,3.0,6.0,6.0,8.0,8.0,8.0,5.0,5.0,5.0,5.0,10.0,9.0,9.0,5.0,5.0,5.0,5.0,5.0,4.0,7.0,7.0,6.0,7.0,7.0,5.0,9.0,9.0,10.0,9.0,5.0,5.0,5.0,5.0,8.0,8.0,8.0,9.0,9.0,9.0,9.0,9.0,9.0,9.0,9.0,8.0,5.0,5.0,5.0,6.0,5.0,5.0,10.0,9.0,10.0,9.0,9.0,10.0,9.0,9.0,5.0,5.0,6.0,4.0,9.0,9.0,9.0,10.0,9.0,9.0,5.0,6.0,7.0,5.0,6.0,5.0,5.0,5.0,5.0,6.0,5.0,9.0,10.0,5.0,6.0,5.0,5.0,6.0,6.0,4.0,4.0,8.0,5.0,9.0,10.0,9.0,9.0,9.0,5.0,6.0,6.0,5.0,8.0
AGRPRI-1A-A19,7.0,7.0,8.0,0.0,1.0,2.0,8.0,7.0,7.0,7.0,8.0,7.0,7.0,7.0,7.0,7.0,8.0,2.0,7.0,7.0,7.0,7.0,7.0,7.0,7.0,7.0,7.0,7.0,7.0,7.0,7.0,6.0,6.0,6.0,7.0,2.0,2.0,6.0,6.0,6.0,6.0,6.0,6.0,6.0,6.0,6.0,6.0,6.0,6.0,6.0,6.0,7.0,7.0,7.0,7.0,5.0,5.0,4.0,7.0,2.0,7.0,7.0,6.0,6.0,6.0,6.0,6.0,6.0,5.0,7.0,7.0,7.0,7.0,2.0,5.0,5.0,6.0,5.0,7.0,7.0,7.0,7.0,7.0,7.0,7.0,8.0,7.0,7.0,7.0,7.0,7.0,7.0,5.0,4.0,5.0,5.0,4.0,5.0,5.0,3.0,7.0,7.0,8.0,7.0,7.0,7.0,7.0,7.0,2.0,2.0,2.0,7.0,7.0,7.0,7.0,7.0,7.0,7.0,7.0,7.0,7.0,7.0,7.0,8.0,7.0,7.0,8.0,7.0,8.0,7.0,7.0,8.0,7.0,7.0,4.0,3.0,4.0,4.0,7.0,7.0,7.0,8.0,7.0,7.0,7.0,8.0,9.0,7.0,8.0,7.0,7.0,7.0,7.0,8.0,7.0,8.0,9.0,7.0,4.0,7.0,5.0,2.0,6.0,6.0,6.0,2.0,7.0,7.0,8.0,7.0,7.0,7.0,7.0,8.0,8.0,7.0,7.0
AGRPRI-1A-D10,6.0,6.0,7.0,1.0,0.0,1.0,7.0,6.0,6.0,6.0,7.0,6.0,6.0,6.0,6.0,6.0,7.0,1.0,6.0,6.0,6.0,6.0,6.0,6.0,6.0,6.0,6.0,6.0,6.0,6.0,6.0,5.0,5.0,5.0,6.0,1.0,1.0,5.0,5.0,5.0,5.0,5.0,5.0,5.0,5.0,5.0,5.0,5.0,5.0,5.0,5.0,6.0,6.0,6.0,6.0,4.0,4.0,3.0,6.0,1.0,6.0,6.0,5.0,5.0,5.0,5.0,5.0,5.0,4.0,6.0,6.0,6.0,6.0,1.0,4.0,4.0,5.0,4.0,6.0,6.0,6.0,6.0,6.0,6.0,6.0,7.0,6.0,6.0,6.0,6.0,6.0,6.0,4.0,3.0,4.0,4.0,3.0,4.0,4.0,2.0,6.0,6.0,7.0,6.0,6.0,6.0,6.0,6.0,1.0,1.0,1.0,6.0,6.0,6.0,6.0,6.0,6.0,6.0,6.0,6.0,6.0,6.0,6.0,7.0,6.0,6.0,7.0,6.0,7.0,6.0,6.0,7.0,6.0,6.0,3.0,2.0,3.0,3.0,6.0,6.0,6.0,7.0,6.0,6.0,6.0,7.0,8.0,6.0,7.0,6.0,6.0,6.0,6.0,7.0,6.0,7.0,8.0,6.0,3.0,6.0,4.0,1.0,5.0,5.0,5.0,1.0,6.0,6.0,7.0,6.0,6.0,6.0,6.0,7.0,7.0,6.0,6.0
ANF-0A-A14,7.0,7.0,8.0,2.0,1.0,0.0,8.0,7.0,7.0,7.0,8.0,7.0,7.0,7.0,7.0,7.0,8.0,2.0,7.0,7.0,7.0,7.0,7.0,7.0,7.0,7.0,7.0,7.0,7.0,7.0,7.0,6.0,6.0,6.0,7.0,2.0,2.0,6.0,6.0,6.0,6.0,6.0,6.0,6.0,6.0,6.0,6.0,6.0,6.0,6.0,6.0,7.0,7.0,7.0,7.0,5.0,5.0,4.0,7.0,2.0,7.0,7.0,6.0,6.0,6.0,6.0,6.0,6.0,5.0,7.0,7.0,7.0,7.0,2.0,5.0,5.0,6.0,5.0,7.0,7.0,7.0,7.0,7.0,7.0,7.0,8.0,7.0,7.0,7.0,7.0,7.0,7.0,5.0,4.0,5.0,5.0,4.0,5.0,5.0,3.0,7.0,7.0,8.0,7.0,7.0,7.0,7.0,7.0,2.0,2.0,2.0,7.0,7.0,7.0,7.0,7.0,7.0,7.0,7.0,7.0,7.0,7.0,7.0,8.0,7.0,7.0,8.0,7.0,8.0,7.0,7.0,8.0,7.0,7.0,4.0,3.0,4.0,4.0,7.0,7.0,7.0,8.0,7.0,7.0,7.0,8.0,9.0,7.0,8.0,7.0,7.0,7.0,7.0,8.0,7.0,8.0,9.0,7.0,4.0,7.0,5.0,2.0,6.0,6.0,6.0,2.0,7.0,7.0,8.0,7.0,7.0,7.0,7.0,8.0,8.0,7.0,7.0
ARQ-0A-A84,5.0,5.0,6.0,8.0,7.0,8.0,0.0,1.0,3.0,3.0,4.0,3.0,3.0,3.0,3.0,3.0,4.0,8.0,8.0,8.0,8.0,8.0,8.0,8.0,8.0,8.0,8.0,8.0,8.0,8.0,8.0,7.0,7.0,7.0,8.0,8.0,8.0,7.0,4.0,4.0,2.0,4.0,4.0,4.0,4.0,4.0,4.0,4.0,4.0,4.0,4.0,5.0,5.0,5.0,5.0,7.0,7.0,6.0,8.0,8.0,9.0,5.0,8.0,8.0,8.0,8.0,8.0,8.0,7.0,5.0,8.0,8.0,8.0,8.0,3.0,3.0,6.0,6.0,8.0,8.0,8.0,5.0,5.0,5.0,5.0,10.0,9.0,9.0,5.0,5.0,5.0,5.0,5.0,4.0,7.0,7.0,6.0,7.0,7.0,5.0,9.0,9.0,10.0,9.0,5.0,5.0,5.0,5.0,8.0,8.0,8.0,9.0,9.0,9.0,9.0,9.0,9.0,9.0,9.0,8.0,5.0,5.0,5.0,6.0,5.0,5.0,10.0,9.0,10.0,9.0,9.0,10.0,9.0,9.0,5.0,5.0,6.0,4.0,9.0,9.0,9.0,10.0,9.0,9.0,5.0,6.0,7.0,5.0,6.0,5.0,5.0,5.0,5.0,6.0,5.0,9.0,10.0,5.0,6.0,5.0,5.0,6.0,6.0,4.0,4.0,8.0,5.0,9.0,10.0,9.0,9.0,9.0,5.0,6.0,6.0,5.0,8.0
ARQ-0A-A85,4.0,4.0,5.0,7.0,6.0,7.0,1.0,0.0,2.0,2.0,3.0,2.0,2.0,2.0,2.0,2.0,3.0,7.0,7.0,7.0,7.0,7.0,7.0,7.0,7.0,7.0,7.0,7.0,7.0,7.0,7.0,6.0,6.0,6.0,7.0,7.0,7.0,6.0,3.0,3.0,1.0,3.0,3.0,3.0,3.0,3.0,3.0,3.0,3.0,3.0,3.0,4.0,4.0,4.0,4.0,6.0,6.0,5.0,7.0,7.0,8.0,4.0,7.0,7.0,7.0,7.0,7.0,7.0,6.0,4.0,7.0,7.0,7.0,7.0,2.0,2.0,5.0,5.0,7.0,7.0,7.0,4.0,4.0,4.0,4.0,9.0,8.0,8.0,4.0,4.0,4.0,4.0,4.0,3.0,6.0,6.0,5.0,6.0,6.0,4.0,8.0,8.0,9.0,8.0,4.0,4.0,4.0,4.0,7.0,7.0,7.0,8.0,8.0,8.0,8.0,8.0,8.0,8.0,8.0,7.0,4.0,4.0,4.0,5.0,4.0,4.0,9.0,8.0,9.0,8.0,8.0,9.0,8.0,8.0,4.0,4.0,5.0,3.0,8.0,8.0,8.0,9.0,8.0,8.0,4.0,5.0,6.0,4.0,5.0,4.0,4.0,4.0,4.0,5.0,4.0,8.0,9.0,4.0,5.0,4.0,4.0,5.0,5.0,3.0,3.0,7.0,4.0,8.0,9.0,8.0,8.0,8.0,4.0,5.0,5.0,4.0,7.0
ARQ-0B-A87,4.0,4.0,5.0,7.0,6.0,7.0,3.0,2.0,0.0,2.0,3.0,2.0,2.0,2.0,2.0,2.0,3.0,7.0,7.0,7.0,7.0,7.0,7.0,7.0,7.0,7.0,7.0,7.0,7.0,7.0,7.0,6.0,6.0,6.0,7.0,7.0,7.0,6.0,3.0,3.0,1.0,3.0,3.0,3.0,3.0,3.0,3.0,3.0,3.0,3.0,3.0,4.0,4.0,4.0,4.0,6.0,6.0,5.0,7.0,7.0,8.0,4.0,7.0,7.0,7.0,7.0,7.0,7.0,6.0,4.0,7.0,7.0,7.0,7.0,2.0,2.0,5.0,5.0,7.0,7.0,7.0,4.0,4.0,4.0,4.0,9.0,8.0,8.0,4.0,4.0,4.0,4.0,4.0,3.0,6.0,6.0,5.0,6.0,6.0,4.0,8.0,8.0,9.0,8.0,4.0,4.0,4.0,4.0,7.0,7.0,7.0,8.0,8.0,8.0,8.0,8.0,8.0,8.0,8.0,7.0,4.0,4.0,4.0,5.0,4.0,4.0,9.0,8.0,9.0,8.0,8.0,9.0,8.0,8.0,4.0,4.0,5.0,3.0,8.0,8.0,8.0,9.0,8.0,8.0,4.0,5.0,6.0,4.0,5.0,4.0,4.0,4.0,4.0,5.0,4.0,8.0,9.0,4.0,5.0,4.0,4.0,5.0,5.0,3.0,3.0,7.0,4.0,8.0,9.0,8.0,8.0,8.0,4.0,5.0,5.0,4.0,7.0
ARQ-0D-A88,4.0,4.0,5.0,7.0,6.0,7.0,3.0,2.0,2.0,0.0,1.0,2.0,2.0,2.0,2.0,2.0,3.0,7.0,7.0,7.0,7.0,7.0,7.0,7.0,7.0,7.0,7.0,7.0,7.0,7.0,7.0,6.0,6.0,6.0,7.0,7.0,7.0,6.0,3.0,3.0,1.0,3.0,3.0,3.0,3.0,3.0,3.0,3.0,3.0,3.0,3.0,4.0,4.0,4.0,4.0,6.0,6.0,5.0,7.0,7.0,8.0,4.0,7.0,7.0,7.0,7.0,7.0,7.0,6.0,4.0,7.0,7.0,7.0,7.0,2.0,2.0,5.0,5.0,7.0,7.0,7.0,4.0,4.0,4.0,4.0,9.0,8.0,8.0,4.0,4.0,4.0,4.0,4.0,3.0,6.0,6.0,5.0,6.0,6.0,4.0,8.0,8.0,9.0,8.0,4.0,4.0,4.0,4.0,7.0,7.0,7.0,8.0,8.0,8.0,8.0,8.0,8.0,8.0,8.0,7.0,4.0,4.0,4.0,5.0,4.0,4.0,9.0,8.0,9.0,8.0,8.0,9.0,8.0,8.0,4.0,4.0,5.0,3.0,8.0,8.0,8.0,9.0,8.0,8.0,4.0,5.0,6.0,4.0,5.0,4.0,4.0,4.0,4.0,5.0,4.0,8.0,9.0,4.0,5.0,4.0,4.0,5.0,5.0,3.0,3.0,7.0,4.0,8.0,9.0,8.0,8.0,8.0,4.0,5.0,5.0,4.0,7.0
ARQ-0D-A89,5.0,5.0,6.0,8.0,7.0,8.0,4.0,3.0,3.0,1.0,0.0,3.0,3.0,3.0,3.0,3.0,4.0,8.0,8.0,8.0,8.0,8.0,8.0,8.0,8.0,8.0,8.0,8.0,8.0,8.0,8.0,7.0,7.0,7.0,8.0,8.0,8.0,7.0,4.0,4.0,2.0,4.0,4.0,4.0,4.0,4.0,4.0,4.0,4.0,4.0,4.0,5.0,5.0,5.0,5.0,7.0,7.0,6.0,8.0,8.0,9.0,5.0,8.0,8.0,8.0,8.0,8.0,8.0,7.0,5.0,8.0,8.0,8.0,8.0,3.0,3.0,6.0,6.0,8.0,8.0,8.0,5.0,5.0,5.0,5.0,10.0,9.0,9.0,5.0,5.0,5.0,5.0,5.0,4.0,7.0,7.0,6.0,7.0,7.0,5.0,9.0,9.0,10.0,9.0,5.0,5.0,5.0,5.0,8.0,8.0,8.0,9.0,9.0,9.0,9.0,9.0,9.0,9.0,9.0,8.0,5.0,5.0,5.0,6.0,5.0,5.0,10.0,9.0,10.0,9.0,9.0,10.0,9.0,9.0,5.0,5.0,6.0,4.0,9.0,9.0,9.0,10.0,9.0,9.0,5.0,6.0,7.0,5.0,6.0,5.0,5.0,5.0,5.0,6.0,5.0,9.0,10.0,5.0,6.0,5.0,5.0,6.0,6.0,4.0,4.0,8.0,5.0,9.0,10.0,9.0,9.0,9.0,5.0,6.0,6.0,5.0,8.0
ARQ-0D-A90,4.0,4.0,5.0,7.0,6.0,7.0,3.0,2.0,2.0,2.0,3.0,0.0,2.0,2.0,2.0,2.0,3.0,7.0,7.0,7.0,7.0,7.0,7.0,7.0,7.0,7.0,7.0,7.0,7.0,7.0,7.0,6.0,6.0,6.0,7.0,7.0,7.0,6.0,3.0,3.0,1.0,3.0,3.0,3.0,3.0,3.0,3.0,3.0,3.0,3.0,3.0,4.0,4.0,4.0,4.0,6.0,6.0,5.0,7.0,7.0,8.0,4.0,7.0,7.0,7.0,7.0,7.0,7.0,6.0,4.0,7.0,7.0,7.0,7.0,2.0,2.0,5.0,5.0,7.0,7.0,7.0,4.0,4.0,4.0,4.0,9.0,8.0,8.0,4.0,4.0,4.0,4.0,4.0,3.0,6.0,6.0,5.0,6.0,6.0,4.0,8.0,8.0,9.0,8.0,4.0,4.0,4.0,4.0,7.0,7.0,7.0,8.0,8.0,8.0,8.0,8.0,8.0,8.0,8.0,7.0,4.0,4.0,4.0,5.0,4.0,4.0,9.0,8.0,9.0,8.0,8.0,9.0,8.0,8.0,4.0,4.0,5.0,3.0,8.0,8.0,8.0,9.0,8.0,8.0,4.0,5.0,6.0,4.0,5.0,4.0,4.0,4.0,4.0,5.0,4.0,8.0,9.0,4.0,5.0,4.0,4.0,5.0,5.0,3.0,3.0,7.0,4.0,8.0,9.0,8.0,8.0,8.0,4.0,5.0,5.0,4.0,7.0
ARQ-0G-A93-CEPAUC,4.0,4.0,5.0,7.0,6.0,7.0,3.0,2.0,2.0,2.0,3.0,2.0,0.0,2.0,2.0,2.0,3.0,7.0,7.0,7.0,7.0,7.0,7.0,7.0,7.0,7.0,7.0,7.0,7.0,7.0,7.0,6.0,6.0,6.0,7.0,7.0,7.0,6.0,3.0,3.0,1.0,3.0,3.0,3.0,3.0,3.0,3.0,3.0,3.0,3.0,3.0,4.0,4.0,4.0,4.0,6.0,6.0,5.0,7.0,7.0,8.0,4.0,7.0,7.0,7.0,7.0,7.0,7.0,6.0,4.0,7.0,7.0,7.0,7.0,2.0,2.0,5.0,5.0,7.0,7.0,7.0,4.0,4.0,4.0,4.0,9.0,8.0,8.0,4.0,4.0,4.0,4.0,4.0,3.0,6.0,6.0,5.0,6.0,6.0,4.0,8.0,8.0,9.0,8.0,4.0,4.0,4.0,4.0,7.0,7.0,7.0,8.0,8.0,8.0,8.0,8.0,8.0,8.0,8.0,7.0,4.0,4.0,4.0,5.0,4.0,4.0,9.0,8.0,9.0,8.0,8.0,9.0,8.0,8.0,4.0,4.0,5.0,3.0,8.0,8.0,8.0,9.0,8.0,8.0,4.0,5.0,6.0,4.0,5.0,4.0,4.0,4.0,4.0,5.0,4.0,8.0,9.0,4.0,5.0,4.0,4.0,5.0,5.0,3.0,3.0,7.0,4.0,8.0,9.0,8.0,8.0,8.0,4.0,5.0,5.0,4.0,7.0
ARQ-1C-A86,4.0,4.0,5.0,7.0,6.0,7.0,3.0,2.0,2.0,2.0,3.0,2.0,2.0,0.0,2.0,2.0,3.0,7.0,7.0,7.0,7.0,7.0,7.0,7.0,7.0,7.0,7.0,7.0,7.0,7.0,7.0,6.0,6.0,6.0,7.0,7.0,7.0,6.0,3.0,3.0,1.0,3.0,3.0,3.0,3.0,3.0,3.0,3.0,3.0,3.0,3.0,4.0,4.0,4.0,4.0,6.0,6.0,5.0,7.0,7.0,8.0,4.0,7.0,7.0,7.0,7.0,7.0,7.0,6.0,4.0,7.0,7.0,7.0,7.0,2.0,2.0,5.0,5.0,7.0,7.0,7.0,4.0,4.0,4.0,4.0,9.0,8.0,8.0,4.0,4.0,4.0,4.0,4.0,3.0,6.0,6.0,5.0,6.0,6.0,4.0,8.0,8.0,9.0,8.0,4.0,4.0,4.0,4.0,7.0,7.0,7.0,8.0,8.0,8.0,8.0,8.0,8.0,8.0,8.0,7.0,4.0,4.0,4.0,5.0,4.0,4.0,9.0,8.0,9.0,8.0,8.0,9.0,8.0,8.0,4.0,4.0,5.0,3.0,8.0,8.0,8.0,9.0,8.0,8.0,4.0,5.0,6.0,4.0,5.0,4.0,4.0,4.0,4.0,5.0,4.0,8.0,9.0,4.0,5.0,4.0,4.0,5.0,5.0,3.0,3.0,7.0,4.0,8.0,9.0,8.0,8.0,8.0,4.0,5.0,5.0,4.0,7.0
ARQ-1C-A96,4.0,4.0,5.0,7.0,6.0,7.0,3.0,2.0,2.0,2.0,3.0,2.0,2.0,2.0,0.0,2.0,3.0,7.0,7.0,7.0,7.0,7.0,7.0,7.0,7.0,7.0,7.0,7.0,7.0,7.0,7.0,6.0,6.0,6.0,7.0,7.0,7.0,6.0,3.0,3.0,1.0,3.0,3.0,3.0,3.0,3.0,3.0,3.0,3.0,3.0,3.0,4.0,4.0,4.0,4.0,6.0,6.0,5.0,7.0,7.0,8.0,4.0,7.0,7.0,7.0,7.0,7.0,7.0,6.0,4.0,7.0,7.0,7.0,7.0,2.0,2.0,5.0,5.0,7.0,7.0,7.0,4.0,4.0,4.0,4.0,9.0,8.0,8.0,4.0,4.0,4.0,4.0,4.0,3.0,6.0,6.0,5.0,6.0,6.0,4.0,8.0,8.0,9.0,8.0,4.0,4.0,4.0,4.0,7.0,7.0,7.0,8.0,8.0,8.0,8.0,8.0,8.0,8.0,8.0,7.0,4.0,4.0,4.0,5.0,4.0,4.0,9.0,8.0,9.0,8.0,8.0,9.0,8.0,8.0,4.0,4.0,5.0,3.0,8.0,8.0,8.0,9.0,8.0,8.0,4.0,5.0,6.0,4.0,5.0,4.0,4.0,4.0,4.0,5.0,4.0,8.0,9.0,4.0,5.0,4.0,4.0,5.0,5.0,3.0,3.0,7.0,4.0,8.0,9.0,8.0,8.0,8.0,4.0,5.0,5.0,4.0,7.0
ARQ-1E-A91,4.0,4.0,5.0,7.0,6.0,7.0,3.0,2.0,2.0,2.0,3.0,2.0,2.0,2.0,2.0,0.0,1.0,7.0,7.0,7.0,7.0,7.0,7.0,7.0,7.0,7.0,7.0,7.0,7.0,7.0,7.0,6.0,6.0,6.0,7.0,7.0,7.0,6.0,3.0,3.0,1.0,3.0,3.0,3.0,3.0,3.0,3.0,3.0,3.0,3.0,3.0,4.0,4.0,4.0,4.0,6.0,6.0,5.0,7.0,7.0,8.0,4.0,7.0,7.0,7.0,7.0,7.0,7.0,6.0,4.0,7.0,7.0,7.0,7.0,2.0,2.0,5.0,5.0,7.0,7.0,7.0,4.0,4.0,4.0,4.0,9.0,8.0,8.0,4.0,4.0,4.0,4.0,4.0,3.0,6.0,6.0,5.0,6.0,6.0,4.0,8.0,8.0,9.0,8.0,4.0,4.0,4.0,4.0,7.0,7.0,7.0,8.0,8.0,8.0,8.0,8.0,8.0,8.0,8.0,7.0,4.0,4.0,4.0,5.0,4.0,4.0,9.0,8.0,9.0,8.0,8.0,9.0,8.0,8.0,4.0,4.0,5.0,3.0,8.0,8.0,8.0,9.0,8.0,8.0,4.0,5.0,6.0,4.0,5.0,4.0,4.0,4.0,4.0,5.0,4.0,8.0,9.0,4.0,5.0,4.0,4.0,5.0,5.0,3.0,3.0,7.0,4.0,8.0,9.0,8.0,8.0,8.0,4.0,5.0,5.0,4.0,7.0
ARQ-1E-A92,5.0,5.0,6.0,8.0,7.0,8.0,4.0,3.0,3.0,3.0,4.0,3.0,3.0,3.0,3.0,1.0,0.0,8.0,8.0,8.0,8.0,8.0,8.0,8.0,8.0,8.0,8.0,8.0,8.0,8.0,8.0,7.0,7.0,7.0,8.0,8.0,8.0,7.0,4.0,4.0,2.0,4.0,4.0,4.0,4.0,4.0,4.0,4.0,4.0,4.0,4.0,5.0,5.0,5.0,5.0,7.0,7.0,6.0,8.0,8.0,9.0,5.0,8.0,8.0,8.0,8.0,8.0,8.0,7.0,5.0,8.0,8.0,8.0,8.0,3.0,3.0,6.0,6.0,8.0,8.0,8.0,5.0,5.0,5.0,5.0,10.0,9.0,9.0,5.0,5.0,5.0,5.0,5.0,4.0,7.0,7.0,6.0,7.0,7.0,5.0,9.0,9.0,10.0,9.0,5.0,5.0,5.0,5.0,8.0,8.0,8.0,9.0,9.0,9.0,9.0,9.0,9.0,9.0,9.0,8.0,5.0,5.0,5.0,6.0,5.0,5.0,10.0,9.0,10.0,9.0,9.0,10.0,9.0,9.0,5.0,5.0,6.0,4.0,9.0,9.0,9.0,10.0,9.0,9.0,5.0,6.0,7.0,5.0,6.0,5.0,5.0,5.0,5.0,6.0,5.0,9.0,10.0,5.0,6.0,5.0,5.0,6.0,6.0,4.0,4.0,8.0,5.0,9.0,10.0,9.0,9.0,9.0,5.0,6.0,6.0,5.0,8.0
ART-0A-A15,7.0,7.0,8.0,2.0,1.0,2.0,8.0,7.0,7.0,7.0,8.0,7.0,7.0,7.0,7.0,7.0,8.0,0.0,7.0,7.0,7.0,7.0,7.0,7.0,7.0,7.0,7.0,7.0,7.0,7.0,7.0,6.0,6.0,6.0,7.0,2.0,2.0,6.0,6.0,6.0,6.0,6.0,6.0,6.0,6.0,6.0,6.0,6.0,6.0,6.0,6.0,7.0,7.0,7.0,7.0,5.0,5.0,4.0,7.0,2.0,7.0,7.0,6.0,6.0,6.0,6.0,6.0,6.0,5.0,7.0,7.0,7.0,7.0,2.0,5.0,5.0,6.0,5.0,7.0,7.0,7.0,7.0,7.0,7.0,7.0,8.0,7.0,7.0,7.0,7.0,7.0,7.0,5.0,4.0,5.0,5.0,4.0,5.0,5.0,3.0,7.0,7.0,8.0,7.0,7.0,7.0,7.0,7.0,2.0,2.0,2.0,7.0,7.0,7.0,7.0,7.0,7.0,7.0,7.0,7.0,7.0,7.0,7.0,8.0,7.0,7.0,8.0,7.0,8.0,7.0,7.0,8.0,7.0,7.0,4.0,3.0,4.0,4.0,7.0,7.0,7.0,8.0,7.0,7.0,7.0,8.0,9.0,7.0,8.0,7.0,7.0,7.0,7.0,8.0,7.0,8.0,9.0,7.0,4.0,7.0,5.0,2.0,6.0,6.0,6.0,2.0,7.0,7.0,8.0,7.0,7.0,7.0,7.0,8.0,8.0,7.0,7.0
AUL1-2A-A110,7.0,7.0,8.0,7.0,6.0,7.0,8.0,7.0,7.0,7.0,8.0,7.0,7.0,7.0,7.0,7.0,8.0,7.0,0.0,2.0,2.0,2.0,4.0,4.0,4.0,4.0,4.0,4.0,4.0,4.0,4.0,1.0,3.0,3.0,4.0,7.0,7.0,3.0,6.0,6.0,6.0,6.0,6.0,6.0,6.0,6.0,6.0,6.0,6.0,6.0,6.0,7.0,7.0,7.0,7.0,6.0,6.0,5.0,4.0,7.0,8.0,7.0,7.0,7.0,7.0,7.0,7.0,7.0,6.0,7.0,4.0,4.0,4.0,7.0,5.0,5.0,2.0,2.0,4.0,4.0,4.0,7.0,7.0,7.0,7.0,9.0,8.0,8.0,7.0,7.0,7.0,7.0,3.0,4.0,6.0,6.0,5.0,6.0,6.0,4.0,8.0,8.0,9.0,8.0,7.0,7.0,7.0,7.0,7.0,7.0,7.0,8.0,8.0,8.0,8.0,8.0,8.0,8.0,8.0,4.0,7.0,7.0,7.0,8.0,7.0,7.0,9.0,8.0,9.0,8.0,8.0,9.0,8.0,8.0,4.0,4.0,3.0,5.0,8.0,8.0,8.0,9.0,8.0,8.0,7.0,8.0,9.0,7.0,8.0,7.0,7.0,7.0,7.0,8.0,7.0,5.0,6.0,4.0,5.0,4.0,6.0,5.0,3.0,5.0,5.0,7.0,7.0,8.0,9.0,8.0,8.0,8.0,7.0,8.0,8.0,7.0,4.0
AUL1-2A-A111,7.0,7.0,8.0,7.0,6.0,7.0,8.0,7.0,7.0,7.0,8.0,7.0,7.0,7.0,7.0,7.0,8.0,7.0,2.0,0.0,2.0,2.0,4.0,4.0,4.0,4.0,4.0,4.0,4.0,4.0,4.0,1.0,3.0,3.0,4.0,7.0,7.0,3.0,6.0,6.0,6.0,6.0,6.0,6.0,6.0,6.0,6.0,6.0,6.0,6.0,6.0,7.0,7.0,7.0,7.0,6.0,6.0,5.0,4.0,7.0,8.0,7.0,7.0,7.0,7.0,7.0,7.0,7.0,6.0,7.0,4.0,4.0,4.0,7.0,5.0,5.0,2.0,2.0,4.0,4.0,4.0,7.0,7.0,7.0,7.0,9.0,8.0,8.0,7.0,7.0,7.0,7.0,3.0,4.0,6.0,6.0,5.0,6.0,6.0,4.0,8.0,8.0,9.0,8.0,7.0,7.0,7.0,7.0,7.0,7.0,7.0,8.0,8.0,8.0,8.0,8.0,8.0,8.0,8.0,4.0,7.0,7.0,7.0,8.0,7.0,7.0,9.0,8.0,9.0,8.0,8.0,9.0,8.0,8.0,4.0,4.0,3.0,5.0,8.0,8.0,8.0,9.0,8.0,8.0,7.0,8.0,9.0,7.0,8.0,7.0,7.0,7.0,7.0,8.0,7.0,5.0,6.0,4.0,5.0,4.0,6.0,5.0,3.0,5.0,5.0,7.0,7.0,8.0,9.0,8.0,8.0,8.0,7.0,8.0,8.0,7.0,4.0
AUL1-3A-A104,7.0,7.0,8.0,7.0,6.0,7.0,8.0,7.0,7.0,7.0,8.0,7.0,7.0,7.0,7.0,7.0,8.0,7.0,2.0,2.0,0.0,2.0,4.0,4.0,4.0,4.0,4.0,4.0,4.0,4.0,4.0,1.0,3.0,3.0,4.0,7.0,7.0,3.0,6.0,6.0,6.0,6.0,6.0,6.0,6.0,6.0,6.0,6.0,6.0,6.0,6.0,7.0,7.0,7.0,7.0,6.0,6.0,5.0,4.0,7.0,8.0,7.0,7.0,7.0,7.0,7.0,7.0,7.0,6.0,7.0,4.0,4.0,4.0,7.0,5.0,5.0,2.0,2.0,4.0,4.0,4.0,7.0,7.0,7.0,7.0,9.0,8.0,8.0,7.0,7.0,7.0,7.0,3.0,4.0,6.0,6.0,5.0,6.0,6.0,4.0,8.0,8.0,9.0,8.0,7.0,7.0,7.0,7.0,7.0,7.0,7.0,8.0,8.0,8.0,8.0,8.0,8.0,8.0,8.0,4.0,7.0,7.0,7.0,8.0,7.0,7.0,9.0,8.0,9.0,8.0,8.0,9.0,8.0,8.0,4.0,4.0,3.0,5.0,8.0,8.0,8.0,9.0,8.0,8.0,7.0,8.0,9.0,7.0,8.0,7.0,7.0,7.0,7.0,8.0,7.0,5.0,6.0,4.0,5.0,4.0,6.0,5.0,3.0,5.0,5.0,7.0,7.0,8.0,9.0,8.0,8.0,8.0,7.0,8.0,8.0,7.0,4.0
AUL1-3A-A112,7.0,7.0,8.0,7.0,6.0,7.0,8.0,7.0,7.0,7.0,8.0,7.0,7.0,7.0,7.0,7.0,8.0,7.0,2.0,2.0,2.0,0.0,4.0,4.0,4.0,4.0,4.0,4.0,4.0,4.0,4.0,1.0,3.0,3.0,4.0,7.0,7.0,3.0,6.0,6.0,6.0,6.0,6.0,6.0,6.0,6.0,6.0,6.0,6.0,6.0,6.0,7.0,7.0,7.0,7.0,6.0,6.0,5.0,4.0,7.0,8.0,7.0,7.0,7.0,7.0,7.0,7.0,7.0,6.0,7.0,4.0,4.0,4.0,7.0,5.0,5.0,2.0,2.0,4.0,4.0,4.0,7.0,7.0,7.0,7.0,9.0,8.0,8.0,7.0,7.0,7.0,7.0,3.0,4.0,6.0,6.0,5.0,6.0,6.0,4.0,8.0,8.0,9.0,8.0,7.0,7.0,7.0,7.0,7.0,7.0,7.0,8.0,8.0,8.0,8.0,8.0,8.0,8.0,8.0,4.0,7.0,7.0,7.0,8.0,7.0,7.0,9.0,8.0,9.0,8.0,8.0,9.0,8.0,8.0,4.0,4.0,3.0,5.0,8.0,8.0,8.0,9.0,8.0,8.0,7.0,8.0,9.0,7.0,8.0,7.0,7.0,7.0,7.0,8.0,7.0,5.0,6.0,4.0,5.0,4.0,6.0,5.0,3.0,5.0,5.0,7.0,7.0,8.0,9.0,8.0,8.0,8.0,7.0,8.0,8.0,7.0,4.0
AUL2-01A-A124-SUBLAB2,7.0,7.0,8.0,7.0,6.0,7.0,8.0,7.0,7.0,7.0,8.0,7.0,7.0,7.0,7.0,7.0,8.0,7.0,4.0,4.0,4.0,4.0,0.0,2.0,2.0,2.0,2.0,2.0,2.0,2.0,2.0,3.0,1.0,3.0,4.0,7.0,7.0,3.0,6.0,6.0,6.0,6.0,6.0,6.0,6.0,6.0,6.0,6.0,6.0,6.0,6.0,7.0,7.0,7.0,7.0,6.0,6.0,5.0,4.0,7.0,8.0,7.0,7.0,7.0,7.0,7.0,7.0,7.0,6.0,7.0,4.0,4.0,4.0,7.0,5.0,5.0,2.0,2.0,4.0,4.0,4.0,7.0,7.0,7.0,7.0,9.0,8.0,8.0,7.0,7.0,7.0,7.0,3.0,4.0,6.0,6.0,5.0,6.0,6.0,4.0,8.0,8.0,9.0,8.0,7.0,7.0,7.0,7.0,7.0,7.0,7.0,8.0,8.0,8.0,8.0,8.0,8.0,8.0,8.0,2.0,7.0,7.0,7.0,8.0,7.0,7.0,9.0,8.0,9.0,8.0,8.0,9.0,8.0,8.0,4.0,4.0,3.0,5.0,8.0,8.0,8.0,9.0,8.0,8.0,7.0,8.0,9.0,7.0,8.0,7.0,7.0,7.0,7.0,8.0,7.0,5.0,6.0,4.0,5.0,4.0,6.0,5.0,3.0,5.0,5.0,7.0,7.0,8.0,9.0,8.0,8.0,8.0,7.0,8.0,8.0,7.0,4.0
AUL2-01A-A24-SUB,7.0,7.0,8.0,7.0,6.0,7.0,8.0,7.0,7.0,7.0,8.0,7.0,7.0,7.0,7.0,7.0,8.0,7.0,4.0,4.0,4.0,4.0,2.0,0.0,2.0,2.0,2.0,2.0,2.0,2.0,2.0,3.0,1.0,3.0,4.0,7.0,7.0,3.0,6.0,6.0,6.0,6.0,6.0,6.0,6.0,6.0,6.0,6.0,6.0,6.0,6.0,7.0,7.0,7.0,7.0,6.0,6.0,5.0,4.0,7.0,8.0,7.0,7.0,7.0,7.0,7.0,7.0,7.0,6.0,7.0,4.0,4.0,4.0,7.0,5.0,5.0,2.0,2.0,4.0,4.0,4.0,7.0,7.0,7.0,7.0,9.0,8.0,8.0,7.0,7.0,7.0,7.0,3.0,4.0,6.0,6.0,5.0,6.0,6.0,4.0,8.0,8.0,9.0,8.0,7.0,7.0,7.0,7.0,7.0,7.0,7.0,8.0,8.0,8.0,8.0,8.0,8.0,8.0,8.0,2.0,7.0,7.0,7.0,8.0,7.0,7.0,9.0,8.0,9.0,8.0,8.0,9.0,8.0,8.0,4.0,4.0,3.0,5.0,8.0,8.0,8.0,9.0,8.0,8.0,7.0,8.0,9.0,7.0,8.0,7.0,7.0,7.0,7.0,8.0,7.0,5.0,6.0,4.0,5.0,4.0,6.0,5.0,3.0,5.0,5.0,7.0,7.0,8.0,9.0,8.0,8.0,8.0,7.0,8.0,8.0,7.0,4.0
AUL2-0A-A106,7.0,7.0,8.0,7.0,6.0,7.0,8.0,7.0,7.0,7.0,8.0,7.0,7.0,7.0,7.0,7.0,8.0,7.0,4.0,4.0,4.0,4.0,2.0,2.0,0.0,2.0,2.0,2.0,2.0,2.0,2.0,3.0,1.0,3.0,4.0,7.0,7.0,3.0,6.0,6.0,6.0,6.0,6.0,6.0,6.0,6.0,6.0,6.0,6.0,6.0,6.0,7.0,7.0,7.0,7.0,6.0,6.0,5.0,4.0,7.0,8.0,7.0,7.0,7.0,7.0,7.0,7.0,7.0,6.0,7.0,4.0,4.0,4.0,7.0,5.0,5.0,2.0,2.0,4.0,4.0,4.0,7.0,7.0,7.0,7.0,9.0,8.0,8.0,7.0,7.0,7.0,7.0,3.0,4.0,6.0,6.0,5.0,6.0,6.0,4.0,8.0,8.0,9.0,8.0,7.0,7.0,7.0,7.0,7.0,7.0,7.0,8.0,8.0,8.0,8.0,8.0,8.0,8.0,8.0,2.0,7.0,7.0,7.0,8.0,7.0,7.0,9.0,8.0,9.0,8.0,8.0,9.0,8.0,8.0,4.0,4.0,3.0,5.0,8.0,8.0,8.0,9.0,8.0,8.0,7.0,8.0,9.0,7.0,8.0,7.0,7.0,7.0,7.0,8.0,7.0,5.0,6.0,4.0,5.0,4.0,6.0,5.0,3.0,5.0,5.0,7.0,7.0,8.0,9.0,8.0,8.0,8.0,7.0,8.0,8.0,7.0,4.0
AUL2-0A-A118,7.0,7.0,8.0,7.0,6.0,7.0,8.0,7.0,7.0,7.0,8.0,7.0,7.0,7.0,7.0,7.0,8.0,7.0,4.0,4.0,4.0,4.0,2.0,2.0,2.0,0.0,2.0,2.0,2.0,2.0,2.0,3.0,1.0,3.0,4.0,7.0,7.0,3.0,6.0,6.0,6.0,6.0,6.0,6.0,6.0,6.0,6.0,6.0,6.0,6.0,6.0,7.0,7.0,7.0,7.0,6.0,6.0,5.0,4.0,7.0,8.0,7.0,7.0,7.0,7.0,7.0,7.0,7.0,6.0,7.0,4.0,4.0,4.0,7.0,5.0,5.0,2.0,2.0,4.0,4.0,4.0,7.0,7.0,7.0,7.0,9.0,8.0,8.0,7.0,7.0,7.0,7.0,3.0,4.0,6.0,6.0,5.0,6.0,6.0,4.0,8.0,8.0,9.0,8.0,7.0,7.0,7.0,7.0,7.0,7.0,7.0,8.0,8.0,8.0,8.0,8.0,8.0,8.0,8.0,2.0,7.0,7.0,7.0,8.0,7.0,7.0,9.0,8.0,9.0,8.0,8.0,9.0,8.0,8.0,4.0,4.0,3.0,5.0,8.0,8.0,8.0,9.0,8.0,8.0,7.0,8.0,9.0,7.0,8.0,7.0,7.0,7.0,7.0,8.0,7.0,5.0,6.0,4.0,5.0,4.0,6.0,5.0,3.0,5.0,5.0,7.0,7.0,8.0,9.0,8.0,8.0,8.0,7.0,8.0,8.0,7.0,4.0
AUL2-0A-A119,7.0,7.0,8.0,7.0,6.0,7.0,8.0,7.0,7.0,7.0,8.0,7.0,7.0,7.0,7.0,7.0,8.0,7.0,4.0,4.0,4.0,4.0,2.0,2.0,2.0,2.0,0.0,2.0,2.0,2.0,2.0,3.0,1.0,3.0,4.0,7.0,7.0,3.0,6.0,6.0,6.0,6.0,6.0,6.0,6.0,6.0,6.0,6.0,6.0,6.0,6.0,7.0,7.0,7.0,7.0,6.0,6.0,5.0,4.0,7.0,8.0,7.0,7.0,7.0,7.0,7.0,7.0,7.0,6.0,7.0,4.0,4.0,4.0,7.0,5.0,5.0,2.0,2.0,4.0,4.0,4.0,7.0,7.0,7.0,7.0,9.0,8.0,8.0,7.0,7.0,7.0,7.0,3.0,4.0,6.0,6.0,5.0,6.0,6.0,4.0,8.0,8.0,9.0,8.0,7.0,7.0,7.0,7.0,7.0,7.0,7.0,8.0,8.0,8.0,8.0,8.0,8.0,8.0,8.0,2.0,7.0,7.0,7.0,8.0,7.0,7.0,9.0,8.0,9.0,8.0,8.0,9.0,8.0,8.0,4.0,4.0,3.0,5.0,8.0,8.0,8.0,9.0,8.0,8.0,7.0,8.0,9.0,7.0,8.0,7.0,7.0,7.0,7.0,8.0,7.0,5.0,6.0,4.0,5.0,4.0,6.0,5.0,3.0,5.0,5.0,7.0,7.0,8.0,9.0,8.0,8.0,8.0,7.0,8.0,8.0,7.0,4.0
AUL2-0A-A120,7.0,7.0,8.0,7.0,6.0,7.0,8.0,7.0,7.0,7.0,8.0,7.0,7.0,7.0,7.0,7.0,8.0,7.0,4.0,4.0,4.0,4.0,2.0,2.0,2.0,2.0,2.0,0.0,2.0,2.0,2.0,3.0,1.0,3.0,4.0,7.0,7.0,3.0,6.0,6.0,6.0,6.0,6.0,6.0,6.0,6.0,6.0,6.0,6.0,6.0,6.0,7.0,7.0,7.0,7.0,6.0,6.0,5.0,4.0,7.0,8.0,7.0,7.0,7.0,7.0,7.0,7.0,7.0,6.0,7.0,4.0,4.0,4.0,7.0,5.0,5.0,2.0,2.0,4.0,4.0,4.0,7.0,7.0,7.0,7.0,9.0,8.0,8.0,7.0,7.0,7.0,7.0,3.0,4.0,6.0,6.0,5.0,6.0,6.0,4.0,8.0,8.0,9.0,8.0,7.0,7.0,7.0,7.0,7.0,7.0,7.0,8.0,8.0,8.0,8.0,8.0,8.0,8.0,8.0,2.0,7.0,7.0,7.0,8.0,7.0,7.0,9.0,8.0,9.0,8.0,8.0,9.0,8.0,8.0,4.0,4.0,3.0,5.0,8.0,8.0,8.0,9.0,8.0,8.0,7.0,8.0,9.0,7.0,8.0,7.0,7.0,7.0,7.0,8.0,7.0,5.0,6.0,4.0,5.0,4.0,6.0,5.0,3.0,5.0,5.0,7.0,7.0,8.0,9.0,8.0,8.0,8.0,7.0,8.0,8.0,7.0,4.0
AUL2-0A-A121,7.0,7.0,8.0,7.0,6.0,7.0,8.0,7.0,7.0,7.0,8.0,7.0,7.0,7.0,7.0,7.0,8.0,7.0,4.0,4.0,4.0,4.0,2.0,2.0,2.0,2.0,2.0,2.0,0.0,2.0,2.0,3.0,1.0,3.0,4.0,7.0,7.0,3.0,6.0,6.0,6.0,6.0,6.0,6.0,6.0,6.0,6.0,6.0,6.0,6.0,6.0,7.0,7.0,7.0,7.0,6.0,6.0,5.0,4.0,7.0,8.0,7.0,7.0,7.0,7.0,7.0,7.0,7.0,6.0,7.0,4.0,4.0,4.0,7.0,5.0,5.0,2.0,2.0,4.0,4.0,4.0,7.0,7.0,7.0,7.0,9.0,8.0,8.0,7.0,7.0,7.0,7.0,3.0,4.0,6.0,6.0,5.0,6.0,6.0,4.0,8.0,8.0,9.0,8.0,7.0,7.0,7.0,7.0,7.0,7.0,7.0,8.0,8.0,8.0,8.0,8.0,8.0,8.0,8.0,2.0,7.0,7.0,7.0,8.0,7.0,7.0,9.0,8.0,9.0,8.0,8.0,9.0,8.0,8.0,4.0,4.0,3.0,5.0,8.0,8.0,8.0,9.0,8.0,8.0,7.0,8.0,9.0,7.0,8.0,7.0,7.0,7.0,7.0,8.0,7.0,5.0,6.0,4.0,5.0,4.0,6.0,5.0,3.0,5.0,5.0,7.0,7.0,8.0,9.0,8.0,8.0,8.0,7.0,8.0,8.0,7.0,4.0
AUL2-0A-A122,7.0,7.0,8.0,7.0,6.0,7.0,8.0,7.0,7.0,7.0,8.0,7.0,7.0,7.0,7.0,7.0,8.0,7.0,4.0,4.0,4.0,4.0,2.0,2.0,2.0,2.0,2.0,2.0,2.0,0.0,2.0,3.0,1.0,3.0,4.0,7.0,7.0,3.0,6.0,6.0,6.0,6.0,6.0,6.0,6.0,6.0,6.0,6.0,6.0,6.0,6.0,7.0,7.0,7.0,7.0,6.0,6.0,5.0,4.0,7.0,8.0,7.0,7.0,7.0,7.0,7.0,7.0,7.0,6.0,7.0,4.0,4.0,4.0,7.0,5.0,5.0,2.0,2.0,4.0,4.0,4.0,7.0,7.0,7.0,7.0,9.0,8.0,8.0,7.0,7.0,7.0,7.0,3.0,4.0,6.0,6.0,5.0,6.0,6.0,4.0,8.0,8.0,9.0,8.0,7.0,7.0,7.0,7.0,7.0,7.0,7.0,8.0,8.0,8.0,8.0,8.0,8.0,8.0,8.0,2.0,7.0,7.0,7.0,8.0,7.0,7.0,9.0,8.0,9.0,8.0,8.0,9.0,8.0,8.0,4.0,4.0,3.0,5.0,8.0,8.0,8.0,9.0,8.0,8.0,7.0,8.0,9.0,7.0,8.0,7.0,7.0,7.0,7.0,8.0,7.0,5.0,6.0,4.0,5.0,4.0,6.0,5.0,3.0,5.0,5.0,7.0,7.0,8.0,9.0,8.0,8.0,8.0,7.0,8.0,8.0,7.0,4.0
AUL2-0A-A123,7.0,7.0,8.0,7.0,6.0,7.0,8.0,7.0,7.0,7.0,8.0,7.0,7.0,7.0,7.0,7.0,8.0,7.0,4.0,4.0,4.0,4.0,2.0,2.0,2.0,2.0,2.0,2.0,2.0,2.0,0.0,3.0,1.0,3.0,4.0,7.0,7.0,3.0,6.0,6.0,6.0,6.0,6.0,6.0,6.0,6.0,6.0,6.0,6.0,6.0,6.0,7.0,7.0,7.0,7.0,6.0,6.0,5.0,4.0,7.0,8.0,7.0,7.0,7.0,7.0,7.0,7.0,7.0,6.0,7.0,4.0,4.0,4.0,7.0,5.0,5.0,2.0,2.0,4.0,4.0,4.0,7.0,7.0,7.0,7.0,9.0,8.0,8.0,7.0,7.0,7.0,7.0,3.0,4.0,6.0,6.0,5.0,6.0,6.0,4.0,8.0,8.0,9.0,8.0,7.0,7.0,7.0,7.0,7.0,7.0,7.0,8.0,8.0,8.0,8.0,8.0,8.0,8.0,8.0,2.0,7.0,7.0,7.0,8.0,7.0,7.0,9.0,8.0,9.0,8.0,8.0,9.0,8.0,8.0,4.0,4.0,3.0,5.0,8.0,8.0,8.0,9.0,8.0,8.0,7.0,8.0,9.0,7.0,8.0,7.0,7.0,7.0,7.0,8.0,7.0,5.0,6.0,4.0,5.0,4.0,6.0,5.0,3.0,5.0,5.0,7.0,7.0,8.0,9.0,8.0,8.0,8.0,7.0,8.0,8.0,7.0,4.0
BAL-AUL1-D4,6.0,6.0,7.0,6.0,5.0,6.0,7.0,6.0,6.0,6.0,7.0,6.0,6.0,6.0,6.0,6.0,7.0,6.0,1.0,1.0,1.0,1.0,3.0,3.0,3.0,3.0,3.0,3.0,3.0,3.0,3.0,0.0,2.0,2.0,3.0,6.0,6.0,2.0,5.0,5.0,5.0,5.0,5.0,5.0,5.0,5.0,5.0,5.0,5.0,5.0,5.0,6.0,6.0,6.0,6.0,5.0,5.0,4.0,3.0,6.0,7.0,6.0,6.0,6.0,6.0,6.0,6.0,6.0,5.0,6.0,3.0,3.0,3.0,6.0,4.0,4.0,1.0,1.0,3.0,3.0,3.0,6.0,6.0,6.0,6.0,8.0,7.0,7.0,6.0,6.0,6.0,6.0,2.0,3.0,5.0,5.0,4.0,5.0,5.0,3.0,7.0,7.0,8.0,7.0,6.0,6.0,6.0,6.0,6.0,6.0,6.0,7.0,7.0,7.0,7.0,7.0,7.0,7.0,7.0,3.0,6.0,6.0,6.0,7.0,6.0,6.0,8.0,7.0,8.0,7.0,7.0,8.0,7.0,7.0,3.0,3.0,2.0,4.0,7.0,7.0,7.0,8.0,7.0,7.0,6.0,7.0,8.0,6.0,7.0,6.0,6.0,6.0,6.0,7.0,6.0,4.0,5.0,3.0,4.0,3.0,5.0,4.0,2.0,4.0,4.0,6.0,6.0,7.0,8.0,7.0,7.0,7.0,6.0,7.0,7.0,6.0,3.0
BAL-AUL2-D1,6.0,6.0,7.0,6.0,5.0,6.0,7.0,6.0,6.0,6.0,7.0,6.0,6.0,6.0,6.0,6.0,7.0,6.0,3.0,3.0,3.0,3.0,1.0,1.0,1.0,1.0,1.0,1.0,1.0,1.0,1.0,2.0,0.0,2.0,3.0,6.0,6.0,2.0,5.0,5.0,5.0,5.0,5.0,5.0,5.0,5.0,5.0,5.0,5.0,5.0,5.0,6.0,6.0,6.0,6.0,5.0,5.0,4.0,3.0,6.0,7.0,6.0,6.0,6.0,6.0,6.0,6.0,6.0,5.0,6.0,3.0,3.0,3.0,6.0,4.0,4.0,1.0,1.0,3.0,3.0,3.0,6.0,6.0,6.0,6.0,8.0,7.0,7.0,6.0,6.0,6.0,6.0,2.0,3.0,5.0,5.0,4.0,5.0,5.0,3.0,7.0,7.0,8.0,7.0,6.0,6.0,6.0,6.0,6.0,6.0,6.0,7.0,7.0,7.0,7.0,7.0,7.0,7.0,7.0,1.0,6.0,6.0,6.0,7.0,6.0,6.0,8.0,7.0,8.0,7.0,7.0,8.0,7.0,7.0,3.0,3.0,2.0,4.0,7.0,7.0,7.0,8.0,7.0,7.0,6.0,7.0,8.0,6.0,7.0,6.0,6.0,6.0,6.0,7.0,6.0,4.0,5.0,3.0,4.0,3.0,5.0,4.0,2.0,4.0,4.0,6.0,6.0,7.0,8.0,7.0,7.0,7.0,6.0,7.0,7.0,6.0,3.0
BAL-CENTEC-D2,6.0,6.0,7.0,6.0,5.0,6.0,7.0,6.0,6.0,6.0,7.0,6.0,6.0,6.0,6.0,6.0,7.0,6.0,3.0,3.0,3.0,3.0,3.0,3.0,3.0,3.0,3.0,3.0,3.0,3.0,3.0,2.0,2.0,0.0,3.0,6.0,6.0,2.0,5.0,5.0,5.0,5.0,5.0,5.0,5.0,5.0,5.0,5.0,5.0,5.0,5.0,6.0,6.0,6.0,6.0,5.0,5.0,4.0,1.0,6.0,7.0,6.0,6.0,6.0,6.0,6.0,6.0,6.0,5.0,6.0,1.0,1.0,1.0,6.0,4.0,4.0,1.0,1.0,3.0,3.0,3.0,6.0,6.0,6.0,6.0,8.0,7.0,7.0,6.0,6.0,6.0,6.0,2.0,3.0,5.0,5.0,4.0,5.0,5.0,3.0,7.0,7.0,8.0,7.0,6.0,6.0,6.0,6.0,6.0,6.0,6.0,7.0,7.0,7.0,7.0,7.0,7.0,7.0,7.0,3.0,6.0,6.0,6.0,7.0,6.0,6.0,8.0,7.0,8.0,7.0,7.0,8.0,7.0,7.0,3.0,3.0,2.0,4.0,7.0,7.0,7.0,8.0,7.0,7.0,6.0,7.0,8.0,6.0,7.0,6.0,6.0,6.0,6.0,7.0,6.0,4.0,5.0,3.0,4.0,3.0,5.0,4.0,2.0,4.0,4.0,6.0,6.0,7.0,8.0,7.0,7.0,7.0,6.0,7.0,7.0,6.0,1.0
BAL-EADM-D3,7.0,7.0,8.0,7.0,6.0,7.0,8.0,7.0,7.0,7.0,8.0,7.0,7.0,7.0,7.0,7.0,8.0,7.0,4.0,4.0,4.0,4.0,4.0,4.0,4.0,4.0,4.0,4.0,4.0,4.0,4.0,3.0,3.0,3.0,0.0,7.0,7.0,1.0,6.0,6.0,6.0,6.0,6.0,6.0,6.0,6.0,6.0,6.0,6.0,6.0,6.0,7.0,7.0,7.0,7.0,6.0,6.0,5.0,4.0,7.0,8.0,7.0,7.0,7.0,7.0,7.0,7.0,7.0,6.0,7.0,4.0,4.0,4.0,7.0,5.0,5.0,2.0,2.0,2.0,2.0,2.0,7.0,7.0,7.0,7.0,9.0,8.0,8.0,7.0,7.0,7.0,7.0,3.0,4.0,6.0,6.0,5.0,6.0,6.0,4.0,8.0,8.0,9.0,8.0,7.0,7.0,7.0,7.0,7.0,7.0,7.0,8.0,8.0,8.0,8.0,8.0,8.0,8.0,8.0,4.0,7.0,7.0,7.0,8.0,7.0,7.0,9.0,8.0,9.0,8.0,8.0,9.0,8.0,8.0,4.0,4.0,3.0,5.0,8.0,8.0,8.0,9.0,8.0,8.0,7.0,8.0,9.0,7.0,8.0,7.0,7.0,7.0,7.0,8.0,7.0,1.0,2.0,4.0,5.0,4.0,6.0,5.0,3.0,5.0,5.0,7.0,7.0,8.0,9.0,8.0,8.0,8.0,7.0,8.0,8.0,7.0,4.0
BIB-2A-A16,7.0,7.0,8.0,2.0,1.0,2.0,8.0,7.0,7.0,7.0,8.0,7.0,7.0,7.0,7.0,7.0,8.0,2.0,7.0,7.0,7.0,7.0,7.0,7.0,7.0,7.0,7.0,7.0,7.0,7.0,7.0,6.0,6.0,6.0,7.0,0.0,2.0,6.0,6.0,6.0,6.0,6.0,6.0,6.0,6.0,6.0,6.0,6.0,6.0,6.0,6.0,7.0,7.0,7.0,7.0,5.0,5.0,4.0,7.0,2.0,7.0,7.0,6.0,6.0,6.0,6.0,6.0,6.0,5.0,7.0,7.0,7.0,7.0,2.0,5.0,5.0,6.0,5.0,7.0,7.0,7.0,7.0,7.0,7.0,7.0,8.0,7.0,7.0,7.0,7.0,7.0,7.0,5.0,4.0,5.0,5.0,4.0,5.0,5.0,3.0,7.0,7.0,8.0,7.0,7.0,7.0,7.0,7.0,2.0,2.0,2.0,7.0,7.0,7.0,7.0,7.0,7.0,7.0,7.0,7.0,7.0,7.0,7.0,8.0,7.0,7.0,8.0,7.0,8.0,7.0,7.0,8.0,7.0,7.0,4.0,3.0,4.0,4.0,7.0,7.0,7.0,8.0,7.0,7.0,7.0,8.0,9.0,7.0,8.0,7.0,7.0,7.0,7.0,8.0,7.0,8.0,9.0,7.0,4.0,7.0,5.0,2.0,6.0,6.0,6.0,2.0,7.0,7.0,8.0,7.0,7.0,7.0,7.0,8.0,8.0,7.0,7.0
BLOQUED-0A-A21,7.0,7.0,8.0,2.0,1.0,2.0,8.0,7.0,7.0,7.0,8.0,7.0,7.0,7.0,7.0,7.0,8.0,2.0,7.0,7.0,7.0,7.0,7.0,7.0,7.0,7.0,7.0,7.0,7.0,7.0,7.0,6.0,6.0,6.0,7.0,2.0,0.0,6.0,6.0,6.0,6.0,6.0,6.0,6.0,6.0,6.0,6.0,6.0,6.0,6.0,6.0,7.0,7.0,7.0,7.0,5.0,5.0,4.0,7.0,2.0,7.0,7.0,6.0,6.0,6.0,6.0,6.0,6.0,5.0,7.0,7.0,7.0,7.0,2.0,5.0,5.0,6.0,5.0,7.0,7.0,7.0,7.0,7.0,7.0,7.0,8.0,7.0,7.0,7.0,7.0,7.0,7.0,5.0,4.0,5.0,5.0,4.0,5.0,5.0,3.0,7.0,7.0,8.0,7.0,7.0,7.0,7.0,7.0,2.0,2.0,2.0,7.0,7.0,7.0,7.0,7.0,7.0,7.0,7.0,7.0,7.0,7.0,7.0,8.0,7.0,7.0,8.0,7.0,8.0,7.0,7.0,8.0,7.0,7.0,4.0,3.0,4.0,4.0,7.0,7.0,7.0,8.0,7.0,7.0,7.0,8.0,9.0,7.0,8.0,7.0,7.0,7.0,7.0,8.0,7.0,8.0,9.0,7.0,4.0,7.0,5.0,2.0,6.0,6.0,6.0,2.0,7.0,7.0,8.0,7.0,7.0,7.0,7.0,8.0,8.0,7.0,7.0
CB-EADMI-D6,6.0,6.0,7.0,6.0,5.0,6.0,7.0,6.0,6.0,6.0,7.0,6.0,6.0,6.0,6.0,6.0,7.0,6.0,3.0,3.0,3.0,3.0,3.0,3.0,3.0,3.0,3.0,3.0,3.0,3.0,3.0,2.0,2.0,2.0,1.0,6.0,6.0,0.0,5.0,5.0,5.0,5.0,5.0,5.0,5.0,5.0,5.0,5.0,5.0,5.0,5.0,6.0,6.0,6.0,6.0,5.0,5.0,4.0,3.0,6.0,7.0,6.0,6.0,6.0,6.0,6.0,6.0,6.0,5.0,6.0,3.0,3.0,3.0,6.0,4.0,4.0,1.0,1.0,1.0,1.0,1.0,6.0,6.0,6.0,6.0,8.0,7.0,7.0,6.0,6.0,6.0,6.0,2.0,3.0,5.0,5.0,4.0,5.0,5.0,3.0,7.0,7.0,8.0,7.0,6.0,6.0,6.0,6.0,6.0,6.0,6.0,7.0,7.0,7.0,7.0,7.0,7.0,7.0,7.0,3.0,6.0,6.0,6.0,7.0,6.0,6.0,8.0,7.0,8.0,7.0,7.0,8.0,7.0,7.0,3.0,3.0,2.0,4.0,7.0,7.0,7.0,8.0,7.0,7.0,6.0,7.0,8.0,6.0,7.0,6.0,6.0,6.0,6.0,7.0,6.0,2.0,3.0,3.0,4.0,3.0,5.0,4.0,2.0,4.0,4.0,6.0,6.0,7.0,8.0,7.0,7.0,7.0,6.0,7.0,7.0,6.0,3.0
CC-ADM-D40,3.0,3.0,4.0,6.0,5.0,6.0,4.0,3.0,3.0,3.0,4.0,3.0,3.0,3.0,3.0,3.0,4.0,6.0,6.0,6.0,6.0,6.0,6.0,6.0,6.0,6.0,6.0,6.0,6.0,6.0,6.0,5.0,5.0,5.0,6.0,6.0,6.0,5.0,0.0,2.0,2.0,2.0,2.0,2.0,2.0,2.0,2.0,2.0,2.0,2.0,2.0,1.0,1.0,1.0,3.0,5.0,5.0,4.0,6.0,6.0,7.0,1.0,6.0,6.0,6.0,6.0,6.0,6.0,5.0,3.0,6.0,6.0,6.0,6.0,1.0,1.0,4.0,4.0,6.0,6.0,6.0,3.0,3.0,3.0,3.0,8.0,7.0,7.0,3.0,3.0,3.0,3.0,3.0,2.0,5.0,5.0,4.0,5.0,5.0,3.0,7.0,7.0,8.0,7.0,3.0,3.0,3.0,3.0,6.0,6.0,6.0,7.0,7.0,7.0,7.0,7.0,7.0,7.0,7.0,6.0,3.0,3.0,3.0,4.0,3.0,3.0,8.0,7.0,8.0,7.0,7.0,8.0,7.0,7.0,3.0,3.0,4.0,2.0,7.0,7.0,7.0,8.0,7.0,7.0,3.0,4.0,5.0,3.0,4.0,3.0,3.0,3.0,3.0,4.0,3.0,7.0,8.0,3.0,4.0,3.0,3.0,4.0,4.0,2.0,2.0,6.0,1.0,7.0,8.0,7.0,7.0,7.0,3.0,4.0,4.0,3.0,6.0
CC-AETUC-D30,1.0,1.0,2.0,6.0,5.0,6.0,4.0,3.0,3.0,3.0,4.0,3.0,3.0,3.0,3.0,3.0,4.0,6.0,6.0,6.0,6.0,6.0,6.0,6.0,6.0,6.0,6.0,6.0,6.0,6.0,6.0,5.0,5.0,5.0,6.0,6.0,6.0,5.0,2.0,0.0,2.0,2.0,2.0,2.0,2.0,2.0,2.0,2.0,2.0,2.0,2.0,3.0,3.0,3.0,3.0,5.0,5.0,4.0,6.0,6.0,7.0,3.0,6.0,6.0,6.0,6.0,6.0,6.0,5.0,3.0,6.0,6.0,6.0,6.0,1.0,1.0,4.0,4.0,6.0,6.0,6.0,3.0,3.0,3.0,3.0,8.0,7.0,7.0,3.0,3.0,3.0,3.0,3.0,2.0,5.0,5.0,4.0,5.0,5.0,3.0,7.0,7.0,8.0,7.0,3.0,3.0,3.0,3.0,6.0,6.0,6.0,7.0,7.0,7.0,7.0,7.0,7.0,7.0,7.0,6.0,3.0,3.0,3.0,4.0,3.0,3.0,8.0,7.0,8.0,7.0,7.0,8.0,7.0,7.0,3.0,3.0,4.0,2.0,7.0,7.0,7.0,8.0,7.0,7.0,3.0,4.0,5.0,3.0,4.0,3.0,3.0,3.0,3.0,4.0,3.0,7.0,8.0,3.0,4.0,3.0,3.0,4.0,4.0,2.0,2.0,6.0,3.0,7.0,8.0,7.0,7.0,7.0,3.0,4.0,4.0,3.0,6.0
CC-ARQUITECTURA-D107,3.0,3.0,4.0,6.0,5.0,6.0,2.0,1.0,1.0,1.0,2.0,1.0,1.0,1.0,1.0,1.0,2.0,6.0,6.0,6.0,6.0,6.0,6.0,6.0,6.0,6.0,6.0,6.0,6.0,6.0,6.0,5.0,5.0,5.0,6.0,6.0,6.0,5.0,2.0,2.0,0.0,2.0,2.0,2.0,2.0,2.0,2.0,2.0,2.0,2.0,2.0,3.0,3.0,3.0,3.0,5.0,5.0,4.0,6.0,6.0,7.0,3.0,6.0,6.0,6.0,6.0,6.0,6.0,5.0,3.0,6.0,6.0,6.0,6.0,1.0,1.0,4.0,4.0,6.0,6.0,6.0,3.0,3.0,3.0,3.0,8.0,7.0,7.0,3.0,3.0,3.0,3.0,3.0,2.0,5.0,5.0,4.0,5.0,5.0,3.0,7.0,7.0,8.0,7.0,3.0,3.0,3.0,3.0,6.0,6.0,6.0,7.0,7.0,7.0,7.0,7.0,7.0,7.0,7.0,6.0,3.0,3.0,3.0,4.0,3.0,3.0,8.0,7.0,8.0,7.0,7.0,8.0,7.0,7.0,3.0,3.0,4.0,2.0,7.0,7.0,7.0,8.0,7.0,7.0,3.0,4.0,5.0,3.0,4.0,3.0,3.0,3.0,3.0,4.0,3.0,7.0,8.0,3.0,4.0,3.0,3.0,4.0,4.0,2.0,2.0,6.0,3.0,7.0,8.0,7.0,7.0,7.0,3.0,4.0,4.0,3.0,6.0
CC-BIBLIOTECA-D112,3.0,3.0,4.0,6.0,5.0,6.0,4.0,3.0,3.0,3.0,4.0,3.0,3.0,3.0,3.0,3.0,4.0,6.0,6.0,6.0,6.0,6.0,6.0,6.0,6.0,6.0,6.0,6.0,6.0,6.0,6.0,5.0,5.0,5.0,6.0,6.0,6.0,5.0,2.0,2.0,2.0,0.0,2.0,2.0,2.0,2.0,2.0,2.0,2.0,2.0,2.0,3.0,3.0,3.0,1.0,5.0,5.0,4.0,6.0,6.0,7.0,3.0,6.0,6.0,6.0,6.0,6.0,6.0,5.0,3.0,6.0,6.0,6.0,6.0,1.0,1.0,4.0,4.0,6.0,6.0,6.0,3.0,3.0,3.0,3.0,8.0,7.0,7.0,3.0,3.0,3.0,3.0,3.0,2.0,5.0,5.0,4.0,5.0,5.0,3.0,7.0,7.0,8.0,7.0,3.0,3.0,3.0,3.0,6.0,6.0,6.0,7.0,7.0,7.0,7.0,7.0,7.0,7.0,7.0,6.0,3.0,3.0,3.0,4.0,3.0,3.0,8.0,7.0,8.0,7.0,7.0,8.0,7.0,7.0,3.0,3.0,4.0,2.0,7.0,7.0,7.0,8.0,7.0,7.0,3.0,4.0,5.0,3.0,4.0,3.0,3.0,3.0,3.0,4.0,3.0,7.0,8.0,3.0,4.0,3.0,3.0,4.0,4.0,2.0,2.0,6.0,3.0,7.0,8.0,7.0,7.0,7.0,3.0,4.0,4.0,1.0,6.0
CC-BLOQUE-IQ,3.0,3.0,4.0,6.0,5.0,6.0,4.0,3.0,3.0,3.0,4.0,3.0,3.0,3.0,3.0,3.0,4.0,6.0,6.0,6.0,6.0,6.0,6.0,6.0,6.0,6.0,6.0,6.0,6.0,6.0,6.0,5.0,5.0,5.0,6.0,6.0,6.0,5.0,2.0,2.0,2.0,2.0,0.0,2.0,2.0,2.0,2.0,2.0,2.0,2.0,2.0,3.0,3.0,3.0,3.0,5.0,5.0,4.0,6.0,6.0,7.0,3.0,6.0,6.0,6.0,6.0,6.0,6.0,5.0,3.0,6.0,6.0,6.0,6.0,1.0,1.0,4.0,4.0,6.0,6.0,6.0,3.0,3.0,3.0,3.0,8.0,7.0,7.0,3.0,3.0,3.0,3.0,3.0,2.0,5.0,5.0,4.0,5.0,5.0,3.0,7.0,7.0,8.0,7.0,3.0,3.0,3.0,3.0,6.0,6.0,6.0,7.0,7.0,7.0,7.0,7.0,7.0,7.0,7.0,6.0,3.0,3.0,3.0,4.0,3.0,3.0,8.0,7.0,8.0,7.0,7.0,8.0,7.0,7.0,3.0,3.0,4.0,2.0,7.0,7.0,7.0,8.0,7.0,7.0,3.0,4.0,5.0,3.0,4.0,3.0,3.0,3.0,3.0,4.0,3.0,7.0,8.0,3.0,4.0,3.0,3.0,4.0,4.0,2.0,2.0,6.0,3.0,7.0,8.0,7.0,7.0,7.0,3.0,4.0,4.0,3.0,6.0
CC-ECONOMIA-D51,3.0,3.0,4.0,6.0,5.0,6.0,4.0,3.0,3.0,3.0,4.0,3.0,3.0,3.0,3.0,3.0,4.0,6.0,6.0,6.0,6.0,6.0,6.0,6.0,6.0,6.0,6.0,6.0,6.0,6.0,6.0,5.0,5.0,5.0,6.0,6.0,6.0,5.0,2.0,2.0,2.0,2.0,2.0,0.0,2.0,2.0,2.0,2.0,2.0,2.0,2.0,3.0,3.0,3.0,3.0,5.0,5.0,4.0,6.0,6.0,7.0,3.0,6.0,6.0,6.0,6.0,6.0,6.0,5.0,3.0,6.0,6.0,6.0,6.0,1.0,1.0,4.0,4.0,6.0,6.0,6.0,1.0,1.0,1.0,3.0,8.0,7.0,7.0,3.0,3.0,3.0,3.0,3.0,2.0,5.0,5.0,4.0,5.0,5.0,3.0,7.0,7.0,8.0,7.0,3.0,3.0,3.0,3.0,6.0,6.0,6.0,7.0,7.0,7.0,7.0,7.0,7.0,7.0,7.0,6.0,3.0,3.0,3.0,4.0,3.0,3.0,8.0,7.0,8.0,7.0,7.0,8.0,7.0,7.0,3.0,3.0,4.0,2.0,7.0,7.0,7.0,8.0,7.0,7.0,3.0,4.0,5.0,3.0,4.0,3.0,3.0,3.0,3.0,4.0,3.0,7.0,8.0,3.0,4.0,3.0,3.0,4.0,4.0,2.0,2.0,6.0,3.0,7.0,8.0,7.0,7.0,7.0,1.0,2.0,2.0,3.0,6.0
CC-FILOSOFIA-A-D108,3.0,3.0,4.0,6.0,5.0,6.0,4.0,3.0,3.0,3.0,4.0,3.0,3.0,3.0,3.0,3.0,4.0,6.0,6.0,6.0,6.0,6.0,6.0,6.0,6.0,6.0,6.0,6.0,6.0,6.0,6.0,5.0,5.0,5.0,6.0,6.0,6.0,5.0,2.0,2.0,2.0,2.0,2.0,2.0,0.0,2.0,2.0,2.0,2.0,2.0,2.0,3.0,3.0,3.0,3.0,5.0,5.0,4.0,6.0,6.0,7.0,3.0,6.0,6.0,6.0,6.0,6.0,6.0,5.0,3.0,6.0,6.0,6.0,6.0,1.0,1.0,4.0,4.0,6.0,6.0,6.0,3.0,3.0,3.0,3.0,8.0,7.0,7.0,1.0,1.0,3.0,3.0,3.0,2.0,5.0,5.0,4.0,5.0,5.0,3.0,7.0,7.0,8.0,7.0,3.0,3.0,3.0,3.0,6.0,6.0,6.0,7.0,7.0,7.0,7.0,7.0,7.0,7.0,7.0,6.0,3.0,3.0,3.0,4.0,3.0,3.0,8.0,7.0,8.0,7.0,7.0,8.0,7.0,7.0,3.0,3.0,4.0,2.0,7.0,7.0,7.0,8.0,7.0,7.0,1.0,2.0,3.0,3.0,4.0,3.0,3.0,3.0,3.0,4.0,3.0,7.0,8.0,3.0,4.0,3.0,3.0,4.0,4.0,2.0,2.0,6.0,3.0,7.0,8.0,7.0,7.0,7.0,3.0,4.0,4.0,3.0,6.0
CC-FILOSOFIA-B-D111,3.0,3.0,4.0,6.0,5.0,6.0,4.0,3.0,3.0,3.0,4.0,3.0,3.0,3.0,3.0,3.0,4.0,6.0,6.0,6.0,6.0,6.0,6.0,6.0,6.0,6.0,6.0,6.0,6.0,6.0,6.0,5.0,5.0,5.0,6.0,6.0,6.0,5.0,2.0,2.0,2.0,2.0,2.0,2.0,2.0,0.0,2.0,2.0,2.0,2.0,2.0,3.0,3.0,3.0,3.0,5.0,5.0,4.0,6.0,6.0,7.0,3.0,6.0,6.0,6.0,6.0,6.0,6.0,5.0,3.0,6.0,6.0,6.0,6.0,1.0,1.0,4.0,4.0,6.0,6.0,6.0,3.0,3.0,3.0,3.0,8.0,7.0,7.0,3.0,3.0,1.0,1.0,3.0,2.0,5.0,5.0,4.0,5.0,5.0,3.0,7.0,7.0,8.0,7.0,3.0,3.0,3.0,3.0,6.0,6.0,6.0,7.0,7.0,7.0,7.0,7.0,7.0,7.0,7.0,6.0,3.0,3.0,3.0,4.0,3.0,3.0,8.0,7.0,8.0,7.0,7.0,8.0,7.0,7.0,3.0,3.0,4.0,2.0,7.0,7.0,7.0,8.0,7.0,7.0,3.0,4.0,5.0,3.0,4.0,3.0,3.0,3.0,3.0,4.0,3.0,7.0,8.0,3.0,4.0,3.0,3.0,4.0,4.0,2.0,2.0,6.0,3.0,7.0,8.0,7.0,7.0,7.0,3.0,4.0,4.0,3.0,6.0
CC-JURISPRUDENCIA-D110,3.0,3.0,4.0,6.0,5.0,6.0,4.0,3.0,3.0,3.0,4.0,3.0,3.0,3.0,3.0,3.0,4.0,6.0,6.0,6.0,6.0,6.0,6.0,6.0,6.0,6.0,6.0,6.0,6.0,6.0,6.0,5.0,5.0,5.0,6.0,6.0,6.0,5.0,2.0,2.0,2.0,2.0,2.0,2.0,2.0,2.0,0.0,2.0,2.0,2.0,2.0,3.0,3.0,3.0,3.0,5.0,5.0,4.0,6.0,6.0,7.0,3.0,6.0,6.0,6.0,6.0,6.0,6.0,5.0,3.0,6.0,6.0,6.0,6.0,1.0,1.0,4.0,4.0,6.0,6.0,6.0,3.0,3.0,3.0,3.0,8.0,7.0,7.0,3.0,3.0,3.0,3.0,3.0,2.0,5.0,5.0,4.0,5.0,5.0,3.0,7.0,7.0,8.0,7.0,1.0,1.0,1.0,1.0,6.0,6.0,6.0,7.0,7.0,7.0,7.0,7.0,7.0,7.0,7.0,6.0,3.0,3.0,3.0,4.0,3.0,3.0,8.0,7.0,8.0,7.0,7.0,8.0,7.0,7.0,3.0,3.0,4.0,2.0,7.0,7.0,7.0,8.0,7.0,7.0,3.0,4.0,5.0,3.0,4.0,3.0,3.0,3.0,3.0,4.0,3.0,7.0,8.0,3.0,4.0,3.0,3.0,4.0,4.0,2.0,2.0,6.0,3.0,7.0,8.0,7.0,7.0,7.0,3.0,4.0,4.0,3.0,6.0
CC-MONJAS-D126,3.0,3.0,4.0,6.0,5.0,6.0,4.0,3.0,3.0,3.0,4.0,3.0,3.0,3.0,3.0,3.0,4.0,6.0,6.0,6.0,6.0,6.0,6.0,6.0,6.0,6.0,6.0,6.0,6.0,6.0,6.0,5.0,5.0,5.0,6.0,6.0,6.0,5.0,2.0,2.0,2.0,2.0,2.0,2.0,2.0,2.0,2.0,0.0,2.0,2.0,2.0,3.0,3.0,3.0,3.0,5.0,5.0,4.0,6.0,6.0,7.0,3.0,6.0,6.0,6.0,6.0,6.0,6.0,5.0,3.0,6.0,6.0,6.0,6.0,1.0,1.0,4.0,4.0,6.0,6.0,6.0,3.0,3.0,3.0,1.0,8.0,7.0,7.0,3.0,3.0,3.0,3.0,3.0,2.0,5.0,5.0,4.0,5.0,5.0,3.0,7.0,7.0,8.0,7.0,3.0,3.0,3.0,3.0,6.0,6.0,6.0,7.0,7.0,7.0,7.0,7.0,7.0,7.0,7.0,6.0,1.0,1.0,1.0,2.0,1.0,1.0,8.0,7.0,8.0,7.0,7.0,8.0,7.0,7.0,3.0,3.0,4.0,2.0,7.0,7.0,7.0,8.0,7.0,7.0,3.0,4.0,5.0,3.0,4.0,3.0,3.0,3.0,3.0,4.0,3.0,7.0,8.0,3.0,4.0,3.0,3.0,4.0,4.0,2.0,2.0,6.0,3.0,7.0,8.0,7.0,7.0,7.0,3.0,4.0,4.0,3.0,6.0
CC-PROMAS-D31,3.0,3.0,4.0,6.0,5.0,6.0,4.0,3.0,3.0,3.0,4.0,3.0,3.0,3.0,3.0,3.0,4.0,6.0,6.0,6.0,6.0,6.0,6.0,6.0,6.0,6.0,6.0,6.0,6.0,6.0,6.0,5.0,5.0,5.0,6.0,6.0,6.0,5.0,2.0,2.0,2.0,2.0,2.0,2.0,2.0,2.0,2.0,2.0,0.0,2.0,2.0,3.0,3.0,3.0,3.0,5.0,5.0,4.0,6.0,6.0,7.0,3.0,6.0,6.0,6.0,6.0,6.0,6.0,5.0,1.0,6.0,6.0,6.0,6.0,1.0,1.0,4.0,4.0,6.0,6.0,6.0,3.0,3.0,3.0,3.0,8.0,7.0,7.0,3.0,3.0,3.0,3.0,3.0,2.0,5.0,5.0,4.0,5.0,5.0,3.0,7.0,7.0,8.0,7.0,3.0,3.0,3.0,3.0,6.0,6.0,6.0,7.0,7.0,7.0,7.0,7.0,7.0,7.0,7.0,6.0,3.0,3.0,3.0,4.0,3.0,3.0,8.0,7.0,8.0,7.0,7.0,8.0,7.0,7.0,3.0,3.0,4.0,2.0,7.0,7.0,7.0,8.0,7.0,7.0,3.0,4.0,5.0,1.0,2.0,3.0,3.0,3.0,3.0,4.0,3.0,7.0,8.0,3.0,4.0,3.0,3.0,4.0,4.0,2.0,2.0,6.0,3.0,7.0,8.0,7.0,7.0,7.0,3.0,4.0,4.0,3.0,6.0
CC-PSICOLOGIA-D125,3.0,3.0,4.0,6.0,5.0,6.0,4.0,3.0,3.0,3.0,4.0,3.0,3.0,3.0,3.0,3.0,4.0,6.0,6.0,6.0,6.0,6.0,6.0,6.0,6.0,6.0,6.0,6.0,6.0,6.0,6.0,5.0,5.0,5.0,6.0,6.0,6.0,5.0,2.0,2.0,2.0,2.0,2.0,2.0,2.0,2.0,2.0,2.0,2.0,0.0,2.0,3.0,3.0,3.0,3.0,5.0,5.0,4.0,6.0,6.0,7.0,3.0,6.0,6.0,6.0,6.0,6.0,6.0,5.0,3.0,6.0,6.0,6.0,6.0,1.0,1.0,4.0,4.0,6.0,6.0,6.0,3.0,3.0,3.0,3.0,8.0,7.0,7.0,3.0,3.0,3.0,3.0,3.0,2.0,5.0,5.0,4.0,5.0,5.0,3.0,7.0,7.0,8.0,7.0,3.0,3.0,3.0,3.0,6.0,6.0,6.0,7.0,7.0,7.0,7.0,7.0,7.0,7.0,7.0,6.0,3.0,3.0,3.0,4.0,3.0,3.0,8.0,7.0,8.0,7.0,7.0,8.0,7.0,7.0,3.0,3.0,4.0,2.0,7.0,7.0,7.0,8.0,7.0,7.0,3.0,4.0,5.0,3.0,4.0,1.0,1.0,3.0,3.0,4.0,3.0,7.0,8.0,3.0,4.0,3.0,3.0,4.0,4.0,2.0,2.0,6.0,3.0,7.0,8.0,7.0,7.0,7.0,3.0,4.0,4.0,3.0,6.0
CC-QUIMICA-D109,3.0,3.0,4.0,6.0,5.0,6.0,4.0,3.0,3.0,3.0,4.0,3.0,3.0,3.0,3.0,3.0,4.0,6.0,6.0,6.0,6.0,6.0,6.0,6.0,6.0,6.0,6.0,6.0,6.0,6.0,6.0,5.0,5.0,5.0,6.0,6.0,6.0,5.0,2.0,2.0,2.0,2.0,2.0,2.0,2.0,2.0,2.0,2.0,2.0,2.0,0.0,3.0,3.0,3.0,3.0,5.0,5.0,4.0,6.0,6.0,7.0,3.0,6.0,6.0,6.0,6.0,6.0,6.0,5.0,3.0,6.0,6.0,6.0,6.0,1.0,1.0,4.0,4.0,6.0,6.0,6.0,3.0,3.0,3.0,3.0,8.0,7.0,7.0,3.0,3.0,3.0,3.0,3.0,2.0,5.0,5.0,4.0,5.0,5.0,3.0,7.0,7.0,8.0,7.0,3.0,3.0,3.0,3.0,6.0,6.0,6.0,7.0,7.0,7.0,7.0,7.0,7.0,7.0,7.0,6.0,3.0,3.0,3.0,4.0,3.0,3.0,8.0,7.0,8.0,7.0,7.0,8.0,7.0,7.0,3.0,3.0,4.0,2.0,7.0,7.0,7.0,8.0,7.0,7.0,3.0,4.0,5.0,3.0,4.0,3.0,3.0,1.0,1.0,2.0,1.0,7.0,8.0,3.0,4.0,3.0,3.0,4.0,4.0,2.0,2.0,6.0,3.0,7.0,8.0,7.0,7.0,7.0,3.0,4.0,4.0,3.0,6.0
CCADM-2A-A43,4.0,4.0,5.0,7.0,6.0,7.0,5.0,4.0,4.0,4.0,5.0,4.0,4.0,4.0,4.0,4.0,5.0,7.0,7.0,7.0,7.0,7.0,7.0,7.0,7.0,7.0,7.0,7.0,7.0,7.0,7.0,6.0,6.0,6.0,7.0,7.0,7.0,6.0,1.0,3.0,3.0,3.0,3.0,3.0,3.0,3.0,3.0,3.0,3.0,3.0,3.0,0.0,2.0,2.0,4.0,6.0,6.0,5.0,7.0,7.0,8.0,2.0,7.0,7.0,7.0,7.0,7.0,7.0,6.0,4.0,7.0,7.0,7.0,7.0,2.0,2.0,5.0,5.0,7.0,7.0,7.0,4.0,4.0,4.0,4.0,9.0,8.0,8.0,4.0,4.0,4.0,4.0,4.0,3.0,6.0,6.0,5.0,6.0,6.0,4.0,8.0,8.0,9.0,8.0,4.0,4.0,4.0,4.0,7.0,7.0,7.0,8.0,8.0,8.0,8.0,8.0,8.0,8.0,8.0,7.0,4.0,4.0,4.0,5.0,4.0,4.0,9.0,8.0,9.0,8.0,8.0,9.0,8.0,8.0,4.0,4.0,5.0,3.0,8.0,8.0,8.0,9.0,8.0,8.0,4.0,5.0,6.0,4.0,5.0,4.0,4.0,4.0,4.0,5.0,4.0,8.0,9.0,4.0,5.0,4.0,4.0,5.0,5.0,3.0,3.0,7.0,2.0,8.0,9.0,8.0,8.0,8.0,4.0,5.0,5.0,4.0,7.0
CCADM-2A-A44,4.0,4.0,5.0,7.0,6.0,7.0,5.0,4.0,4.0,4.0,5.0,4.0,4.0,4.0,4.0,4.0,5.0,7.0,7.0,7.0,7.0,7.0,7.0,7.0,7.0,7.0,7.0,7.0,7.0,7.0,7.0,6.0,6.0,6.0,7.0,7.0,7.0,6.0,1.0,3.0,3.0,3.0,3.0,3.0,3.0,3.0,3.0,3.0,3.0,3.0,3.0,2.0,0.0,2.0,4.0,6.0,6.0,5.0,7.0,7.0,8.0,2.0,7.0,7.0,7.0,7.0,7.0,7.0,6.0,4.0,7.0,7.0,7.0,7.0,2.0,2.0,5.0,5.0,7.0,7.0,7.0,4.0,4.0,4.0,4.0,9.0,8.0,8.0,4.0,4.0,4.0,4.0,4.0,3.0,6.0,6.0,5.0,6.0,6.0,4.0,8.0,8.0,9.0,8.0,4.0,4.0,4.0,4.0,7.0,7.0,7.0,8.0,8.0,8.0,8.0,8.0,8.0,8.0,8.0,7.0,4.0,4.0,4.0,5.0,4.0,4.0,9.0,8.0,9.0,8.0,8.0,9.0,8.0,8.0,4.0,4.0,5.0,3.0,8.0,8.0,8.0,9.0,8.0,8.0,4.0,5.0,6.0,4.0,5.0,4.0,4.0,4.0,4.0,5.0,4.0,8.0,9.0,4.0,5.0,4.0,4.0,5.0,5.0,3.0,3.0,7.0,2.0,8.0,9.0,8.0,8.0,8.0,4.0,5.0,5.0,4.0,7.0
CCADM-2A-A45,4.0,4.0,5.0,7.0,6.0,7.0,5.0,4.0,4.0,4.0,5.0,4.0,4.0,4.0,4.0,4.0,5.0,7.0,7.0,7.0,7.0,7.0,7.0,7.0,7.0,7.0,7.0,7.0,7.0,7.0,7.0,6.0,6.0,6.0,7.0,7.0,7.0,6.0,1.0,3.0,3.0,3.0,3.0,3.0,3.0,3.0,3.0,3.0,3.0,3.0,3.0,2.0,2.0,0.0,4.0,6.0,6.0,5.0,7.0,7.0,8.0,2.0,7.0,7.0,7.0,7.0,7.0,7.0,6.0,4.0,7.0,7.0,7.0,7.0,2.0,2.0,5.0,5.0,7.0,7.0,7.0,4.0,4.0,4.0,4.0,9.0,8.0,8.0,4.0,4.0,4.0,4.0,4.0,3.0,6.0,6.0,5.0,6.0,6.0,4.0,8.0,8.0,9.0,8.0,4.0,4.0,4.0,4.0,7.0,7.0,7.0,8.0,8.0,8.0,8.0,8.0,8.0,8.0,8.0,7.0,4.0,4.0,4.0,5.0,4.0,4.0,9.0,8.0,9.0,8.0,8.0,9.0,8.0,8.0,4.0,4.0,5.0,3.0,8.0,8.0,8.0,9.0,8.0,8.0,4.0,5.0,6.0,4.0,5.0,4.0,4.0,4.0,4.0,5.0,4.0,8.0,9.0,4.0,5.0,4.0,4.0,5.0,5.0,3.0,3.0,7.0,2.0,8.0,9.0,8.0,8.0,8.0,4.0,5.0,5.0,4.0,7.0
CCBIB-1A-A71,4.0,4.0,5.0,7.0,6.0,7.0,5.0,4.0,4.0,4.0,5.0,4.0,4.0,4.0,4.0,4.0,5.0,7.0,7.0,7.0,7.0,7.0,7.0,7.0,7.0,7.0,7.0,7.0,7.0,7.0,7.0,6.0,6.0,6.0,7.0,7.0,7.0,6.0,3.0,3.0,3.0,1.0,3.0,3.0,3.0,3.0,3.0,3.0,3.0,3.0,3.0,4.0,4.0,4.0,0.0,6.0,6.0,5.0,7.0,7.0,8.0,4.0,7.0,7.0,7.0,7.0,7.0,7.0,6.0,4.0,7.0,7.0,7.0,7.0,2.0,2.0,5.0,5.0,7.0,7.0,7.0,4.0,4.0,4.0,4.0,9.0,8.0,8.0,4.0,4.0,4.0,4.0,4.0,3.0,6.0,6.0,5.0,6.0,6.0,4.0,8.0,8.0,9.0,8.0,4.0,4.0,4.0,4.0,7.0,7.0,7.0,8.0,8.0,8.0,8.0,8.0,8.0,8.0,8.0,7.0,4.0,4.0,4.0,5.0,4.0,4.0,9.0,8.0,9.0,8.0,8.0,9.0,8.0,8.0,4.0,4.0,5.0,3.0,8.0,8.0,8.0,9.0,8.0,8.0,4.0,5.0,6.0,4.0,5.0,4.0,4.0,4.0,4.0,5.0,4.0,8.0,9.0,4.0,5.0,4.0,4.0,5.0,5.0,3.0,3.0,7.0,4.0,8.0,9.0,8.0,8.0,8.0,4.0,5.0,5.0,2.0,7.0
CCJ-1A-A10,6.0,6.0,7.0,5.0,4.0,5.0,7.0,6.0,6.0,6.0,7.0,6.0,6.0,6.0,6.0,6.0,7.0,5.0,6.0,6.0,6.0,6.0,6.0,6.0,6.0,6.0,6.0,6.0,6.0,6.0,6.0,5.0,5.0,5.0,6.0,5.0,5.0,5.0,5.0,5.0,5.0,5.0,5.0,5.0,5.0,5.0,5.0,5.0,5.0,5.0,5.0,6.0,6.0,6.0,6.0,0.0,2.0,1.0,6.0,5.0,6.0,6.0,5.0,5.0,5.0,5.0,5.0,5.0,4.0,6.0,6.0,6.0,6.0,5.0,5.0,4.0,5.0,4.0,6.0,6.0,6.0,6.0,6.0,6.0,6.0,7.0,6.0,6.0,6.0,6.0,6.0,6.0,4.0,4.0,4.0,4.0,3.0,4.0,4.0,2.0,6.0,6.0,7.0,6.0,6.0,6.0,6.0,6.0,5.0,5.0,5.0,6.0,6.0,6.0,6.0,6.0,6.0,6.0,6.0,6.0,6.0,6.0,6.0,7.0,6.0,6.0,7.0,6.0,7.0,6.0,6.0,7.0,6.0,6.0,3.0,3.0,3.0,3.0,6.0,6.0,6.0,7.0,6.0,6.0,6.0,7.0,8.0,6.0,7.0,6.0,6.0,6.0,6.0,7.0,6.0,7.0,8.0,6.0,3.0,6.0,4.0,3.0,5.0,5.0,6.0,5.0,6.0,6.0,7.0,6.0,6.0,6.0,6.0,7.0,7.0,6.0,6.0
CCJ-1A-A11,6.0,6.0,7.0,5.0,4.0,5.0,7.0,6.0,6.0,6.0,7.0,6.0,6.0,6.0,6.0,6.0,7.0,5.0,6.0,6.0,6.0,6.0,6.0,6.0,6.0,6.0,6.0,6.0,6.0,6.0,6.0,5.0,5.0,5.0,6.0,5.0,5.0,5.0,5.0,5.0,5.0,5.0,5.0,5.0,5.0,5.0,5.0,5.0,5.0,5.0,5.0,6.0,6.0,6.0,6.0,2.0,0.0,1.0,6.0,5.0,6.0,6.0,5.0,5.0,5.0,5.0,5.0,5.0,4.0,6.0,6.0,6.0,6.0,5.0,5.0,4.0,5.0,4.0,6.0,6.0,6.0,6.0,6.0,6.0,6.0,7.0,6.0,6.0,6.0,6.0,6.0,6.0,4.0,4.0,4.0,4.0,3.0,4.0,4.0,2.0,6.0,6.0,7.0,6.0,6.0,6.0,6.0,6.0,5.0,5.0,5.0,6.0,6.0,6.0,6.0,6.0,6.0,6.0,6.0,6.0,6.0,6.0,6.0,7.0,6.0,6.0,7.0,6.0,7.0,6.0,6.0,7.0,6.0,6.0,3.0,3.0,3.0,3.0,6.0,6.0,6.0,7.0,6.0,6.0,6.0,7.0,8.0,6.0,7.0,6.0,6.0,6.0,6.0,7.0,6.0,7.0,8.0,6.0,3.0,6.0,4.0,3.0,5.0,5.0,6.0,5.0,6.0,6.0,7.0,6.0,6.0,6.0,6.0,7.0,7.0,6.0,6.0
CCJ-CJURIDICO-D4,5.0,5.0,6.0,4.0,3.0,4.0,6.0,5.0,5.0,5.0,6.0,5.0,5.0,5.0,5.0,5.0,6.0,4.0,5.0,5.0,5.0,5.0,5.0,5.0,5.0,5.0,5.0,5.0,5.0,5.0,5.0,4.0,4.0,4.0,5.0,4.0,4.0,4.0,4.0,4.0,4.0,4.0,4.0,4.0,4.0,4.0,4.0,4.0,4.0,4.0,4.0,5.0,5.0,5.0,5.0,1.0,1.0,0.0,5.0,4.0,5.0,5.0,4.0,4.0,4.0,4.0,4.0,4.0,3.0,5.0,5.0,5.0,5.0,4.0,4.0,3.0,4.0,3.0,5.0,5.0,5.0,5.0,5.0,5.0,5.0,6.0,5.0,5.0,5.0,5.0,5.0,5.0,3.0,3.0,3.0,3.0,2.0,3.0,3.0,1.0,5.0,5.0,6.0,5.0,5.0,5.0,5.0,5.0,4.0,4.0,4.0,5.0,5.0,5.0,5.0,5.0,5.0,5.0,5.0,5.0,5.0,5.0,5.0,6.0,5.0,5.0,6.0,5.0,6.0,5.0,5.0,6.0,5.0,5.0,2.0,2.0,2.0,2.0,5.0,5.0,5.0,6.0,5.0,5.0,5.0,6.0,7.0,5.0,6.0,5.0,5.0,5.0,5.0,6.0,5.0,6.0,7.0,5.0,2.0,5.0,3.0,2.0,4.0,4.0,5.0,4.0,5.0,5.0,6.0,5.0,5.0,5.0,5.0,6.0,6.0,5.0,5.0
CEA-0A-A108,7.0,7.0,8.0,7.0,6.0,7.0,8.0,7.0,7.0,7.0,8.0,7.0,7.0,7.0,7.0,7.0,8.0,7.0,4.0,4.0,4.0,4.0,4.0,4.0,4.0,4.0,4.0,4.0,4.0,4.0,4.0,3.0,3.0,1.0,4.0,7.0,7.0,3.0,6.0,6.0,6.0,6.0,6.0,6.0,6.0,6.0,6.0,6.0,6.0,6.0,6.0,7.0,7.0,7.0,7.0,6.0,6.0,5.0,0.0,7.0,8.0,7.0,7.0,7.0,7.0,7.0,7.0,7.0,6.0,7.0,2.0,2.0,2.0,7.0,5.0,5.0,2.0,2.0,4.0,4.0,4.0,7.0,7.0,7.0,7.0,9.0,8.0,8.0,7.0,7.0,7.0,7.0,3.0,4.0,6.0,6.0,5.0,6.0,6.0,4.0,8.0,8.0,9.0,8.0,7.0,7.0,7.0,7.0,7.0,7.0,7.0,8.0,8.0,8.0,8.0,8.0,8.0,8.0,8.0,4.0,7.0,7.0,7.0,8.0,7.0,7.0,9.0,8.0,9.0,8.0,8.0,9.0,8.0,8.0,4.0,4.0,3.0,5.0,8.0,8.0,8.0,9.0,8.0,8.0,7.0,8.0,9.0,7.0,8.0,7.0,7.0,7.0,7.0,8.0,7.0,5.0,6.0,4.0,5.0,4.0,6.0,5.0,3.0,5.0,5.0,7.0,7.0,8.0,9.0,8.0,8.0,8.0,7.0,8.0,8.0,7.0,2.0
CEN-1A-A20,7.0,7.0,8.0,2.0,1.0,2.0,8.0,7.0,7.0,7.0,8.0,7.0,7.0,7.0,7.0,7.0,8.0,2.0,7.0,7.0,7.0,7.0,7.0,7.0,7.0,7.0,7.0,7.0,7.0,7.0,7.0,6.0,6.0,6.0,7.0,2.0,2.0,6.0,6.0,6.0,6.0,6.0,6.0,6.0,6.0,6.0,6.0,6.0,6.0,6.0,6.0,7.0,7.0,7.0,7.0,5.0,5.0,4.0,7.0,0.0,7.0,7.0,6.0,6.0,6.0,6.0,6.0,6.0,5.0,7.0,7.0,7.0,7.0,2.0,5.0,5.0,6.0,5.0,7.0,7.0,7.0,7.0,7.0,7.0,7.0,8.0,7.0,7.0,7.0,7.0,7.0,7.0,5.0,4.0,5.0,5.0,4.0,5.0,5.0,3.0,7.0,7.0,8.0,7.0,7.0,7.0,7.0,7.0,2.0,2.0,2.0,7.0,7.0,7.0,7.0,7.0,7.0,7.0,7.0,7.0,7.0,7.0,7.0,8.0,7.0,7.0,8.0,7.0,8.0,7.0,7.0,8.0,7.0,7.0,4.0,3.0,4.0,4.0,7.0,7.0,7.0,8.0,7.0,7.0,7.0,8.0,9.0,7.0,8.0,7.0,7.0,7.0,7.0,8.0,7.0,8.0,9.0,7.0,4.0,7.0,5.0,2.0,6.0,6.0,6.0,2.0,7.0,7.0,8.0,7.0,7.0,7.0,7.0,8.0,8.0,7.0,7.0
CENDIA-0A-A19,8.0,8.0,9.0,7.0,6.0,7.0,9.0,8.0,8.0,8.0,9.0,8.0,8.0,8.0,8.0,8.0,9.0,7.0,8.0,8.0,8.0,8.0,8.0,8.0,8.0,8.0,8.0,8.0,8.0,8.0,8.0,7.0,7.0,7.0,8.0,7.0,7.0,7.0,7.0,7.0,7.0,7.0,7.0,7.0,7.0,7.0,7.0,7.0,7.0,7.0,7.0,8.0,8.0,8.0,8.0,6.0,6.0,5.0,8.0,7.0,0.0,8.0,3.0,3.0,1.0,3.0,3.0,3.0,2.0,8.0,8.0,8.0,8.0,7.0,7.0,6.0,7.0,6.0,8.0,8.0,8.0,8.0,8.0,8.0,8.0,5.0,4.0,4.0,8.0,8.0,8.0,8.0,6.0,6.0,6.0,6.0,5.0,6.0,6.0,4.0,2.0,2.0,3.0,2.0,8.0,8.0,8.0,8.0,7.0,7.0,7.0,4.0,4.0,4.0,4.0,4.0,4.0,4.0,4.0,8.0,8.0,8.0,8.0,9.0,8.0,8.0,5.0,4.0,5.0,4.0,4.0,5.0,4.0,4.0,5.0,5.0,5.0,5.0,4.0,4.0,4.0,5.0,4.0,4.0,8.0,9.0,10.0,8.0,9.0,8.0,8.0,8.0,8.0,9.0,8.0,9.0,10.0,8.0,3.0,8.0,4.0,5.0,7.0,7.0,8.0,7.0,8.0,4.0,5.0,4.0,4.0,4.0,8.0,9.0,9.0,8.0,8.0
CMED-0A-A42,4.0,4.0,5.0,7.0,6.0,7.0,5.0,4.0,4.0,4.0,5.0,4.0,4.0,4.0,4.0,4.0,5.0,7.0,7.0,7.0,7.0,7.0,7.0,7.0,7.0,7.0,7.0,7.0,7.0,7.0,7.0,6.0,6.0,6.0,7.0,7.0,7.0,6.0,1.0,3.0,3.0,3.0,3.0,3.0,3.0,3.0,3.0,3.0,3.0,3.0,3.0,2.0,2.0,2.0,4.0,6.0,6.0,5.0,7.0,7.0,8.0,0.0,7.0,7.0,7.0,7.0,7.0,7.0,6.0,4.0,7.0,7.0,7.0,7.0,2.0,2.0,5.0,5.0,7.0,7.0,7.0,4.0,4.0,4.0,4.0,9.0,8.0,8.0,4.0,4.0,4.0,4.0,4.0,3.0,6.0,6.0,5.0,6.0,6.0,4.0,8.0,8.0,9.0,8.0,4.0,4.0,4.0,4.0,7.0,7.0,7.0,8.0,8.0,8.0,8.0,8.0,8.0,8.0,8.0,7.0,4.0,4.0,4.0,5.0,4.0,4.0,9.0,8.0,9.0,8.0,8.0,9.0,8.0,8.0,4.0,4.0,5.0,3.0,8.0,8.0,8.0,9.0,8.0,8.0,4.0,5.0,6.0,4.0,5.0,4.0,4.0,4.0,4.0,5.0,4.0,8.0,9.0,4.0,5.0,4.0,4.0,5.0,5.0,3.0,3.0,7.0,2.0,8.0,9.0,8.0,8.0,8.0,4.0,5.0,5.0,4.0,7.0
CP-EADMINA1-D6,7.0,7.0,8.0,6.0,5.0,6.0,8.0,7.0,7.0,7.0,8.0,7.0,7.0,7.0,7.0,7.0,8.0,6.0,7.0,7.0,7.0,7.0,7.0,7.0,7.0,7.0,7.0,7.0,7.0,7.0,7.0,6.0,6.0,6.0,7.0,6.0,6.0,6.0,6.0,6.0,6.0,6.0,6.0,6.0,6.0,6.0,6.0,6.0,6.0,6.0,6.0,7.0,7.0,7.0,7.0,5.0,5.0,4.0,7.0,6.0,3.0,7.0,0.0,2.0,2.0,2.0,2.0,2.0,1.0,7.0,7.0,7.0,7.0,6.0,6.0,5.0,6.0,5.0,7.0,7.0,7.0,7.0,7.0,7.0,7.0,4.0,3.0,3.0,7.0,7.0,7.0,7.0,5.0,5.0,5.0,5.0,4.0,5.0,5.0,3.0,3.0,3.0,4.0,3.0,7.0,7.0,7.0,7.0,6.0,6.0,6.0,1.0,1.0,1.0,1.0,1.0,1.0,1.0,1.0,7.0,7.0,7.0,7.0,8.0,7.0,7.0,4.0,3.0,4.0,3.0,3.0,4.0,3.0,3.0,4.0,4.0,4.0,4.0,3.0,3.0,3.0,4.0,3.0,3.0,7.0,8.0,9.0,7.0,8.0,7.0,7.0,7.0,7.0,8.0,7.0,8.0,9.0,7.0,2.0,7.0,3.0,4.0,6.0,6.0,7.0,6.0,7.0,3.0,4.0,3.0,3.0,3.0,7.0,8.0,8.0,7.0,7.0
CP-ENFERMERIA-D1,7.0,7.0,8.0,6.0,5.0,6.0,8.0,7.0,7.0,7.0,8.0,7.0,7.0,7.0,7.0,7.0,8.0,6.0,7.0,7.0,7.0,7.0,7.0,7.0,7.0,7.0,7.0,7.0,7.0,7.0,7.0,6.0,6.0,6.0,7.0,6.0,6.0,6.0,6.0,6.0,6.0,6.0,6.0,6.0,6.0,6.0,6.0,6.0,6.0,6.0,6.0,7.0,7.0,7.0,7.0,5.0,5.0,4.0,7.0,6.0,3.0,7.0,2.0,0.0,2.0,2.0,2.0,2.0,1.0,7.0,7.0,7.0,7.0,6.0,6.0,5.0,6.0,5.0,7.0,7.0,7.0,7.0,7.0,7.0,7.0,2.0,1.0,1.0,7.0,7.0,7.0,7.0,5.0,5.0,5.0,5.0,4.0,5.0,5.0,3.0,3.0,3.0,4.0,3.0,7.0,7.0,7.0,7.0,6.0,6.0,6.0,3.0,3.0,3.0,3.0,3.0,3.0,3.0,3.0,7.0,7.0,7.0,7.0,8.0,7.0,7.0,4.0,3.0,4.0,3.0,3.0,4.0,3.0,3.0,4.0,4.0,4.0,4.0,3.0,3.0,3.0,4.0,3.0,3.0,7.0,8.0,9.0,7.0,8.0,7.0,7.0,7.0,7.0,8.0,7.0,8.0,9.0,7.0,2.0,7.0,3.0,4.0,6.0,6.0,7.0,6.0,7.0,3.0,4.0,3.0,3.0,3.0,7.0,8.0,8.0,7.0,7.0
CP-INVESTIGACION-D5,7.0,7.0,8.0,6.0,5.0,6.0,8.0,7.0,7.0,7.0,8.0,7.0,7.0,7.0,7.0,7.0,8.0,6.0,7.0,7.0,7.0,7.0,7.0,7.0,7.0,7.0,7.0,7.0,7.0,7.0,7.0,6.0,6.0,6.0,7.0,6.0,6.0,6.0,6.0,6.0,6.0,6.0,6.0,6.0,6.0,6.0,6.0,6.0,6.0,6.0,6.0,7.0,7.0,7.0,7.0,5.0,5.0,4.0,7.0,6.0,1.0,7.0,2.0,2.0,0.0,2.0,2.0,2.0,1.0,7.0,7.0,7.0,7.0,6.0,6.0,5.0,6.0,5.0,7.0,7.0,7.0,7.0,7.0,7.0,7.0,4.0,3.0,3.0,7.0,7.0,7.0,7.0,5.0,5.0,5.0,5.0,4.0,5.0,5.0,3.0,1.0,1.0,2.0,1.0,7.0,7.0,7.0,7.0,6.0,6.0,6.0,3.0,3.0,3.0,3.0,3.0,3.0,3.0,3.0,7.0,7.0,7.0,7.0,8.0,7.0,7.0,4.0,3.0,4.0,3.0,3.0,4.0,3.0,3.0,4.0,4.0,4.0,4.0,3.0,3.0,3.0,4.0,3.0,3.0,7.0,8.0,9.0,7.0,8.0,7.0,7.0,7.0,7.0,8.0,7.0,8.0,9.0,7.0,2.0,7.0,3.0,4.0,6.0,6.0,7.0,6.0,7.0,3.0,4.0,3.0,3.0,3.0,7.0,8.0,8.0,7.0,7.0
CP-ODONTOLOGIA-D4,7.0,7.0,8.0,6.0,5.0,6.0,8.0,7.0,7.0,7.0,8.0,7.0,7.0,7.0,7.0,7.0,8.0,6.0,7.0,7.0,7.0,7.0,7.0,7.0,7.0,7.0,7.0,7.0,7.0,7.0,7.0,6.0,6.0,6.0,7.0,6.0,6.0,6.0,6.0,6.0,6.0,6.0,6.0,6.0,6.0,6.0,6.0,6.0,6.0,6.0,6.0,7.0,7.0,7.0,7.0,5.0,5.0,4.0,7.0,6.0,3.0,7.0,2.0,2.0,2.0,0.0,2.0,2.0,1.0,7.0,7.0,7.0,7.0,6.0,6.0,5.0,6.0,5.0,7.0,7.0,7.0,7.0,7.0,7.0,7.0,4.0,3.0,3.0,7.0,7.0,7.0,7.0,5.0,5.0,5.0,5.0,4.0,5.0,5.0,3.0,3.0,3.0,4.0,3.0,7.0,7.0,7.0,7.0,6.0,6.0,6.0,3.0,3.0,3.0,3.0,3.0,3.0,3.0,3.0,7.0,7.0,7.0,7.0,8.0,7.0,7.0,2.0,1.0,2.0,1.0,1.0,2.0,1.0,1.0,4.0,4.0,4.0,4.0,3.0,3.0,3.0,4.0,3.0,3.0,7.0,8.0,9.0,7.0,8.0,7.0,7.0,7.0,7.0,8.0,7.0,8.0,9.0,7.0,2.0,7.0,3.0,4.0,6.0,6.0,7.0,6.0,7.0,3.0,4.0,3.0,3.0,3.0,7.0,8.0,8.0,7.0,7.0
CP-POSGRADO-D2,7.0,7.0,8.0,6.0,5.0,6.0,8.0,7.0,7.0,7.0,8.0,7.0,7.0,7.0,7.0,7.0,8.0,6.0,7.0,7.0,7.0,7.0,7.0,7.0,7.0,7.0,7.0,7.0,7.0,7.0,7.0,6.0,6.0,6.0,7.0,6.0,6.0,6.0,6.0,6.0,6.0,6.0,6.0,6.0,6.0,6.0,6.0,6.0,6.0,6.0,6.0,7.0,7.0,7.0,7.0,5.0,5.0,4.0,7.0,6.0,3.0,7.0,2.0,2.0,2.0,2.0,0.0,2.0,1.0,7.0,7.0,7.0,7.0,6.0,6.0,5.0,6.0,5.0,7.0,7.0,7.0,7.0,7.0,7.0,7.0,4.0,3.0,3.0,7.0,7.0,7.0,7.0,5.0,5.0,5.0,5.0,4.0,5.0,5.0,3.0,3.0,3.0,4.0,3.0,7.0,7.0,7.0,7.0,6.0,6.0,6.0,3.0,3.0,3.0,3.0,3.0,3.0,3.0,3.0,7.0,7.0,7.0,7.0,8.0,7.0,7.0,4.0,3.0,4.0,3.0,3.0,4.0,3.0,3.0,4.0,4.0,4.0,4.0,1.0,1.0,1.0,2.0,1.0,1.0,7.0,8.0,9.0,7.0,8.0,7.0,7.0,7.0,7.0,8.0,7.0,8.0,9.0,7.0,2.0,7.0,3.0,4.0,6.0,6.0,7.0,6.0,7.0,3.0,4.0,3.0,3.0,3.0,7.0,8.0,8.0,7.0,7.0
CP-TECMEDICO-D3,7.0,7.0,8.0,6.0,5.0,6.0,8.0,7.0,7.0,7.0,8.0,7.0,7.0,7.0,7.0,7.0,8.0,6.0,7.0,7.0,7.0,7.0,7.0,7.0,7.0,7.0,7.0,7.0,7.0,7.0,7.0,6.0,6.0,6.0,7.0,6.0,6.0,6.0,6.0,6.0,6.0,6.0,6.0,6.0,6.0,6.0,6.0,6.0,6.0,6.0,6.0,7.0,7.0,7.0,7.0,5.0,5.0,4.0,7.0,6.0,3.0,7.0,2.0,2.0,2.0,2.0,2.0,0.0,1.0,7.0,7.0,7.0,7.0,6.0,6.0,5.0,6.0,5.0,7.0,7.0,7.0,7.0,7.0,7.0,7.0,4.0,3.0,3.0,7.0,7.0,7.0,7.0,5.0,5.0,5.0,5.0,4.0,5.0,5.0,3.0,3.0,3.0,4.0,3.0,7.0,7.0,7.0,7.0,6.0,6.0,6.0,3.0,3.0,3.0,3.0,3.0,3.0,3.0,3.0,7.0,7.0,7.0,7.0,8.0,7.0,7.0,4.0,3.0,4.0,3.0,3.0,4.0,3.0,3.0,4.0,4.0,4.0,4.0,3.0,3.0,3.0,4.0,3.0,3.0,7.0,8.0,9.0,7.0,8.0,7.0,7.0,7.0,7.0,8.0,7.0,8.0,9.0,7.0,2.0,7.0,3.0,4.0,6.0,6.0,7.0,6.0,7.0,1.0,2.0,1.0,1.0,1.0,7.0,8.0,8.0,7.0,7.0
CPAR-C10,6.0,6.0,7.0,5.0,4.0,5.0,7.0,6.0,6.0,6.0,7.0,6.0,6.0,6.0,6.0,6.0,7.0,5.0,6.0,6.0,6.0,6.0,6.0,6.0,6.0,6.0,6.0,6.0,6.0,6.0,6.0,5.0,5.0,5.0,6.0,5.0,5.0,5.0,5.0,5.0,5.0,5.0,5.0,5.0,5.0,5.0,5.0,5.0,5.0,5.0,5.0,6.0,6.0,6.0,6.0,4.0,4.0,3.0,6.0,5.0,2.0,6.0,1.0,1.0,1.0,1.0,1.0,1.0,0.0,6.0,6.0,6.0,6.0,5.0,5.0,4.0,5.0,4.0,6.0,6.0,6.0,6.0,6.0,6.0,6.0,3.0,2.0,2.0,6.0,6.0,6.0,6.0,4.0,4.0,4.0,4.0,3.0,4.0,4.0,2.0,2.0,2.0,3.0,2.0,6.0,6.0,6.0,6.0,5.0,5.0,5.0,2.0,2.0,2.0,2.0,2.0,2.0,2.0,2.0,6.0,6.0,6.0,6.0,7.0,6.0,6.0,3.0,2.0,3.0,2.0,2.0,3.0,2.0,2.0,3.0,3.0,3.0,3.0,2.0,2.0,2.0,3.0,2.0,2.0,6.0,7.0,8.0,6.0,7.0,6.0,6.0,6.0,6.0,7.0,6.0,7.0,8.0,6.0,1.0,6.0,2.0,3.0,5.0,5.0,6.0,5.0,6.0,2.0,3.0,2.0,2.0,2.0,6.0,7.0,7.0,6.0,6.0
CREDU-0B-A94,4.0,4.0,5.0,7.0,6.0,7.0,5.0,4.0,4.0,4.0,5.0,4.0,4.0,4.0,4.0,4.0,5.0,7.0,7.0,7.0,7.0,7.0,7.0,7.0,7.0,7.0,7.0,7.0,7.0,7.0,7.0,6.0,6.0,6.0,7.0,7.0,7.0,6.0,3.0,3.0,3.0,3.0,3.0,3.0,3.0,3.0,3.0,3.0,1.0,3.0,3.0,4.0,4.0,4.0,4.0,6.0,6.0,5.0,7.0,7.0,8.0,4.0,7.0,7.0,7.0,7.0,7.0,7.0,6.0,0.0,7.0,7.0,7.0,7.0,2.0,2.0,5.0,5.0,7.0,7.0,7.0,4.0,4.0,4.0,4.0,9.0,8.0,8.0,4.0,4.0,4.0,4.0,4.0,3.0,6.0,6.0,5.0,6.0,6.0,4.0,8.0,8.0,9.0,8.0,4.0,4.0,4.0,4.0,7.0,7.0,7.0,8.0,8.0,8.0,8.0,8.0,8.0,8.0,8.0,7.0,4.0,4.0,4.0,5.0,4.0,4.0,9.0,8.0,9.0,8.0,8.0,9.0,8.0,8.0,4.0,4.0,5.0,3.0,8.0,8.0,8.0,9.0,8.0,8.0,4.0,5.0,6.0,2.0,3.0,4.0,4.0,4.0,4.0,5.0,4.0,8.0,9.0,4.0,5.0,4.0,4.0,5.0,5.0,3.0,3.0,7.0,4.0,8.0,9.0,8.0,8.0,8.0,4.0,5.0,5.0,4.0,7.0
CTBLOQ1-0A-A101,7.0,7.0,8.0,7.0,6.0,7.0,8.0,7.0,7.0,7.0,8.0,7.0,7.0,7.0,7.0,7.0,8.0,7.0,4.0,4.0,4.0,4.0,4.0,4.0,4.0,4.0,4.0,4.0,4.0,4.0,4.0,3.0,3.0,1.0,4.0,7.0,7.0,3.0,6.0,6.0,6.0,6.0,6.0,6.0,6.0,6.0,6.0,6.0,6.0,6.0,6.0,7.0,7.0,7.0,7.0,6.0,6.0,5.0,2.0,7.0,8.0,7.0,7.0,7.0,7.0,7.0,7.0,7.0,6.0,7.0,0.0,2.0,2.0,7.0,5.0,5.0,2.0,2.0,4.0,4.0,4.0,7.0,7.0,7.0,7.0,9.0,8.0,8.0,7.0,7.0,7.0,7.0,3.0,4.0,6.0,6.0,5.0,6.0,6.0,4.0,8.0,8.0,9.0,8.0,7.0,7.0,7.0,7.0,7.0,7.0,7.0,8.0,8.0,8.0,8.0,8.0,8.0,8.0,8.0,4.0,7.0,7.0,7.0,8.0,7.0,7.0,9.0,8.0,9.0,8.0,8.0,9.0,8.0,8.0,4.0,4.0,3.0,5.0,8.0,8.0,8.0,9.0,8.0,8.0,7.0,8.0,9.0,7.0,8.0,7.0,7.0,7.0,7.0,8.0,7.0,5.0,6.0,4.0,5.0,4.0,6.0,5.0,3.0,5.0,5.0,7.0,7.0,8.0,9.0,8.0,8.0,8.0,7.0,8.0,8.0,7.0,2.0
CTBLOQ2-0A-A102,7.0,7.0,8.0,7.0,6.0,7.0,8.0,7.0,7.0,7.0,8.0,7.0,7.0,7.0,7.0,7.0,8.0,7.0,4.0,4.0,4.0,4.0,4.0,4.0,4.0,4.0,4.0,4.0,4.0,4.0,4.0,3.0,3.0,1.0,4.0,7.0,7.0,3.0,6.0,6.0,6.0,6.0,6.0,6.0,6.0,6.0,6.0,6.0,6.0,6.0,6.0,7.0,7.0,7.0,7.0,6.0,6.0,5.0,2.0,7.0,8.0,7.0,7.0,7.0,7.0,7.0,7.0,7.0,6.0,7.0,2.0,0.0,2.0,7.0,5.0,5.0,2.0,2.0,4.0,4.0,4.0,7.0,7.0,7.0,7.0,9.0,8.0,8.0,7.0,7.0,7.0,7.0,3.0,4.0,6.0,6.0,5.0,6.0,6.0,4.0,8.0,8.0,9.0,8.0,7.0,7.0,7.0,7.0,7.0,7.0,7.0,8.0,8.0,8.0,8.0,8.0,8.0,8.0,8.0,4.0,7.0,7.0,7.0,8.0,7.0,7.0,9.0,8.0,9.0,8.0,8.0,9.0,8.0,8.0,4.0,4.0,3.0,5.0,8.0,8.0,8.0,9.0,8.0,8.0,7.0,8.0,9.0,7.0,8.0,7.0,7.0,7.0,7.0,8.0,7.0,5.0,6.0,4.0,5.0,4.0,6.0,5.0,3.0,5.0,5.0,7.0,7.0,8.0,9.0,8.0,8.0,8.0,7.0,8.0,8.0,7.0,2.0
CTBLOQ3-0A-A103,7.0,7.0,8.0,7.0,6.0,7.0,8.0,7.0,7.0,7.0,8.0,7.0,7.0,7.0,7.0,7.0,8.0,7.0,4.0,4.0,4.0,4.0,4.0,4.0,4.0,4.0,4.0,4.0,4.0,4.0,4.0,3.0,3.0,1.0,4.0,7.0,7.0,3.0,6.0,6.0,6.0,6.0,6.0,6.0,6.0,6.0,6.0,6.0,6.0,6.0,6.0,7.0,7.0,7.0,7.0,6.0,6.0,5.0,2.0,7.0,8.0,7.0,7.0,7.0,7.0,7.0,7.0,7.0,6.0,7.0,2.0,2.0,0.0,7.0,5.0,5.0,2.0,2.0,4.0,4.0,4.0,7.0,7.0,7.0,7.0,9.0,8.0,8.0,7.0,7.0,7.0,7.0,3.0,4.0,6.0,6.0,5.0,6.0,6.0,4.0,8.0,8.0,9.0,8.0,7.0,7.0,7.0,7.0,7.0,7.0,7.0,8.0,8.0,8.0,8.0,8.0,8.0,8.0,8.0,4.0,7.0,7.0,7.0,8.0,7.0,7.0,9.0,8.0,9.0,8.0,8.0,9.0,8.0,8.0,4.0,4.0,3.0,5.0,8.0,8.0,8.0,9.0,8.0,8.0,7.0,8.0,9.0,7.0,8.0,7.0,7.0,7.0,7.0,8.0,7.0,5.0,6.0,4.0,5.0,4.0,6.0,5.0,3.0,5.0,5.0,7.0,7.0,8.0,9.0,8.0,8.0,8.0,7.0,8.0,8.0,7.0,2.0
DAN-1A-A11,7.0,7.0,8.0,2.0,1.0,2.0,8.0,7.0,7.0,7.0,8.0,7.0,7.0,7.0,7.0,7.0,8.0,2.0,7.0,7.0,7.0,7.0,7.0,7.0,7.0,7.0,7.0,7.0,7.0,7.0,7.0,6.0,6.0,6.0,7.0,2.0,2.0,6.0,6.0,6.0,6.0,6.0,6.0,6.0,6.0,6.0,6.0,6.0,6.0,6.0,6.0,7.0,7.0,7.0,7.0,5.0,5.0,4.0,7.0,2.0,7.0,7.0,6.0,6.0,6.0,6.0,6.0,6.0,5.0,7.0,7.0,7.0,7.0,0.0,5.0,5.0,6.0,5.0,7.0,7.0,7.0,7.0,7.0,7.0,7.0,8.0,7.0,7.0,7.0,7.0,7.0,7.0,5.0,4.0,5.0,5.0,4.0,5.0,5.0,3.0,7.0,7.0,8.0,7.0,7.0,7.0,7.0,7.0,2.0,2.0,2.0,7.0,7.0,7.0,7.0,7.0,7.0,7.0,7.0,7.0,7.0,7.0,7.0,8.0,7.0,7.0,8.0,7.0,8.0,7.0,7.0,8.0,7.0,7.0,4.0,3.0,4.0,4.0,7.0,7.0,7.0,8.0,7.0,7.0,7.0,8.0,9.0,7.0,8.0,7.0,7.0,7.0,7.0,8.0,7.0,8.0,9.0,7.0,4.0,7.0,5.0,2.0,6.0,6.0,6.0,2.0,7.0,7.0,8.0,7.0,7.0,7.0,7.0,8.0,8.0,7.0,7.0
DATCC-2A-C2,2.0,2.0,3.0,5.0,4.0,5.0,3.0,2.0,2.0,2.0,3.0,2.0,2.0,2.0,2.0,2.0,3.0,5.0,5.0,5.0,5.0,5.0,5.0,5.0,5.0,5.0,5.0,5.0,5.0,5.0,5.0,4.0,4.0,4.0,5.0,5.0,5.0,4.0,1.0,1.0,1.0,1.0,1.0,1.0,1.0,1.0,1.0,1.0,1.0,1.0,1.0,2.0,2.0,2.0,2.0,5.0,5.0,4.0,5.0,5.0,7.0,2.0,6.0,6.0,6.0,6.0,6.0,6.0,5.0,2.0,5.0,5.0,5.0,5.0,0.0,1.0,3.0,3.0,5.0,5.0,5.0,2.0,2.0,2.0,2.0,8.0,7.0,7.0,2.0,2.0,2.0,2.0,2.0,1.0,5.0,5.0,4.0,5.0,5.0,3.0,7.0,7.0,8.0,7.0,2.0,2.0,2.0,2.0,5.0,5.0,5.0,7.0,7.0,7.0,7.0,7.0,7.0,7.0,7.0,5.0,2.0,2.0,2.0,3.0,2.0,2.0,8.0,7.0,8.0,7.0,7.0,8.0,7.0,7.0,3.0,2.0,3.0,2.0,7.0,7.0,7.0,8.0,7.0,7.0,2.0,3.0,4.0,2.0,3.0,2.0,2.0,2.0,2.0,3.0,2.0,6.0,7.0,3.0,4.0,2.0,3.0,3.0,3.0,2.0,1.0,5.0,2.0,7.0,8.0,7.0,7.0,7.0,2.0,3.0,3.0,2.0,5.0
DATCC-2A-C3,2.0,2.0,3.0,5.0,4.0,5.0,3.0,2.0,2.0,2.0,3.0,2.0,2.0,2.0,2.0,2.0,3.0,5.0,5.0,5.0,5.0,5.0,5.0,5.0,5.0,5.0,5.0,5.0,5.0,5.0,5.0,4.0,4.0,4.0,5.0,5.0,5.0,4.0,1.0,1.0,1.0,1.0,1.0,1.0,1.0,1.0,1.0,1.0,1.0,1.0,1.0,2.0,2.0,2.0,2.0,4.0,4.0,3.0,5.0,5.0,6.0,2.0,5.0,5.0,5.0,5.0,5.0,5.0,4.0,2.0,5.0,5.0,5.0,5.0,1.0,0.0,3.0,3.0,5.0,5.0,5.0,2.0,2.0,2.0,2.0,7.0,6.0,6.0,2.0,2.0,2.0,2.0,2.0,1.0,4.0,4.0,3.0,4.0,4.0,2.0,6.0,6.0,7.0,6.0,2.0,2.0,2.0,2.0,5.0,5.0,5.0,6.0,6.0,6.0,6.0,6.0,6.0,6.0,6.0,5.0,2.0,2.0,2.0,3.0,2.0,2.0,7.0,6.0,7.0,6.0,6.0,7.0,6.0,6.0,2.0,2.0,3.0,1.0,6.0,6.0,6.0,7.0,6.0,6.0,2.0,3.0,4.0,2.0,3.0,2.0,2.0,2.0,2.0,3.0,2.0,6.0,7.0,2.0,3.0,3.0,2.0,3.0,3.0,1.0,2.0,5.0,2.0,6.0,7.0,6.0,6.0,6.0,2.0,3.0,3.0,2.0,5.0
DT-0A-C12,5.0,5.0,6.0,6.0,5.0,6.0,6.0,5.0,5.0,5.0,6.0,5.0,5.0,5.0,5.0,5.0,6.0,6.0,2.0,2.0,2.0,2.0,2.0,2.0,2.0,2.0,2.0,2.0,2.0,2.0,2.0,1.0,1.0,1.0,2.0,6.0,6.0,1.0,4.0,4.0,4.0,4.0,4.0,4.0,4.0,4.0,4.0,4.0,4.0,4.0,4.0,5.0,5.0,5.0,5.0,5.0,5.0,4.0,2.0,6.0,7.0,5.0,6.0,6.0,6.0,6.0,6.0,6.0,5.0,5.0,2.0,2.0,2.0,6.0,3.0,3.0,0.0,1.0,2.0,2.0,2.0,5.0,5.0,5.0,5.0,8.0,7.0,7.0,5.0,5.0,5.0,5.0,1.0,2.0,5.0,5.0,4.0,5.0,5.0,3.0,7.0,7.0,8.0,7.0,5.0,5.0,5.0,5.0,6.0,6.0,6.0,7.0,7.0,7.0,7.0,7.0,7.0,7.0,7.0,2.0,5.0,5.0,5.0,6.0,5.0,5.0,8.0,7.0,8.0,7.0,7.0,8.0,7.0,7.0,2.0,3.0,2.0,3.0,7.0,7.0,7.0,8.0,7.0,7.0,5.0,6.0,7.0,5.0,6.0,5.0,5.0,5.0,5.0,6.0,5.0,3.0,4.0,2.0,4.0,2.0,4.0,4.0,1.0,3.0,3.0,6.0,5.0,7.0,8.0,7.0,7.0,7.0,5.0,6.0,6.0,5.0,2.0
DT-0A-C13,5.0,5.0,6.0,5.0,4.0,5.0,6.0,5.0,5.0,5.0,6.0,5.0,5.0,5.0,5.0,5.0,6.0,5.0,2.0,2.0,2.0,2.0,2.0,2.0,2.0,2.0,2.0,2.0,2.0,2.0,2.0,1.0,1.0,1.0,2.0,5.0,5.0,1.0,4.0,4.0,4.0,4.0,4.0,4.0,4.0,4.0,4.0,4.0,4.0,4.0,4.0,5.0,5.0,5.0,5.0,4.0,4.0,3.0,2.0,5.0,6.0,5.0,5.0,5.0,5.0,5.0,5.0,5.0,4.0,5.0,2.0,2.0,2.0,5.0,3.0,3.0,1.0,0.0,2.0,2.0,2.0,5.0,5.0,5.0,5.0,7.0,6.0,6.0,5.0,5.0,5.0,5.0,1.0,2.0,4.0,4.0,3.0,4.0,4.0,2.0,6.0,6.0,7.0,6.0,5.0,5.0,5.0,5.0,5.0,5.0,5.0,6.0,6.0,6.0,6.0,6.0,6.0,6.0,6.0,2.0,5.0,5.0,5.0,6.0,5.0,5.0,7.0,6.0,7.0,6.0,6.0,7.0,6.0,6.0,2.0,2.0,1.0,3.0,6.0,6.0,6.0,7.0,6.0,6.0,5.0,6.0,7.0,5.0,6.0,5.0,5.0,5.0,5.0,6.0,5.0,3.0,4.0,2.0,3.0,2.0,4.0,3.0,1.0,3.0,3.0,5.0,5.0,6.0,7.0,6.0,6.0,6.0,5.0,6.0,6.0,5.0,2.0
EA-0A-A114,7.0,7.0,8.0,7.0,6.0,7.0,8.0,7.0,7.0,7.0,8.0,7.0,7.0,7.0,7.0,7.0,8.0,7.0,4.0,4.0,4.0,4.0,4.0,4.0,4.0,4.0,4.0,4.0,4.0,4.0,4.0,3.0,3.0,3.0,2.0,7.0,7.0,1.0,6.0,6.0,6.0,6.0,6.0,6.0,6.0,6.0,6.0,6.0,6.0,6.0,6.0,7.0,7.0,7.0,7.0,6.0,6.0,5.0,4.0,7.0,8.0,7.0,7.0,7.0,7.0,7.0,7.0,7.0,6.0,7.0,4.0,4.0,4.0,7.0,5.0,5.0,2.0,2.0,0.0,2.0,2.0,7.0,7.0,7.0,7.0,9.0,8.0,8.0,7.0,7.0,7.0,7.0,3.0,4.0,6.0,6.0,5.0,6.0,6.0,4.0,8.0,8.0,9.0,8.0,7.0,7.0,7.0,7.0,7.0,7.0,7.0,8.0,8.0,8.0,8.0,8.0,8.0,8.0,8.0,4.0,7.0,7.0,7.0,8.0,7.0,7.0,9.0,8.0,9.0,8.0,8.0,9.0,8.0,8.0,4.0,4.0,3.0,5.0,8.0,8.0,8.0,9.0,8.0,8.0,7.0,8.0,9.0,7.0,8.0,7.0,7.0,7.0,7.0,8.0,7.0,3.0,4.0,4.0,5.0,4.0,6.0,5.0,3.0,5.0,5.0,7.0,7.0,8.0,9.0,8.0,8.0,8.0,7.0,8.0,8.0,7.0,4.0
EA-1A-A115,7.0,7.0,8.0,7.0,6.0,7.0,8.0,7.0,7.0,7.0,8.0,7.0,7.0,7.0,7.0,7.0,8.0,7.0,4.0,4.0,4.0,4.0,4.0,4.0,4.0,4.0,4.0,4.0,4.0,4.0,4.0,3.0,3.0,3.0,2.0,7.0,7.0,1.0,6.0,6.0,6.0,6.0,6.0,6.0,6.0,6.0,6.0,6.0,6.0,6.0,6.0,7.0,7.0,7.0,7.0,6.0,6.0,5.0,4.0,7.0,8.0,7.0,7.0,7.0,7.0,7.0,7.0,7.0,6.0,7.0,4.0,4.0,4.0,7.0,5.0,5.0,2.0,2.0,2.0,0.0,2.0,7.0,7.0,7.0,7.0,9.0,8.0,8.0,7.0,7.0,7.0,7.0,3.0,4.0,6.0,6.0,5.0,6.0,6.0,4.0,8.0,8.0,9.0,8.0,7.0,7.0,7.0,7.0,7.0,7.0,7.0,8.0,8.0,8.0,8.0,8.0,8.0,8.0,8.0,4.0,7.0,7.0,7.0,8.0,7.0,7.0,9.0,8.0,9.0,8.0,8.0,9.0,8.0,8.0,4.0,4.0,3.0,5.0,8.0,8.0,8.0,9.0,8.0,8.0,7.0,8.0,9.0,7.0,8.0,7.0,7.0,7.0,7.0,8.0,7.0,3.0,4.0,4.0,5.0,4.0,6.0,5.0,3.0,5.0,5.0,7.0,7.0,8.0,9.0,8.0,8.0,8.0,7.0,8.0,8.0,7.0,4.0
EA-1A-A116,7.0,7.0,8.0,7.0,6.0,7.0,8.0,7.0,7.0,7.0,8.0,7.0,7.0,7.0,7.0,7.0,8.0,7.0,4.0,4.0,4.0,4.0,4.0,4.0,4.0,4.0,4.0,4.0,4.0,4.0,4.0,3.0,3.0,3.0,2.0,7.0,7.0,1.0,6.0,6.0,6.0,6.0,6.0,6.0,6.0,6.0,6.0,6.0,6.0,6.0,6.0,7.0,7.0,7.0,7.0,6.0,6.0,5.0,4.0,7.0,8.0,7.0,7.0,7.0,7.0,7.0,7.0,7.0,6.0,7.0,4.0,4.0,4.0,7.0,5.0,5.0,2.0,2.0,2.0,2.0,0.0,7.0,7.0,7.0,7.0,9.0,8.0,8.0,7.0,7.0,7.0,7.0,3.0,4.0,6.0,6.0,5.0,6.0,6.0,4.0,8.0,8.0,9.0,8.0,7.0,7.0,7.0,7.0,7.0,7.0,7.0,8.0,8.0,8.0,8.0,8.0,8.0,8.0,8.0,4.0,7.0,7.0,7.0,8.0,7.0,7.0,9.0,8.0,9.0,8.0,8.0,9.0,8.0,8.0,4.0,4.0,3.0,5.0,8.0,8.0,8.0,9.0,8.0,8.0,7.0,8.0,9.0,7.0,8.0,7.0,7.0,7.0,7.0,8.0,7.0,3.0,4.0,4.0,5.0,4.0,6.0,5.0,3.0,5.0,5.0,7.0,7.0,8.0,9.0,8.0,8.0,8.0,7.0,8.0,8.0,7.0,4.0
ECOK1-1A-A101,4.0,4.0,5.0,7.0,6.0,7.0,5.0,4.0,4.0,4.0,5.0,4.0,4.0,4.0,4.0,4.0,5.0,7.0,7.0,7.0,7.0,7.0,7.0,7.0,7.0,7.0,7.0,7.0,7.0,7.0,7.0,6.0,6.0,6.0,7.0,7.0,7.0,6.0,3.0,3.0,3.0,3.0,3.0,1.0,3.0,3.0,3.0,3.0,3.0,3.0,3.0,4.0,4.0,4.0,4.0,6.0,6.0,5.0,7.0,7.0,8.0,4.0,7.0,7.0,7.0,7.0,7.0,7.0,6.0,4.0,7.0,7.0,7.0,7.0,2.0,2.0,5.0,5.0,7.0,7.0,7.0,0.0,2.0,2.0,4.0,9.0,8.0,8.0,4.0,4.0,4.0,4.0,4.0,3.0,6.0,6.0,5.0,6.0,6.0,4.0,8.0,8.0,9.0,8.0,4.0,4.0,4.0,4.0,7.0,7.0,7.0,8.0,8.0,8.0,8.0,8.0,8.0,8.0,8.0,7.0,4.0,4.0,4.0,5.0,4.0,4.0,9.0,8.0,9.0,8.0,8.0,9.0,8.0,8.0,4.0,4.0,5.0,3.0,8.0,8.0,8.0,9.0,8.0,8.0,4.0,5.0,6.0,4.0,5.0,4.0,4.0,4.0,4.0,5.0,4.0,8.0,9.0,4.0,5.0,4.0,4.0,5.0,5.0,3.0,3.0,7.0,4.0,8.0,9.0,8.0,8.0,8.0,2.0,3.0,3.0,4.0,7.0
ECOK1-1A-A102,4.0,4.0,5.0,7.0,6.0,7.0,5.0,4.0,4.0,4.0,5.0,4.0,4.0,4.0,4.0,4.0,5.0,7.0,7.0,7.0,7.0,7.0,7.0,7.0,7.0,7.0,7.0,7.0,7.0,7.0,7.0,6.0,6.0,6.0,7.0,7.0,7.0,6.0,3.0,3.0,3.0,3.0,3.0,1.0,3.0,3.0,3.0,3.0,3.0,3.0,3.0,4.0,4.0,4.0,4.0,6.0,6.0,5.0,7.0,7.0,8.0,4.0,7.0,7.0,7.0,7.0,7.0,7.0,6.0,4.0,7.0,7.0,7.0,7.0,2.0,2.0,5.0,5.0,7.0,7.0,7.0,2.0,0.0,2.0,4.0,9.0,8.0,8.0,4.0,4.0,4.0,4.0,4.0,3.0,6.0,6.0,5.0,6.0,6.0,4.0,8.0,8.0,9.0,8.0,4.0,4.0,4.0,4.0,7.0,7.0,7.0,8.0,8.0,8.0,8.0,8.0,8.0,8.0,8.0,7.0,4.0,4.0,4.0,5.0,4.0,4.0,9.0,8.0,9.0,8.0,8.0,9.0,8.0,8.0,4.0,4.0,5.0,3.0,8.0,8.0,8.0,9.0,8.0,8.0,4.0,5.0,6.0,4.0,5.0,4.0,4.0,4.0,4.0,5.0,4.0,8.0,9.0,4.0,5.0,4.0,4.0,5.0,5.0,3.0,3.0,7.0,4.0,8.0,9.0,8.0,8.0,8.0,2.0,3.0,3.0,4.0,7.0
ECOK2-1A-A52,4.0,4.0,5.0,7.0,6.0,7.0,5.0,4.0,4.0,4.0,5.0,4.0,4.0,4.0,4.0,4.0,5.0,7.0,7.0,7.0,7.0,7.0,7.0,7.0,7.0,7.0,7.0,7.0,7.0,7.0,7.0,6.0,6.0,6.0,7.0,7.0,7.0,6.0,3.0,3.0,3.0,3.0,3.0,1.0,3.0,3.0,3.0,3.0,3.0,3.0,3.0,4.0,4.0,4.0,4.0,6.0,6.0,5.0,7.0,7.0,8.0,4.0,7.0,7.0,7.0,7.0,7.0,7.0,6.0,4.0,7.0,7.0,7.0,7.0,2.0,2.0,5.0,5.0,7.0,7.0,7.0,2.0,2.0,0.0,4.0,9.0,8.0,8.0,4.0,4.0,4.0,4.0,4.0,3.0,6.0,6.0,5.0,6.0,6.0,4.0,8.0,8.0,9.0,8.0,4.0,4.0,4.0,4.0,7.0,7.0,7.0,8.0,8.0,8.0,8.0,8.0,8.0,8.0,8.0,7.0,4.0,4.0,4.0,5.0,4.0,4.0,9.0,8.0,9.0,8.0,8.0,9.0,8.0,8.0,4.0,4.0,5.0,3.0,8.0,8.0,8.0,9.0,8.0,8.0,4.0,5.0,6.0,4.0,5.0,4.0,4.0,4.0,4.0,5.0,4.0,8.0,9.0,4.0,5.0,4.0,4.0,5.0,5.0,3.0,3.0,7.0,4.0,8.0,9.0,8.0,8.0,8.0,2.0,3.0,3.0,4.0,7.0
ECOK3-0A-A63,4.0,4.0,5.0,7.0,6.0,7.0,5.0,4.0,4.0,4.0,5.0,4.0,4.0,4.0,4.0,4.0,5.0,7.0,7.0,7.0,7.0,7.0,7.0,7.0,7.0,7.0,7.0,7.0,7.0,7.0,7.0,6.0,6.0,6.0,7.0,7.0,7.0,6.0,3.0,3.0,3.0,3.0,3.0,3.0,3.0,3.0,3.0,1.0,3.0,3.0,3.0,4.0,4.0,4.0,4.0,6.0,6.0,5.0,7.0,7.0,8.0,4.0,7.0,7.0,7.0,7.0,7.0,7.0,6.0,4.0,7.0,7.0,7.0,7.0,2.0,2.0,5.0,5.0,7.0,7.0,7.0,4.0,4.0,4.0,0.0,9.0,8.0,8.0,4.0,4.0,4.0,4.0,4.0,3.0,6.0,6.0,5.0,6.0,6.0,4.0,8.0,8.0,9.0,8.0,4.0,4.0,4.0,4.0,7.0,7.0,7.0,8.0,8.0,8.0,8.0,8.0,8.0,8.0,8.0,7.0,2.0,2.0,2.0,3.0,2.0,2.0,9.0,8.0,9.0,8.0,8.0,9.0,8.0,8.0,4.0,4.0,5.0,3.0,8.0,8.0,8.0,9.0,8.0,8.0,4.0,5.0,6.0,4.0,5.0,4.0,4.0,4.0,4.0,5.0,4.0,8.0,9.0,4.0,5.0,4.0,4.0,5.0,5.0,3.0,3.0,7.0,4.0,8.0,9.0,8.0,8.0,8.0,4.0,5.0,5.0,4.0,7.0
ENF-2B-A122,9.0,9.0,10.0,8.0,7.0,8.0,10.0,9.0,9.0,9.0,10.0,9.0,9.0,9.0,9.0,9.0,10.0,8.0,9.0,9.0,9.0,9.0,9.0,9.0,9.0,9.0,9.0,9.0,9.0,9.0,9.0,8.0,8.0,8.0,9.0,8.0,8.0,8.0,8.0,8.0,8.0,8.0,8.0,8.0,8.0,8.0,8.0,8.0,8.0,8.0,8.0,9.0,9.0,9.0,9.0,7.0,7.0,6.0,9.0,8.0,5.0,9.0,4.0,2.0,4.0,4.0,4.0,4.0,3.0,9.0,9.0,9.0,9.0,8.0,8.0,7.0,8.0,7.0,9.0,9.0,9.0,9.0,9.0,9.0,9.0,0.0,1.0,3.0,9.0,9.0,9.0,9.0,7.0,7.0,7.0,7.0,6.0,7.0,7.0,5.0,5.0,5.0,6.0,5.0,9.0,9.0,9.0,9.0,8.0,8.0,8.0,5.0,5.0,5.0,5.0,5.0,5.0,5.0,5.0,9.0,9.0,9.0,9.0,10.0,9.0,9.0,6.0,5.0,6.0,5.0,5.0,6.0,5.0,5.0,6.0,6.0,6.0,6.0,5.0,5.0,5.0,6.0,5.0,5.0,9.0,10.0,11.0,9.0,10.0,9.0,9.0,9.0,9.0,10.0,9.0,10.0,11.0,9.0,4.0,9.0,5.0,6.0,8.0,8.0,9.0,8.0,9.0,5.0,6.0,5.0,5.0,5.0,9.0,10.0,10.0,9.0,9.0
ENF-2B-A22,8.0,8.0,9.0,7.0,6.0,7.0,9.0,8.0,8.0,8.0,9.0,8.0,8.0,8.0,8.0,8.0,9.0,7.0,8.0,8.0,8.0,8.0,8.0,8.0,8.0,8.0,8.0,8.0,8.0,8.0,8.0,7.0,7.0,7.0,8.0,7.0,7.0,7.0,7.0,7.0,7.0,7.0,7.0,7.0,7.0,7.0,7.0,7.0,7.0,7.0,7.0,8.0,8.0,8.0,8.0,6.0,6.0,5.0,8.0,7.0,4.0,8.0,3.0,1.0,3.0,3.0,3.0,3.0,2.0,8.0,8.0,8.0,8.0,7.0,7.0,6.0,7.0,6.0,8.0,8.0,8.0,8.0,8.0,8.0,8.0,1.0,0.0,2.0,8.0,8.0,8.0,8.0,6.0,6.0,6.0,6.0,5.0,6.0,6.0,4.0,4.0,4.0,5.0,4.0,8.0,8.0,8.0,8.0,7.0,7.0,7.0,4.0,4.0,4.0,4.0,4.0,4.0,4.0,4.0,8.0,8.0,8.0,8.0,9.0,8.0,8.0,5.0,4.0,5.0,4.0,4.0,5.0,4.0,4.0,5.0,5.0,5.0,5.0,4.0,4.0,4.0,5.0,4.0,4.0,8.0,9.0,10.0,8.0,9.0,8.0,8.0,8.0,8.0,9.0,8.0,9.0,10.0,8.0,3.0,8.0,4.0,5.0,7.0,7.0,8.0,7.0,8.0,4.0,5.0,4.0,4.0,4.0,8.0,9.0,9.0,8.0,8.0
ENF-3A-A21,8.0,8.0,9.0,7.0,6.0,7.0,9.0,8.0,8.0,8.0,9.0,8.0,8.0,8.0,8.0,8.0,9.0,7.0,8.0,8.0,8.0,8.0,8.0,8.0,8.0,8.0,8.0,8.0,8.0,8.0,8.0,7.0,7.0,7.0,8.0,7.0,7.0,7.0,7.0,7.0,7.0,7.0,7.0,7.0,7.0,7.0,7.0,7.0,7.0,7.0,7.0,8.0,8.0,8.0,8.0,6.0,6.0,5.0,8.0,7.0,4.0,8.0,3.0,1.0,3.0,3.0,3.0,3.0,2.0,8.0,8.0,8.0,8.0,7.0,7.0,6.0,7.0,6.0,8.0,8.0,8.0,8.0,8.0,8.0,8.0,3.0,2.0,0.0,8.0,8.0,8.0,8.0,6.0,6.0,6.0,6.0,5.0,6.0,6.0,4.0,4.0,4.0,5.0,4.0,8.0,8.0,8.0,8.0,7.0,7.0,7.0,4.0,4.0,4.0,4.0,4.0,4.0,4.0,4.0,8.0,8.0,8.0,8.0,9.0,8.0,8.0,5.0,4.0,5.0,4.0,4.0,5.0,4.0,4.0,5.0,5.0,5.0,5.0,4.0,4.0,4.0,5.0,4.0,4.0,8.0,9.0,10.0,8.0,9.0,8.0,8.0,8.0,8.0,9.0,8.0,9.0,10.0,8.0,3.0,8.0,4.0,5.0,7.0,7.0,8.0,7.0,8.0,4.0,5.0,4.0,4.0,4.0,8.0,9.0,9.0,8.0,8.0
FILOA-0B-A56,4.0,4.0,5.0,7.0,6.0,7.0,5.0,4.0,4.0,4.0,5.0,4.0,4.0,4.0,4.0,4.0,5.0,7.0,7.0,7.0,7.0,7.0,7.0,7.0,7.0,7.0,7.0,7.0,7.0,7.0,7.0,6.0,6.0,6.0,7.0,7.0,7.0,6.0,3.0,3.0,3.0,3.0,3.0,3.0,1.0,3.0,3.0,3.0,3.0,3.0,3.0,4.0,4.0,4.0,4.0,6.0,6.0,5.0,7.0,7.0,8.0,4.0,7.0,7.0,7.0,7.0,7.0,7.0,6.0,4.0,7.0,7.0,7.0,7.0,2.0,2.0,5.0,5.0,7.0,7.0,7.0,4.0,4.0,4.0,4.0,9.0,8.0,8.0,0.0,2.0,4.0,4.0,4.0,3.0,6.0,6.0,5.0,6.0,6.0,4.0,8.0,8.0,9.0,8.0,4.0,4.0,4.0,4.0,7.0,7.0,7.0,8.0,8.0,8.0,8.0,8.0,8.0,8.0,8.0,7.0,4.0,4.0,4.0,5.0,4.0,4.0,9.0,8.0,9.0,8.0,8.0,9.0,8.0,8.0,4.0,4.0,5.0,3.0,8.0,8.0,8.0,9.0,8.0,8.0,2.0,3.0,4.0,4.0,5.0,4.0,4.0,4.0,4.0,5.0,4.0,8.0,9.0,4.0,5.0,4.0,4.0,5.0,5.0,3.0,3.0,7.0,4.0,8.0,9.0,8.0,8.0,8.0,4.0,5.0,5.0,4.0,7.0
FILOA-2A-A55,4.0,4.0,5.0,7.0,6.0,7.0,5.0,4.0,4.0,4.0,5.0,4.0,4.0,4.0,4.0,4.0,5.0,7.0,7.0,7.0,7.0,7.0,7.0,7.0,7.0,7.0,7.0,7.0,7.0,7.0,7.0,6.0,6.0,6.0,7.0,7.0,7.0,6.0,3.0,3.0,3.0,3.0,3.0,3.0,1.0,3.0,3.0,3.0,3.0,3.0,3.0,4.0,4.0,4.0,4.0,6.0,6.0,5.0,7.0,7.0,8.0,4.0,7.0,7.0,7.0,7.0,7.0,7.0,6.0,4.0,7.0,7.0,7.0,7.0,2.0,2.0,5.0,5.0,7.0,7.0,7.0,4.0,4.0,4.0,4.0,9.0,8.0,8.0,2.0,0.0,4.0,4.0,4.0,3.0,6.0,6.0,5.0,6.0,6.0,4.0,8.0,8.0,9.0,8.0,4.0,4.0,4.0,4.0,7.0,7.0,7.0,8.0,8.0,8.0,8.0,8.0,8.0,8.0,8.0,7.0,4.0,4.0,4.0,5.0,4.0,4.0,9.0,8.0,9.0,8.0,8.0,9.0,8.0,8.0,4.0,4.0,5.0,3.0,8.0,8.0,8.0,9.0,8.0,8.0,2.0,3.0,4.0,4.0,5.0,4.0,4.0,4.0,4.0,5.0,4.0,8.0,9.0,4.0,5.0,4.0,4.0,5.0,5.0,3.0,3.0,7.0,4.0,8.0,9.0,8.0,8.0,8.0,4.0,5.0,5.0,4.0,7.0
FILOB-1B-A58,4.0,4.0,5.0,7.0,6.0,7.0,5.0,4.0,4.0,4.0,5.0,4.0,4.0,4.0,4.0,4.0,5.0,7.0,7.0,7.0,7.0,7.0,7.0,7.0,7.0,7.0,7.0,7.0,7.0,7.0,7.0,6.0,6.0,6.0,7.0,7.0,7.0,6.0,3.0,3.0,3.0,3.0,3.0,3.0,3.0,1.0,3.0,3.0,3.0,3.0,3.0,4.0,4.0,4.0,4.0,6.0,6.0,5.0,7.0,7.0,8.0,4.0,7.0,7.0,7.0,7.0,7.0,7.0,6.0,4.0,7.0,7.0,7.0,7.0,2.0,2.0,5.0,5.0,7.0,7.0,7.0,4.0,4.0,4.0,4.0,9.0,8.0,8.0,4.0,4.0,0.0,2.0,4.0,3.0,6.0,6.0,5.0,6.0,6.0,4.0,8.0,8.0,9.0,8.0,4.0,4.0,4.0,4.0,7.0,7.0,7.0,8.0,8.0,8.0,8.0,8.0,8.0,8.0,8.0,7.0,4.0,4.0,4.0,5.0,4.0,4.0,9.0,8.0,9.0,8.0,8.0,9.0,8.0,8.0,4.0,4.0,5.0,3.0,8.0,8.0,8.0,9.0,8.0,8.0,4.0,5.0,6.0,4.0,5.0,4.0,4.0,4.0,4.0,5.0,4.0,8.0,9.0,4.0,5.0,4.0,4.0,5.0,5.0,3.0,3.0,7.0,4.0,8.0,9.0,8.0,8.0,8.0,4.0,5.0,5.0,4.0,7.0
FILOB-2A-A57,4.0,4.0,5.0,7.0,6.0,7.0,5.0,4.0,4.0,4.0,5.0,4.0,4.0,4.0,4.0,4.0,5.0,7.0,7.0,7.0,7.0,7.0,7.0,7.0,7.0,7.0,7.0,7.0,7.0,7.0,7.0,6.0,6.0,6.0,7.0,7.0,7.0,6.0,3.0,3.0,3.0,3.0,3.0,3.0,3.0,1.0,3.0,3.0,3.0,3.0,3.0,4.0,4.0,4.0,4.0,6.0,6.0,5.0,7.0,7.0,8.0,4.0,7.0,7.0,7.0,7.0,7.0,7.0,6.0,4.0,7.0,7.0,7.0,7.0,2.0,2.0,5.0,5.0,7.0,7.0,7.0,4.0,4.0,4.0,4.0,9.0,8.0,8.0,4.0,4.0,2.0,0.0,4.0,3.0,6.0,6.0,5.0,6.0,6.0,4.0,8.0,8.0,9.0,8.0,4.0,4.0,4.0,4.0,7.0,7.0,7.0,8.0,8.0,8.0,8.0,8.0,8.0,8.0,8.0,7.0,4.0,4.0,4.0,5.0,4.0,4.0,9.0,8.0,9.0,8.0,8.0,9.0,8.0,8.0,4.0,4.0,5.0,3.0,8.0,8.0,8.0,9.0,8.0,8.0,4.0,5.0,6.0,4.0,5.0,4.0,4.0,4.0,4.0,5.0,4.0,8.0,9.0,4.0,5.0,4.0,4.0,5.0,5.0,3.0,3.0,7.0,4.0,8.0,9.0,8.0,8.0,8.0,4.0,5.0,5.0,4.0,7.0
FORTIGATE-1800F-BALZAY,4.0,4.0,5.0,5.0,4.0,5.0,5.0,4.0,4.0,4.0,5.0,4.0,4.0,4.0,4.0,4.0,5.0,5.0,3.0,3.0,3.0,3.0,3.0,3.0,3.0,3.0,3.0,3.0,3.0,3.0,3.0,2.0,2.0,2.0,3.0,5.0,5.0,2.0,3.0,3.0,3.0,3.0,3.0,3.0,3.0,3.0,3.0,3.0,3.0,3.0,3.0,4.0,4.0,4.0,4.0,4.0,4.0,3.0,3.0,5.0,6.0,4.0,5.0,5.0,5.0,5.0,5.0,5.0,4.0,4.0,3.0,3.0,3.0,5.0,2.0,2.0,1.0,1.0,3.0,3.0,3.0,4.0,4.0,4.0,4.0,7.0,6.0,6.0,4.0,4.0,4.0,4.0,0.0,1.0,4.0,4.0,3.0,4.0,4.0,2.0,6.0,6.0,7.0,6.0,4.0,4.0,4.0,4.0,5.0,5.0,5.0,6.0,6.0,6.0,6.0,6.0,6.0,6.0,6.0,3.0,4.0,4.0,4.0,5.0,4.0,4.0,7.0,6.0,7.0,6.0,6.0,7.0,6.0,6.0,1.0,2.0,1.0,2.0,6.0,6.0,6.0,7.0,6.0,6.0,4.0,5.0,6.0,4.0,5.0,4.0,4.0,4.0,4.0,5.0,4.0,4.0,5.0,3.0,3.0,3.0,3.0,3.0,2.0,3.0,3.0,5.0,4.0,6.0,7.0,6.0,6.0,6.0,4.0,5.0,5.0,4.0,3.0
FORTIGATE-1800F-CENTRAL,3.0,3.0,4.0,4.0,3.0,4.0,4.0,3.0,3.0,3.0,4.0,3.0,3.0,3.0,3.0,3.0,4.0,4.0,4.0,4.0,4.0,4.0,4.0,4.0,4.0,4.0,4.0,4.0,4.0,4.0,4.0,3.0,3.0,3.0,4.0,4.0,4.0,3.0,2.0,2.0,2.0,2.0,2.0,2.0,2.0,2.0,2.0,2.0,2.0,2.0,2.0,3.0,3.0,3.0,3.0,4.0,4.0,3.0,4.0,4.0,6.0,3.0,5.0,5.0,5.0,5.0,5.0,5.0,4.0,3.0,4.0,4.0,4.0,4.0,1.0,1.0,2.0,2.0,4.0,4.0,4.0,3.0,3.0,3.0,3.0,7.0,6.0,6.0,3.0,3.0,3.0,3.0,1.0,0.0,4.0,4.0,3.0,4.0,4.0,2.0,6.0,6.0,7.0,6.0,3.0,3.0,3.0,3.0,4.0,4.0,4.0,6.0,6.0,6.0,6.0,6.0,6.0,6.0,6.0,4.0,3.0,3.0,3.0,4.0,3.0,3.0,7.0,6.0,7.0,6.0,6.0,7.0,6.0,6.0,2.0,1.0,2.0,1.0,6.0,6.0,6.0,7.0,6.0,6.0,3.0,4.0,5.0,3.0,4.0,3.0,3.0,3.0,3.0,4.0,3.0,5.0,6.0,3.0,3.0,3.0,2.0,2.0,3.0,2.0,2.0,4.0,3.0,6.0,7.0,6.0,6.0,6.0,3.0,4.0,4.0,3.0,4.0
HOS-0A-A10,6.0,6.0,7.0,5.0,4.0,5.0,7.0,6.0,6.0,6.0,7.0,6.0,6.0,6.0,6.0,6.0,7.0,5.0,6.0,6.0,6.0,6.0,6.0,6.0,6.0,6.0,6.0,6.0,6.0,6.0,6.0,5.0,5.0,5.0,6.0,5.0,5.0,5.0,5.0,5.0,5.0,5.0,5.0,5.0,5.0,5.0,5.0,5.0,5.0,5.0,5.0,6.0,6.0,6.0,6.0,4.0,4.0,3.0,6.0,5.0,6.0,6.0,5.0,5.0,5.0,5.0,5.0,5.0,4.0,6.0,6.0,6.0,6.0,5.0,5.0,4.0,5.0,4.0,6.0,6.0,6.0,6.0,6.0,6.0,6.0,7.0,6.0,6.0,6.0,6.0,6.0,6.0,4.0,4.0,0.0,2.0,1.0,2.0,2.0,2.0,6.0,6.0,7.0,6.0,6.0,6.0,6.0,6.0,5.0,5.0,5.0,6.0,6.0,6.0,6.0,6.0,6.0,6.0,6.0,6.0,6.0,6.0,6.0,7.0,6.0,6.0,7.0,6.0,7.0,6.0,6.0,7.0,6.0,6.0,3.0,3.0,3.0,3.0,6.0,6.0,6.0,7.0,6.0,6.0,6.0,7.0,8.0,6.0,7.0,6.0,6.0,6.0,6.0,7.0,6.0,7.0,8.0,6.0,3.0,6.0,4.0,3.0,5.0,5.0,6.0,5.0,6.0,6.0,7.0,6.0,6.0,6.0,6.0,7.0,7.0,6.0,6.0
HOS-0A-A13,6.0,6.0,7.0,5.0,4.0,5.0,7.0,6.0,6.0,6.0,7.0,6.0,6.0,6.0,6.0,6.0,7.0,5.0,6.0,6.0,6.0,6.0,6.0,6.0,6.0,6.0,6.0,6.0,6.0,6.0,6.0,5.0,5.0,5.0,6.0,5.0,5.0,5.0,5.0,5.0,5.0,5.0,5.0,5.0,5.0,5.0,5.0,5.0,5.0,5.0,5.0,6.0,6.0,6.0,6.0,4.0,4.0,3.0,6.0,5.0,6.0,6.0,5.0,5.0,5.0,5.0,5.0,5.0,4.0,6.0,6.0,6.0,6.0,5.0,5.0,4.0,5.0,4.0,6.0,6.0,6.0,6.0,6.0,6.0,6.0,7.0,6.0,6.0,6.0,6.0,6.0,6.0,4.0,4.0,2.0,0.0,1.0,2.0,2.0,2.0,6.0,6.0,7.0,6.0,6.0,6.0,6.0,6.0,5.0,5.0,5.0,6.0,6.0,6.0,6.0,6.0,6.0,6.0,6.0,6.0,6.0,6.0,6.0,7.0,6.0,6.0,7.0,6.0,7.0,6.0,6.0,7.0,6.0,6.0,3.0,3.0,3.0,3.0,6.0,6.0,6.0,7.0,6.0,6.0,6.0,7.0,8.0,6.0,7.0,6.0,6.0,6.0,6.0,7.0,6.0,7.0,8.0,6.0,3.0,6.0,4.0,3.0,5.0,5.0,6.0,5.0,6.0,6.0,7.0,6.0,6.0,6.0,6.0,7.0,7.0,6.0,6.0
HOS-0A-D05,5.0,5.0,6.0,4.0,3.0,4.0,6.0,5.0,5.0,5.0,6.0,5.0,5.0,5.0,5.0,5.0,6.0,4.0,5.0,5.0,5.0,5.0,5.0,5.0,5.0,5.0,5.0,5.0,5.0,5.0,5.0,4.0,4.0,4.0,5.0,4.0,4.0,4.0,4.0,4.0,4.0,4.0,4.0,4.0,4.0,4.0,4.0,4.0,4.0,4.0,4.0,5.0,5.0,5.0,5.0,3.0,3.0,2.0,5.0,4.0,5.0,5.0,4.0,4.0,4.0,4.0,4.0,4.0,3.0,5.0,5.0,5.0,5.0,4.0,4.0,3.0,4.0,3.0,5.0,5.0,5.0,5.0,5.0,5.0,5.0,6.0,5.0,5.0,5.0,5.0,5.0,5.0,3.0,3.0,1.0,1.0,0.0,1.0,1.0,1.0,5.0,5.0,6.0,5.0,5.0,5.0,5.0,5.0,4.0,4.0,4.0,5.0,5.0,5.0,5.0,5.0,5.0,5.0,5.0,5.0,5.0,5.0,5.0,6.0,5.0,5.0,6.0,5.0,6.0,5.0,5.0,6.0,5.0,5.0,2.0,2.0,2.0,2.0,5.0,5.0,5.0,6.0,5.0,5.0,5.0,6.0,7.0,5.0,6.0,5.0,5.0,5.0,5.0,6.0,5.0,6.0,7.0,5.0,2.0,5.0,3.0,2.0,4.0,4.0,5.0,4.0,5.0,5.0,6.0,5.0,5.0,5.0,5.0,6.0,6.0,5.0,5.0
HOS-1A-A12,6.0,6.0,7.0,5.0,4.0,5.0,7.0,6.0,6.0,6.0,7.0,6.0,6.0,6.0,6.0,6.0,7.0,5.0,6.0,6.0,6.0,6.0,6.0,6.0,6.0,6.0,6.0,6.0,6.0,6.0,6.0,5.0,5.0,5.0,6.0,5.0,5.0,5.0,5.0,5.0,5.0,5.0,5.0,5.0,5.0,5.0,5.0,5.0,5.0,5.0,5.0,6.0,6.0,6.0,6.0,4.0,4.0,3.0,6.0,5.0,6.0,6.0,5.0,5.0,5.0,5.0,5.0,5.0,4.0,6.0,6.0,6.0,6.0,5.0,5.0,4.0,5.0,4.0,6.0,6.0,6.0,6.0,6.0,6.0,6.0,7.0,6.0,6.0,6.0,6.0,6.0,6.0,4.0,4.0,2.0,2.0,1.0,0.0,2.0,2.0,6.0,6.0,7.0,6.0,6.0,6.0,6.0,6.0,5.0,5.0,5.0,6.0,6.0,6.0,6.0,6.0,6.0,6.0,6.0,6.0,6.0,6.0,6.0,7.0,6.0,6.0,7.0,6.0,7.0,6.0,6.0,7.0,6.0,6.0,3.0,3.0,3.0,3.0,6.0,6.0,6.0,7.0,6.0,6.0,6.0,7.0,8.0,6.0,7.0,6.0,6.0,6.0,6.0,7.0,6.0,7.0,8.0,6.0,3.0,6.0,4.0,3.0,5.0,5.0,6.0,5.0,6.0,6.0,7.0,6.0,6.0,6.0,6.0,7.0,7.0,6.0,6.0
HOS-2A-A11,6.0,6.0,7.0,5.0,4.0,5.0,7.0,6.0,6.0,6.0,7.0,6.0,6.0,6.0,6.0,6.0,7.0,5.0,6.0,6.0,6.0,6.0,6.0,6.0,6.0,6.0,6.0,6.0,6.0,6.0,6.0,5.0,5.0,5.0,6.0,5.0,5.0,5.0,5.0,5.0,5.0,5.0,5.0,5.0,5.0,5.0,5.0,5.0,5.0,5.0,5.0,6.0,6.0,6.0,6.0,4.0,4.0,3.0,6.0,5.0,6.0,6.0,5.0,5.0,5.0,5.0,5.0,5.0,4.0,6.0,6.0,6.0,6.0,5.0,5.0,4.0,5.0,4.0,6.0,6.0,6.0,6.0,6.0,6.0,6.0,7.0,6.0,6.0,6.0,6.0,6.0,6.0,4.0,4.0,2.0,2.0,1.0,2.0,0.0,2.0,6.0,6.0,7.0,6.0,6.0,6.0,6.0,6.0,5.0,5.0,5.0,6.0,6.0,6.0,6.0,6.0,6.0,6.0,6.0,6.0,6.0,6.0,6.0,7.0,6.0,6.0,7.0,6.0,7.0,6.0,6.0,7.0,6.0,6.0,3.0,3.0,3.0,3.0,6.0,6.0,6.0,7.0,6.0,6.0,6.0,7.0,8.0,6.0,7.0,6.0,6.0,6.0,6.0,7.0,6.0,7.0,8.0,6.0,3.0,6.0,4.0,3.0,5.0,5.0,6.0,5.0,6.0,6.0,7.0,6.0,6.0,6.0,6.0,7.0,7.0,6.0,6.0
INTERNET-MPLS,4.0,4.0,5.0,3.0,2.0,3.0,5.0,4.0,4.0,4.0,5.0,4.0,4.0,4.0,4.0,4.0,5.0,3.0,4.0,4.0,4.0,4.0,4.0,4.0,4.0,4.0,4.0,4.0,4.0,4.0,4.0,3.0,3.0,3.0,4.0,3.0,3.0,3.0,3.0,3.0,3.0,3.0,3.0,3.0,3.0,3.0,3.0,3.0,3.0,3.0,3.0,4.0,4.0,4.0,4.0,2.0,2.0,1.0,4.0,3.0,4.0,4.0,3.0,3.0,3.0,3.0,3.0,3.0,2.0,4.0,4.0,4.0,4.0,3.0,3.0,2.0,3.0,2.0,4.0,4.0,4.0,4.0,4.0,4.0,4.0,5.0,4.0,4.0,4.0,4.0,4.0,4.0,2.0,2.0,2.0,2.0,1.0,2.0,2.0,0.0,4.0,4.0,5.0,4.0,4.0,4.0,4.0,4.0,3.0,3.0,3.0,4.0,4.0,4.0,4.0,4.0,4.0,4.0,4.0,4.0,4.0,4.0,4.0,5.0,4.0,4.0,5.0,4.0,5.0,4.0,4.0,5.0,4.0,4.0,1.0,1.0,1.0,1.0,4.0,4.0,4.0,5.0,4.0,4.0,4.0,5.0,6.0,4.0,5.0,4.0,4.0,4.0,4.0,5.0,4.0,5.0,6.0,4.0,1.0,4.0,2.0,1.0,3.0,3.0,4.0,3.0,4.0,4.0,5.0,4.0,4.0,4.0,4.0,5.0,5.0,4.0,4.0
INV-1A-A161,8.0,8.0,9.0,7.0,6.0,7.0,9.0,8.0,8.0,8.0,9.0,8.0,8.0,8.0,8.0,8.0,9.0,7.0,8.0,8.0,8.0,8.0,8.0,8.0,8.0,8.0,8.0,8.0,8.0,8.0,8.0,7.0,7.0,7.0,8.0,7.0,7.0,7.0,7.0,7.0,7.0,7.0,7.0,7.0,7.0,7.0,7.0,7.0,7.0,7.0,7.0,8.0,8.0,8.0,8.0,6.0,6.0,5.0,8.0,7.0,2.0,8.0,3.0,3.0,1.0,3.0,3.0,3.0,2.0,8.0,8.0,8.0,8.0,7.0,7.0,6.0,7.0,6.0,8.0,8.0,8.0,8.0,8.0,8.0,8.0,5.0,4.0,4.0,8.0,8.0,8.0,8.0,6.0,6.0,6.0,6.0,5.0,6.0,6.0,4.0,0.0,2.0,3.0,2.0,8.0,8.0,8.0,8.0,7.0,7.0,7.0,4.0,4.0,4.0,4.0,4.0,4.0,4.0,4.0,8.0,8.0,8.0,8.0,9.0,8.0,8.0,5.0,4.0,5.0,4.0,4.0,5.0,4.0,4.0,5.0,5.0,5.0,5.0,4.0,4.0,4.0,5.0,4.0,4.0,8.0,9.0,10.0,8.0,9.0,8.0,8.0,8.0,8.0,9.0,8.0,9.0,10.0,8.0,3.0,8.0,4.0,5.0,7.0,7.0,8.0,7.0,8.0,4.0,5.0,4.0,4.0,4.0,8.0,9.0,9.0,8.0,8.0
INV-1A-A61,8.0,8.0,9.0,7.0,6.0,7.0,9.0,8.0,8.0,8.0,9.0,8.0,8.0,8.0,8.0,8.0,9.0,7.0,8.0,8.0,8.0,8.0,8.0,8.0,8.0,8.0,8.0,8.0,8.0,8.0,8.0,7.0,7.0,7.0,8.0,7.0,7.0,7.0,7.0,7.0,7.0,7.0,7.0,7.0,7.0,7.0,7.0,7.0,7.0,7.0,7.0,8.0,8.0,8.0,8.0,6.0,6.0,5.0,8.0,7.0,2.0,8.0,3.0,3.0,1.0,3.0,3.0,3.0,2.0,8.0,8.0,8.0,8.0,7.0,7.0,6.0,7.0,6.0,8.0,8.0,8.0,8.0,8.0,8.0,8.0,5.0,4.0,4.0,8.0,8.0,8.0,8.0,6.0,6.0,6.0,6.0,5.0,6.0,6.0,4.0,2.0,0.0,3.0,2.0,8.0,8.0,8.0,8.0,7.0,7.0,7.0,4.0,4.0,4.0,4.0,4.0,4.0,4.0,4.0,8.0,8.0,8.0,8.0,9.0,8.0,8.0,5.0,4.0,5.0,4.0,4.0,5.0,4.0,4.0,5.0,5.0,5.0,5.0,4.0,4.0,4.0,5.0,4.0,4.0,8.0,9.0,10.0,8.0,9.0,8.0,8.0,8.0,8.0,9.0,8.0,9.0,10.0,8.0,3.0,8.0,4.0,5.0,7.0,7.0,8.0,7.0,8.0,4.0,5.0,4.0,4.0,4.0,8.0,9.0,9.0,8.0,8.0
INV-1B-A162,9.0,9.0,10.0,8.0,7.0,8.0,10.0,9.0,9.0,9.0,10.0,9.0,9.0,9.0,9.0,9.0,10.0,8.0,9.0,9.0,9.0,9.0,9.0,9.0,9.0,9.0,9.0,9.0,9.0,9.0,9.0,8.0,8.0,8.0,9.0,8.0,8.0,8.0,8.0,8.0,8.0,8.0,8.0,8.0,8.0,8.0,8.0,8.0,8.0,8.0,8.0,9.0,9.0,9.0,9.0,7.0,7.0,6.0,9.0,8.0,3.0,9.0,4.0,4.0,2.0,4.0,4.0,4.0,3.0,9.0,9.0,9.0,9.0,8.0,8.0,7.0,8.0,7.0,9.0,9.0,9.0,9.0,9.0,9.0,9.0,6.0,5.0,5.0,9.0,9.0,9.0,9.0,7.0,7.0,7.0,7.0,6.0,7.0,7.0,5.0,3.0,3.0,0.0,1.0,9.0,9.0,9.0,9.0,8.0,8.0,8.0,5.0,5.0,5.0,5.0,5.0,5.0,5.0,5.0,9.0,9.0,9.0,9.0,10.0,9.0,9.0,6.0,5.0,6.0,5.0,5.0,6.0,5.0,5.0,6.0,6.0,6.0,6.0,5.0,5.0,5.0,6.0,5.0,5.0,9.0,10.0,11.0,9.0,10.0,9.0,9.0,9.0,9.0,10.0,9.0,10.0,11.0,9.0,4.0,9.0,5.0,6.0,8.0,8.0,9.0,8.0,9.0,5.0,6.0,5.0,5.0,5.0,9.0,10.0,10.0,9.0,9.0
INV-1B-A62,8.0,8.0,9.0,7.0,6.0,7.0,9.0,8.0,8.0,8.0,9.0,8.0,8.0,8.0,8.0,8.0,9.0,7.0,8.0,8.0,8.0,8.0,8.0,8.0,8.0,8.0,8.0,8.0,8.0,8.0,8.0,7.0,7.0,7.0,8.0,7.0,7.0,7.0,7.0,7.0,7.0,7.0,7.0,7.0,7.0,7.0,7.0,7.0,7.0,7.0,7.0,8.0,8.0,8.0,8.0,6.0,6.0,5.0,8.0,7.0,2.0,8.0,3.0,3.0,1.0,3.0,3.0,3.0,2.0,8.0,8.0,8.0,8.0,7.0,7.0,6.0,7.0,6.0,8.0,8.0,8.0,8.0,8.0,8.0,8.0,5.0,4.0,4.0,8.0,8.0,8.0,8.0,6.0,6.0,6.0,6.0,5.0,6.0,6.0,4.0,2.0,2.0,1.0,0.0,8.0,8.0,8.0,8.0,7.0,7.0,7.0,4.0,4.0,4.0,4.0,4.0,4.0,4.0,4.0,8.0,8.0,8.0,8.0,9.0,8.0,8.0,5.0,4.0,5.0,4.0,4.0,5.0,4.0,4.0,5.0,5.0,5.0,5.0,4.0,4.0,4.0,5.0,4.0,4.0,8.0,9.0,10.0,8.0,9.0,8.0,8.0,8.0,8.0,9.0,8.0,9.0,10.0,8.0,3.0,8.0,4.0,5.0,7.0,7.0,8.0,7.0,8.0,4.0,5.0,4.0,4.0,4.0,8.0,9.0,9.0,8.0,8.0
JUR-0A-A59,4.0,4.0,5.0,7.0,6.0,7.0,5.0,4.0,4.0,4.0,5.0,4.0,4.0,4.0,4.0,4.0,5.0,7.0,7.0,7.0,7.0,7.0,7.0,7.0,7.0,7.0,7.0,7.0,7.0,7.0,7.0,6.0,6.0,6.0,7.0,7.0,7.0,6.0,3.0,3.0,3.0,3.0,3.0,3.0,3.0,3.0,1.0,3.0,3.0,3.0,3.0,4.0,4.0,4.0,4.0,6.0,6.0,5.0,7.0,7.0,8.0,4.0,7.0,7.0,7.0,7.0,7.0,7.0,6.0,4.0,7.0,7.0,7.0,7.0,2.0,2.0,5.0,5.0,7.0,7.0,7.0,4.0,4.0,4.0,4.0,9.0,8.0,8.0,4.0,4.0,4.0,4.0,4.0,3.0,6.0,6.0,5.0,6.0,6.0,4.0,8.0,8.0,9.0,8.0,0.0,2.0,2.0,2.0,7.0,7.0,7.0,8.0,8.0,8.0,8.0,8.0,8.0,8.0,8.0,7.0,4.0,4.0,4.0,5.0,4.0,4.0,9.0,8.0,9.0,8.0,8.0,9.0,8.0,8.0,4.0,4.0,5.0,3.0,8.0,8.0,8.0,9.0,8.0,8.0,4.0,5.0,6.0,4.0,5.0,4.0,4.0,4.0,4.0,5.0,4.0,8.0,9.0,4.0,5.0,4.0,4.0,5.0,5.0,3.0,3.0,7.0,4.0,8.0,9.0,8.0,8.0,8.0,4.0,5.0,5.0,4.0,7.0
JUR-0A-A60,4.0,4.0,5.0,7.0,6.0,7.0,5.0,4.0,4.0,4.0,5.0,4.0,4.0,4.0,4.0,4.0,5.0,7.0,7.0,7.0,7.0,7.0,7.0,7.0,7.0,7.0,7.0,7.0,7.0,7.0,7.0,6.0,6.0,6.0,7.0,7.0,7.0,6.0,3.0,3.0,3.0,3.0,3.0,3.0,3.0,3.0,1.0,3.0,3.0,3.0,3.0,4.0,4.0,4.0,4.0,6.0,6.0,5.0,7.0,7.0,8.0,4.0,7.0,7.0,7.0,7.0,7.0,7.0,6.0,4.0,7.0,7.0,7.0,7.0,2.0,2.0,5.0,5.0,7.0,7.0,7.0,4.0,4.0,4.0,4.0,9.0,8.0,8.0,4.0,4.0,4.0,4.0,4.0,3.0,6.0,6.0,5.0,6.0,6.0,4.0,8.0,8.0,9.0,8.0,2.0,0.0,2.0,2.0,7.0,7.0,7.0,8.0,8.0,8.0,8.0,8.0,8.0,8.0,8.0,7.0,4.0,4.0,4.0,5.0,4.0,4.0,9.0,8.0,9.0,8.0,8.0,9.0,8.0,8.0,4.0,4.0,5.0,3.0,8.0,8.0,8.0,9.0,8.0,8.0,4.0,5.0,6.0,4.0,5.0,4.0,4.0,4.0,4.0,5.0,4.0,8.0,9.0,4.0,5.0,4.0,4.0,5.0,5.0,3.0,3.0,7.0,4.0,8.0,9.0,8.0,8.0,8.0,4.0,5.0,5.0,4.0,7.0
JUR-1A-A61,4.0,4.0,5.0,7.0,6.0,7.0,5.0,4.0,4.0,4.0,5.0,4.0,4.0,4.0,4.0,4.0,5.0,7.0,7.0,7.0,7.0,7.0,7.0,7.0,7.0,7.0,7.0,7.0,7.0,7.0,7.0,6.0,6.0,6.0,7.0,7.0,7.0,6.0,3.0,3.0,3.0,3.0,3.0,3.0,3.0,3.0,1.0,3.0,3.0,3.0,3.0,4.0,4.0,4.0,4.0,6.0,6.0,5.0,7.0,7.0,8.0,4.0,7.0,7.0,7.0,7.0,7.0,7.0,6.0,4.0,7.0,7.0,7.0,7.0,2.0,2.0,5.0,5.0,7.0,7.0,7.0,4.0,4.0,4.0,4.0,9.0,8.0,8.0,4.0,4.0,4.0,4.0,4.0,3.0,6.0,6.0,5.0,6.0,6.0,4.0,8.0,8.0,9.0,8.0,2.0,2.0,0.0,2.0,7.0,7.0,7.0,8.0,8.0,8.0,8.0,8.0,8.0,8.0,8.0,7.0,4.0,4.0,4.0,5.0,4.0,4.0,9.0,8.0,9.0,8.0,8.0,9.0,8.0,8.0,4.0,4.0,5.0,3.0,8.0,8.0,8.0,9.0,8.0,8.0,4.0,5.0,6.0,4.0,5.0,4.0,4.0,4.0,4.0,5.0,4.0,8.0,9.0,4.0,5.0,4.0,4.0,5.0,5.0,3.0,3.0,7.0,4.0,8.0,9.0,8.0,8.0,8.0,4.0,5.0,5.0,4.0,7.0
JUR-1A-A62,4.0,4.0,5.0,7.0,6.0,7.0,5.0,4.0,4.0,4.0,5.0,4.0,4.0,4.0,4.0,4.0,5.0,7.0,7.0,7.0,7.0,7.0,7.0,7.0,7.0,7.0,7.0,7.0,7.0,7.0,7.0,6.0,6.0,6.0,7.0,7.0,7.0,6.0,3.0,3.0,3.0,3.0,3.0,3.0,3.0,3.0,1.0,3.0,3.0,3.0,3.0,4.0,4.0,4.0,4.0,6.0,6.0,5.0,7.0,7.0,8.0,4.0,7.0,7.0,7.0,7.0,7.0,7.0,6.0,4.0,7.0,7.0,7.0,7.0,2.0,2.0,5.0,5.0,7.0,7.0,7.0,4.0,4.0,4.0,4.0,9.0,8.0,8.0,4.0,4.0,4.0,4.0,4.0,3.0,6.0,6.0,5.0,6.0,6.0,4.0,8.0,8.0,9.0,8.0,2.0,2.0,2.0,0.0,7.0,7.0,7.0,8.0,8.0,8.0,8.0,8.0,8.0,8.0,8.0,7.0,4.0,4.0,4.0,5.0,4.0,4.0,9.0,8.0,9.0,8.0,8.0,9.0,8.0,8.0,4.0,4.0,5.0,3.0,8.0,8.0,8.0,9.0,8.0,8.0,4.0,5.0,6.0,4.0,5.0,4.0,4.0,4.0,4.0,5.0,4.0,8.0,9.0,4.0,5.0,4.0,4.0,5.0,5.0,3.0,3.0,7.0,4.0,8.0,9.0,8.0,8.0,8.0,4.0,5.0,5.0,4.0,7.0
LAB-1A-A18,7.0,7.0,8.0,2.0,1.0,2.0,8.0,7.0,7.0,7.0,8.0,7.0,7.0,7.0,7.0,7.0,8.0,2.0,7.0,7.0,7.0,7.0,7.0,7.0,7.0,7.0,7.0,7.0,7.0,7.0,7.0,6.0,6.0,6.0,7.0,2.0,2.0,6.0,6.0,6.0,6.0,6.0,6.0,6.0,6.0,6.0,6.0,6.0,6.0,6.0,6.0,7.0,7.0,7.0,7.0,5.0,5.0,4.0,7.0,2.0,7.0,7.0,6.0,6.0,6.0,6.0,6.0,6.0,5.0,7.0,7.0,7.0,7.0,2.0,5.0,5.0,6.0,5.0,7.0,7.0,7.0,7.0,7.0,7.0,7.0,8.0,7.0,7.0,7.0,7.0,7.0,7.0,5.0,4.0,5.0,5.0,4.0,5.0,5.0,3.0,7.0,7.0,8.0,7.0,7.0,7.0,7.0,7.0,0.0,2.0,2.0,7.0,7.0,7.0,7.0,7.0,7.0,7.0,7.0,7.0,7.0,7.0,7.0,8.0,7.0,7.0,8.0,7.0,8.0,7.0,7.0,8.0,7.0,7.0,4.0,3.0,4.0,4.0,7.0,7.0,7.0,8.0,7.0,7.0,7.0,8.0,9.0,7.0,8.0,7.0,7.0,7.0,7.0,8.0,7.0,8.0,9.0,7.0,4.0,7.0,5.0,2.0,6.0,6.0,6.0,2.0,7.0,7.0,8.0,7.0,7.0,7.0,7.0,8.0,8.0,7.0,7.0
LABMAC-1A-A13,7.0,7.0,8.0,2.0,1.0,2.0,8.0,7.0,7.0,7.0,8.0,7.0,7.0,7.0,7.0,7.0,8.0,2.0,7.0,7.0,7.0,7.0,7.0,7.0,7.0,7.0,7.0,7.0,7.0,7.0,7.0,6.0,6.0,6.0,7.0,2.0,2.0,6.0,6.0,6.0,6.0,6.0,6.0,6.0,6.0,6.0,6.0,6.0,6.0,6.0,6.0,7.0,7.0,7.0,7.0,5.0,5.0,4.0,7.0,2.0,7.0,7.0,6.0,6.0,6.0,6.0,6.0,6.0,5.0,7.0,7.0,7.0,7.0,2.0,5.0,5.0,6.0,5.0,7.0,7.0,7.0,7.0,7.0,7.0,7.0,8.0,7.0,7.0,7.0,7.0,7.0,7.0,5.0,4.0,5.0,5.0,4.0,5.0,5.0,3.0,7.0,7.0,8.0,7.0,7.0,7.0,7.0,7.0,2.0,0.0,2.0,7.0,7.0,7.0,7.0,7.0,7.0,7.0,7.0,7.0,7.0,7.0,7.0,8.0,7.0,7.0,8.0,7.0,8.0,7.0,7.0,8.0,7.0,7.0,4.0,3.0,4.0,4.0,7.0,7.0,7.0,8.0,7.0,7.0,7.0,8.0,9.0,7.0,8.0,7.0,7.0,7.0,7.0,8.0,7.0,8.0,9.0,7.0,4.0,7.0,5.0,2.0,6.0,6.0,6.0,2.0,7.0,7.0,8.0,7.0,7.0,7.0,7.0,8.0,8.0,7.0,7.0
LAC-0A-A17,7.0,7.0,8.0,2.0,1.0,2.0,8.0,7.0,7.0,7.0,8.0,7.0,7.0,7.0,7.0,7.0,8.0,2.0,7.0,7.0,7.0,7.0,7.0,7.0,7.0,7.0,7.0,7.0,7.0,7.0,7.0,6.0,6.0,6.0,7.0,2.0,2.0,6.0,6.0,6.0,6.0,6.0,6.0,6.0,6.0,6.0,6.0,6.0,6.0,6.0,6.0,7.0,7.0,7.0,7.0,5.0,5.0,4.0,7.0,2.0,7.0,7.0,6.0,6.0,6.0,6.0,6.0,6.0,5.0,7.0,7.0,7.0,7.0,2.0,5.0,5.0,6.0,5.0,7.0,7.0,7.0,7.0,7.0,7.0,7.0,8.0,7.0,7.0,7.0,7.0,7.0,7.0,5.0,4.0,5.0,5.0,4.0,5.0,5.0,3.0,7.0,7.0,8.0,7.0,7.0,7.0,7.0,7.0,2.0,2.0,0.0,7.0,7.0,7.0,7.0,7.0,7.0,7.0,7.0,7.0,7.0,7.0,7.0,8.0,7.0,7.0,8.0,7.0,8.0,7.0,7.0,8.0,7.0,7.0,4.0,3.0,4.0,4.0,7.0,7.0,7.0,8.0,7.0,7.0,7.0,8.0,9.0,7.0,8.0,7.0,7.0,7.0,7.0,8.0,7.0,8.0,9.0,7.0,4.0,7.0,5.0,2.0,6.0,6.0,6.0,2.0,7.0,7.0,8.0,7.0,7.0,7.0,7.0,8.0,8.0,7.0,7.0
MEDADM-0F-A16,8.0,8.0,9.0,7.0,6.0,7.0,9.0,8.0,8.0,8.0,9.0,8.0,8.0,8.0,8.0,8.0,9.0,7.0,8.0,8.0,8.0,8.0,8.0,8.0,8.0,8.0,8.0,8.0,8.0,8.0,8.0,7.0,7.0,7.0,8.0,7.0,7.0,7.0,7.0,7.0,7.0,7.0,7.0,7.0,7.0,7.0,7.0,7.0,7.0,7.0,7.0,8.0,8.0,8.0,8.0,6.0,6.0,5.0,8.0,7.0,4.0,8.0,1.0,3.0,3.0,3.0,3.0,3.0,2.0,8.0,8.0,8.0,8.0,7.0,7.0,6.0,7.0,6.0,8.0,8.0,8.0,8.0,8.0,8.0,8.0,5.0,4.0,4.0,8.0,8.0,8.0,8.0,6.0,6.0,6.0,6.0,5.0,6.0,6.0,4.0,4.0,4.0,5.0,4.0,8.0,8.0,8.0,8.0,7.0,7.0,7.0,0.0,2.0,2.0,2.0,2.0,2.0,2.0,2.0,8.0,8.0,8.0,8.0,9.0,8.0,8.0,5.0,4.0,5.0,4.0,4.0,5.0,4.0,4.0,5.0,5.0,5.0,5.0,4.0,4.0,4.0,5.0,4.0,4.0,8.0,9.0,10.0,8.0,9.0,8.0,8.0,8.0,8.0,9.0,8.0,9.0,10.0,8.0,3.0,8.0,4.0,5.0,7.0,7.0,8.0,7.0,8.0,4.0,5.0,4.0,4.0,4.0,8.0,9.0,9.0,8.0,8.0
MEDADM-0G-A17,8.0,8.0,9.0,7.0,6.0,7.0,9.0,8.0,8.0,8.0,9.0,8.0,8.0,8.0,8.0,8.0,9.0,7.0,8.0,8.0,8.0,8.0,8.0,8.0,8.0,8.0,8.0,8.0,8.0,8.0,8.0,7.0,7.0,7.0,8.0,7.0,7.0,7.0,7.0,7.0,7.0,7.0,7.0,7.0,7.0,7.0,7.0,7.0,7.0,7.0,7.0,8.0,8.0,8.0,8.0,6.0,6.0,5.0,8.0,7.0,4.0,8.0,1.0,3.0,3.0,3.0,3.0,3.0,2.0,8.0,8.0,8.0,8.0,7.0,7.0,6.0,7.0,6.0,8.0,8.0,8.0,8.0,8.0,8.0,8.0,5.0,4.0,4.0,8.0,8.0,8.0,8.0,6.0,6.0,6.0,6.0,5.0,6.0,6.0,4.0,4.0,4.0,5.0,4.0,8.0,8.0,8.0,8.0,7.0,7.0,7.0,2.0,0.0,2.0,2.0,2.0,2.0,2.0,2.0,8.0,8.0,8.0,8.0,9.0,8.0,8.0,5.0,4.0,5.0,4.0,4.0,5.0,4.0,4.0,5.0,5.0,5.0,5.0,4.0,4.0,4.0,5.0,4.0,4.0,8.0,9.0,10.0,8.0,9.0,8.0,8.0,8.0,8.0,9.0,8.0,9.0,10.0,8.0,3.0,8.0,4.0,5.0,7.0,7.0,8.0,7.0,8.0,4.0,5.0,4.0,4.0,4.0,8.0,9.0,9.0,8.0,8.0
MEDADM-1A-A11,8.0,8.0,9.0,7.0,6.0,7.0,9.0,8.0,8.0,8.0,9.0,8.0,8.0,8.0,8.0,8.0,9.0,7.0,8.0,8.0,8.0,8.0,8.0,8.0,8.0,8.0,8.0,8.0,8.0,8.0,8.0,7.0,7.0,7.0,8.0,7.0,7.0,7.0,7.0,7.0,7.0,7.0,7.0,7.0,7.0,7.0,7.0,7.0,7.0,7.0,7.0,8.0,8.0,8.0,8.0,6.0,6.0,5.0,8.0,7.0,4.0,8.0,1.0,3.0,3.0,3.0,3.0,3.0,2.0,8.0,8.0,8.0,8.0,7.0,7.0,6.0,7.0,6.0,8.0,8.0,8.0,8.0,8.0,8.0,8.0,5.0,4.0,4.0,8.0,8.0,8.0,8.0,6.0,6.0,6.0,6.0,5.0,6.0,6.0,4.0,4.0,4.0,5.0,4.0,8.0,8.0,8.0,8.0,7.0,7.0,7.0,2.0,2.0,0.0,2.0,2.0,2.0,2.0,2.0,8.0,8.0,8.0,8.0,9.0,8.0,8.0,5.0,4.0,5.0,4.0,4.0,5.0,4.0,4.0,5.0,5.0,5.0,5.0,4.0,4.0,4.0,5.0,4.0,4.0,8.0,9.0,10.0,8.0,9.0,8.0,8.0,8.0,8.0,9.0,8.0,9.0,10.0,8.0,3.0,8.0,4.0,5.0,7.0,7.0,8.0,7.0,8.0,4.0,5.0,4.0,4.0,4.0,8.0,9.0,9.0,8.0,8.0
MEDADM-1B-A12,8.0,8.0,9.0,7.0,6.0,7.0,9.0,8.0,8.0,8.0,9.0,8.0,8.0,8.0,8.0,8.0,9.0,7.0,8.0,8.0,8.0,8.0,8.0,8.0,8.0,8.0,8.0,8.0,8.0,8.0,8.0,7.0,7.0,7.0,8.0,7.0,7.0,7.0,7.0,7.0,7.0,7.0,7.0,7.0,7.0,7.0,7.0,7.0,7.0,7.0,7.0,8.0,8.0,8.0,8.0,6.0,6.0,5.0,8.0,7.0,4.0,8.0,1.0,3.0,3.0,3.0,3.0,3.0,2.0,8.0,8.0,8.0,8.0,7.0,7.0,6.0,7.0,6.0,8.0,8.0,8.0,8.0,8.0,8.0,8.0,5.0,4.0,4.0,8.0,8.0,8.0,8.0,6.0,6.0,6.0,6.0,5.0,6.0,6.0,4.0,4.0,4.0,5.0,4.0,8.0,8.0,8.0,8.0,7.0,7.0,7.0,2.0,2.0,2.0,0.0,2.0,2.0,2.0,2.0,8.0,8.0,8.0,8.0,9.0,8.0,8.0,5.0,4.0,5.0,4.0,4.0,5.0,4.0,4.0,5.0,5.0,5.0,5.0,4.0,4.0,4.0,5.0,4.0,4.0,8.0,9.0,10.0,8.0,9.0,8.0,8.0,8.0,8.0,9.0,8.0,9.0,10.0,8.0,3.0,8.0,4.0,5.0,7.0,7.0,8.0,7.0,8.0,4.0,5.0,4.0,4.0,4.0,8.0,9.0,9.0,8.0,8.0
MEDADM-1C-A13,8.0,8.0,9.0,7.0,6.0,7.0,9.0,8.0,8.0,8.0,9.0,8.0,8.0,8.0,8.0,8.0,9.0,7.0,8.0,8.0,8.0,8.0,8.0,8.0,8.0,8.0,8.0,8.0,8.0,8.0,8.0,7.0,7.0,7.0,8.0,7.0,7.0,7.0,7.0,7.0,7.0,7.0,7.0,7.0,7.0,7.0,7.0,7.0,7.0,7.0,7.0,8.0,8.0,8.0,8.0,6.0,6.0,5.0,8.0,7.0,4.0,8.0,1.0,3.0,3.0,3.0,3.0,3.0,2.0,8.0,8.0,8.0,8.0,7.0,7.0,6.0,7.0,6.0,8.0,8.0,8.0,8.0,8.0,8.0,8.0,5.0,4.0,4.0,8.0,8.0,8.0,8.0,6.0,6.0,6.0,6.0,5.0,6.0,6.0,4.0,4.0,4.0,5.0,4.0,8.0,8.0,8.0,8.0,7.0,7.0,7.0,2.0,2.0,2.0,2.0,0.0,2.0,2.0,2.0,8.0,8.0,8.0,8.0,9.0,8.0,8.0,5.0,4.0,5.0,4.0,4.0,5.0,4.0,4.0,5.0,5.0,5.0,5.0,4.0,4.0,4.0,5.0,4.0,4.0,8.0,9.0,10.0,8.0,9.0,8.0,8.0,8.0,8.0,9.0,8.0,9.0,10.0,8.0,3.0,8.0,4.0,5.0,7.0,7.0,8.0,7.0,8.0,4.0,5.0,4.0,4.0,4.0,8.0,9.0,9.0,8.0,8.0
MEDADM-1D-A14,8.0,8.0,9.0,7.0,6.0,7.0,9.0,8.0,8.0,8.0,9.0,8.0,8.0,8.0,8.0,8.0,9.0,7.0,8.0,8.0,8.0,8.0,8.0,8.0,8.0,8.0,8.0,8.0,8.0,8.0,8.0,7.0,7.0,7.0,8.0,7.0,7.0,7.0,7.0,7.0,7.0,7.0,7.0,7.0,7.0,7.0,7.0,7.0,7.0,7.0,7.0,8.0,8.0,8.0,8.0,6.0,6.0,5.0,8.0,7.0,4.0,8.0,1.0,3.0,3.0,3.0,3.0,3.0,2.0,8.0,8.0,8.0,8.0,7.0,7.0,6.0,7.0,6.0,8.0,8.0,8.0,8.0,8.0,8.0,8.0,5.0,4.0,4.0,8.0,8.0,8.0,8.0,6.0,6.0,6.0,6.0,5.0,6.0,6.0,4.0,4.0,4.0,5.0,4.0,8.0,8.0,8.0,8.0,7.0,7.0,7.0,2.0,2.0,2.0,2.0,2.0,0.0,2.0,2.0,8.0,8.0,8.0,8.0,9.0,8.0,8.0,5.0,4.0,5.0,4.0,4.0,5.0,4.0,4.0,5.0,5.0,5.0,5.0,4.0,4.0,4.0,5.0,4.0,4.0,8.0,9.0,10.0,8.0,9.0,8.0,8.0,8.0,8.0,9.0,8.0,9.0,10.0,8.0,3.0,8.0,4.0,5.0,7.0,7.0,8.0,7.0,8.0,4.0,5.0,4.0,4.0,4.0,8.0,9.0,9.0,8.0,8.0
MEDADM-1E-A15,8.0,8.0,9.0,7.0,6.0,7.0,9.0,8.0,8.0,8.0,9.0,8.0,8.0,8.0,8.0,8.0,9.0,7.0,8.0,8.0,8.0,8.0,8.0,8.0,8.0,8.0,8.0,8.0,8.0,8.0,8.0,7.0,7.0,7.0,8.0,7.0,7.0,7.0,7.0,7.0,7.0,7.0,7.0,7.0,7.0,7.0,7.0,7.0,7.0,7.0,7.0,8.0,8.0,8.0,8.0,6.0,6.0,5.0,8.0,7.0,4.0,8.0,1.0,3.0,3.0,3.0,3.0,3.0,2.0,8.0,8.0,8.0,8.0,7.0,7.0,6.0,7.0,6.0,8.0,8.0,8.0,8.0,8.0,8.0,8.0,5.0,4.0,4.0,8.0,8.0,8.0,8.0,6.0,6.0,6.0,6.0,5.0,6.0,6.0,4.0,4.0,4.0,5.0,4.0,8.0,8.0,8.0,8.0,7.0,7.0,7.0,2.0,2.0,2.0,2.0,2.0,2.0,0.0,2.0,8.0,8.0,8.0,8.0,9.0,8.0,8.0,5.0,4.0,5.0,4.0,4.0,5.0,4.0,4.0,5.0,5.0,5.0,5.0,4.0,4.0,4.0,5.0,4.0,4.0,8.0,9.0,10.0,8.0,9.0,8.0,8.0,8.0,8.0,9.0,8.0,9.0,10.0,8.0,3.0,8.0,4.0,5.0,7.0,7.0,8.0,7.0,8.0,4.0,5.0,4.0,4.0,4.0,8.0,9.0,9.0,8.0,8.0
MEDADM-1H-A18,8.0,8.0,9.0,7.0,6.0,7.0,9.0,8.0,8.0,8.0,9.0,8.0,8.0,8.0,8.0,8.0,9.0,7.0,8.0,8.0,8.0,8.0,8.0,8.0,8.0,8.0,8.0,8.0,8.0,8.0,8.0,7.0,7.0,7.0,8.0,7.0,7.0,7.0,7.0,7.0,7.0,7.0,7.0,7.0,7.0,7.0,7.0,7.0,7.0,7.0,7.0,8.0,8.0,8.0,8.0,6.0,6.0,5.0,8.0,7.0,4.0,8.0,1.0,3.0,3.0,3.0,3.0,3.0,2.0,8.0,8.0,8.0,8.0,7.0,7.0,6.0,7.0,6.0,8.0,8.0,8.0,8.0,8.0,8.0,8.0,5.0,4.0,4.0,8.0,8.0,8.0,8.0,6.0,6.0,6.0,6.0,5.0,6.0,6.0,4.0,4.0,4.0,5.0,4.0,8.0,8.0,8.0,8.0,7.0,7.0,7.0,2.0,2.0,2.0,2.0,2.0,2.0,2.0,0.0,8.0,8.0,8.0,8.0,9.0,8.0,8.0,5.0,4.0,5.0,4.0,4.0,5.0,4.0,4.0,5.0,5.0,5.0,5.0,4.0,4.0,4.0,5.0,4.0,4.0,8.0,9.0,10.0,8.0,9.0,8.0,8.0,8.0,8.0,9.0,8.0,9.0,10.0,8.0,3.0,8.0,4.0,5.0,7.0,7.0,8.0,7.0,8.0,4.0,5.0,4.0,4.0,4.0,8.0,9.0,9.0,8.0,8.0
MICRORED-1A-A109,7.0,7.0,8.0,7.0,6.0,7.0,8.0,7.0,7.0,7.0,8.0,7.0,7.0,7.0,7.0,7.0,8.0,7.0,4.0,4.0,4.0,4.0,2.0,2.0,2.0,2.0,2.0,2.0,2.0,2.0,2.0,3.0,1.0,3.0,4.0,7.0,7.0,3.0,6.0,6.0,6.0,6.0,6.0,6.0,6.0,6.0,6.0,6.0,6.0,6.0,6.0,7.0,7.0,7.0,7.0,6.0,6.0,5.0,4.0,7.0,8.0,7.0,7.0,7.0,7.0,7.0,7.0,7.0,6.0,7.0,4.0,4.0,4.0,7.0,5.0,5.0,2.0,2.0,4.0,4.0,4.0,7.0,7.0,7.0,7.0,9.0,8.0,8.0,7.0,7.0,7.0,7.0,3.0,4.0,6.0,6.0,5.0,6.0,6.0,4.0,8.0,8.0,9.0,8.0,7.0,7.0,7.0,7.0,7.0,7.0,7.0,8.0,8.0,8.0,8.0,8.0,8.0,8.0,8.0,0.0,7.0,7.0,7.0,8.0,7.0,7.0,9.0,8.0,9.0,8.0,8.0,9.0,8.0,8.0,4.0,4.0,3.0,5.0,8.0,8.0,8.0,9.0,8.0,8.0,7.0,8.0,9.0,7.0,8.0,7.0,7.0,7.0,7.0,8.0,7.0,5.0,6.0,4.0,5.0,4.0,6.0,5.0,3.0,5.0,5.0,7.0,7.0,8.0,9.0,8.0,8.0,8.0,7.0,8.0,8.0,7.0,4.0
MON-0A-A103,4.0,4.0,5.0,7.0,6.0,7.0,5.0,4.0,4.0,4.0,5.0,4.0,4.0,4.0,4.0,4.0,5.0,7.0,7.0,7.0,7.0,7.0,7.0,7.0,7.0,7.0,7.0,7.0,7.0,7.0,7.0,6.0,6.0,6.0,7.0,7.0,7.0,6.0,3.0,3.0,3.0,3.0,3.0,3.0,3.0,3.0,3.0,1.0,3.0,3.0,3.0,4.0,4.0,4.0,4.0,6.0,6.0,5.0,7.0,7.0,8.0,4.0,7.0,7.0,7.0,7.0,7.0,7.0,6.0,4.0,7.0,7.0,7.0,7.0,2.0,2.0,5.0,5.0,7.0,7.0,7.0,4.0,4.0,4.0,2.0,9.0,8.0,8.0,4.0,4.0,4.0,4.0,4.0,3.0,6.0,6.0,5.0,6.0,6.0,4.0,8.0,8.0,9.0,8.0,4.0,4.0,4.0,4.0,7.0,7.0,7.0,8.0,8.0,8.0,8.0,8.0,8.0,8.0,8.0,7.0,0.0,2.0,2.0,3.0,2.0,2.0,9.0,8.0,9.0,8.0,8.0,9.0,8.0,8.0,4.0,4.0,5.0,3.0,8.0,8.0,8.0,9.0,8.0,8.0,4.0,5.0,6.0,4.0,5.0,4.0,4.0,4.0,4.0,5.0,4.0,8.0,9.0,4.0,5.0,4.0,4.0,5.0,5.0,3.0,3.0,7.0,4.0,8.0,9.0,8.0,8.0,8.0,4.0,5.0,5.0,4.0,7.0
MON-0A-A104,4.0,4.0,5.0,7.0,6.0,7.0,5.0,4.0,4.0,4.0,5.0,4.0,4.0,4.0,4.0,4.0,5.0,7.0,7.0,7.0,7.0,7.0,7.0,7.0,7.0,7.0,7.0,7.0,7.0,7.0,7.0,6.0,6.0,6.0,7.0,7.0,7.0,6.0,3.0,3.0,3.0,3.0,3.0,3.0,3.0,3.0,3.0,1.0,3.0,3.0,3.0,4.0,4.0,4.0,4.0,6.0,6.0,5.0,7.0,7.0,8.0,4.0,7.0,7.0,7.0,7.0,7.0,7.0,6.0,4.0,7.0,7.0,7.0,7.0,2.0,2.0,5.0,5.0,7.0,7.0,7.0,4.0,4.0,4.0,2.0,9.0,8.0,8.0,4.0,4.0,4.0,4.0,4.0,3.0,6.0,6.0,5.0,6.0,6.0,4.0,8.0,8.0,9.0,8.0,4.0,4.0,4.0,4.0,7.0,7.0,7.0,8.0,8.0,8.0,8.0,8.0,8.0,8.0,8.0,7.0,2.0,0.0,2.0,3.0,2.0,2.0,9.0,8.0,9.0,8.0,8.0,9.0,8.0,8.0,4.0,4.0,5.0,3.0,8.0,8.0,8.0,9.0,8.0,8.0,4.0,5.0,6.0,4.0,5.0,4.0,4.0,4.0,4.0,5.0,4.0,8.0,9.0,4.0,5.0,4.0,4.0,5.0,5.0,3.0,3.0,7.0,4.0,8.0,9.0,8.0,8.0,8.0,4.0,5.0,5.0,4.0,7.0
MON-1B-A67,4.0,4.0,5.0,7.0,6.0,7.0,5.0,4.0,4.0,4.0,5.0,4.0,4.0,4.0,4.0,4.0,5.0,7.0,7.0,7.0,7.0,7.0,7.0,7.0,7.0,7.0,7.0,7.0,7.0,7.0,7.0,6.0,6.0,6.0,7.0,7.0,7.0,6.0,3.0,3.0,3.0,3.0,3.0,3.0,3.0,3.0,3.0,1.0,3.0,3.0,3.0,4.0,4.0,4.0,4.0,6.0,6.0,5.0,7.0,7.0,8.0,4.0,7.0,7.0,7.0,7.0,7.0,7.0,6.0,4.0,7.0,7.0,7.0,7.0,2.0,2.0,5.0,5.0,7.0,7.0,7.0,4.0,4.0,4.0,2.0,9.0,8.0,8.0,4.0,4.0,4.0,4.0,4.0,3.0,6.0,6.0,5.0,6.0,6.0,4.0,8.0,8.0,9.0,8.0,4.0,4.0,4.0,4.0,7.0,7.0,7.0,8.0,8.0,8.0,8.0,8.0,8.0,8.0,8.0,7.0,2.0,2.0,0.0,1.0,2.0,2.0,9.0,8.0,9.0,8.0,8.0,9.0,8.0,8.0,4.0,4.0,5.0,3.0,8.0,8.0,8.0,9.0,8.0,8.0,4.0,5.0,6.0,4.0,5.0,4.0,4.0,4.0,4.0,5.0,4.0,8.0,9.0,4.0,5.0,4.0,4.0,5.0,5.0,3.0,3.0,7.0,4.0,8.0,9.0,8.0,8.0,8.0,4.0,5.0,5.0,4.0,7.0
MON-1B-A68,5.0,5.0,6.0,8.0,7.0,8.0,6.0,5.0,5.0,5.0,6.0,5.0,5.0,5.0,5.0,5.0,6.0,8.0,8.0,8.0,8.0,8.0,8.0,8.0,8.0,8.0,8.0,8.0,8.0,8.0,8.0,7.0,7.0,7.0,8.0,8.0,8.0,7.0,4.0,4.0,4.0,4.0,4.0,4.0,4.0,4.0,4.0,2.0,4.0,4.0,4.0,5.0,5.0,5.0,5.0,7.0,7.0,6.0,8.0,8.0,9.0,5.0,8.0,8.0,8.0,8.0,8.0,8.0,7.0,5.0,8.0,8.0,8.0,8.0,3.0,3.0,6.0,6.0,8.0,8.0,8.0,5.0,5.0,5.0,3.0,10.0,9.0,9.0,5.0,5.0,5.0,5.0,5.0,4.0,7.0,7.0,6.0,7.0,7.0,5.0,9.0,9.0,10.0,9.0,5.0,5.0,5.0,5.0,8.0,8.0,8.0,9.0,9.0,9.0,9.0,9.0,9.0,9.0,9.0,8.0,3.0,3.0,1.0,0.0,3.0,3.0,10.0,9.0,10.0,9.0,9.0,10.0,9.0,9.0,5.0,5.0,6.0,4.0,9.0,9.0,9.0,10.0,9.0,9.0,5.0,6.0,7.0,5.0,6.0,5.0,5.0,5.0,5.0,6.0,5.0,9.0,10.0,5.0,6.0,5.0,5.0,6.0,6.0,4.0,4.0,8.0,5.0,9.0,10.0,9.0,9.0,9.0,5.0,6.0,6.0,5.0,8.0
MON-1C-A105,4.0,4.0,5.0,7.0,6.0,7.0,5.0,4.0,4.0,4.0,5.0,4.0,4.0,4.0,4.0,4.0,5.0,7.0,7.0,7.0,7.0,7.0,7.0,7.0,7.0,7.0,7.0,7.0,7.0,7.0,7.0,6.0,6.0,6.0,7.0,7.0,7.0,6.0,3.0,3.0,3.0,3.0,3.0,3.0,3.0,3.0,3.0,1.0,3.0,3.0,3.0,4.0,4.0,4.0,4.0,6.0,6.0,5.0,7.0,7.0,8.0,4.0,7.0,7.0,7.0,7.0,7.0,7.0,6.0,4.0,7.0,7.0,7.0,7.0,2.0,2.0,5.0,5.0,7.0,7.0,7.0,4.0,4.0,4.0,2.0,9.0,8.0,8.0,4.0,4.0,4.0,4.0,4.0,3.0,6.0,6.0,5.0,6.0,6.0,4.0,8.0,8.0,9.0,8.0,4.0,4.0,4.0,4.0,7.0,7.0,7.0,8.0,8.0,8.0,8.0,8.0,8.0,8.0,8.0,7.0,2.0,2.0,2.0,3.0,0.0,2.0,9.0,8.0,9.0,8.0,8.0,9.0,8.0,8.0,4.0,4.0,5.0,3.0,8.0,8.0,8.0,9.0,8.0,8.0,4.0,5.0,6.0,4.0,5.0,4.0,4.0,4.0,4.0,5.0,4.0,8.0,9.0,4.0,5.0,4.0,4.0,5.0,5.0,3.0,3.0,7.0,4.0,8.0,9.0,8.0,8.0,8.0,4.0,5.0,5.0,4.0,7.0
MON-1C-A106,4.0,4.0,5.0,7.0,6.0,7.0,5.0,4.0,4.0,4.0,5.0,4.0,4.0,4.0,4.0,4.0,5.0,7.0,7.0,7.0,7.0,7.0,7.0,7.0,7.0,7.0,7.0,7.0,7.0,7.0,7.0,6.0,6.0,6.0,7.0,7.0,7.0,6.0,3.0,3.0,3.0,3.0,3.0,3.0,3.0,3.0,3.0,1.0,3.0,3.0,3.0,4.0,4.0,4.0,4.0,6.0,6.0,5.0,7.0,7.0,8.0,4.0,7.0,7.0,7.0,7.0,7.0,7.0,6.0,4.0,7.0,7.0,7.0,7.0,2.0,2.0,5.0,5.0,7.0,7.0,7.0,4.0,4.0,4.0,2.0,9.0,8.0,8.0,4.0,4.0,4.0,4.0,4.0,3.0,6.0,6.0,5.0,6.0,6.0,4.0,8.0,8.0,9.0,8.0,4.0,4.0,4.0,4.0,7.0,7.0,7.0,8.0,8.0,8.0,8.0,8.0,8.0,8.0,8.0,7.0,2.0,2.0,2.0,3.0,2.0,0.0,9.0,8.0,9.0,8.0,8.0,9.0,8.0,8.0,4.0,4.0,5.0,3.0,8.0,8.0,8.0,9.0,8.0,8.0,4.0,5.0,6.0,4.0,5.0,4.0,4.0,4.0,4.0,5.0,4.0,8.0,9.0,4.0,5.0,4.0,4.0,5.0,5.0,3.0,3.0,7.0,4.0,8.0,9.0,8.0,8.0,8.0,4.0,5.0,5.0,4.0,7.0
ODO-0B-A152,9.0,9.0,10.0,8.0,7.0,8.0,10.0,9.0,9.0,9.0,10.0,9.0,9.0,9.0,9.0,9.0,10.0,8.0,9.0,9.0,9.0,9.0,9.0,9.0,9.0,9.0,9.0,9.0,9.0,9.0,9.0,8.0,8.0,8.0,9.0,8.0,8.0,8.0,8.0,8.0,8.0,8.0,8.0,8.0,8.0,8.0,8.0,8.0,8.0,8.0,8.0,9.0,9.0,9.0,9.0,7.0,7.0,6.0,9.0,8.0,5.0,9.0,4.0,4.0,4.0,2.0,4.0,4.0,3.0,9.0,9.0,9.0,9.0,8.0,8.0,7.0,8.0,7.0,9.0,9.0,9.0,9.0,9.0,9.0,9.0,6.0,5.0,5.0,9.0,9.0,9.0,9.0,7.0,7.0,7.0,7.0,6.0,7.0,7.0,5.0,5.0,5.0,6.0,5.0,9.0,9.0,9.0,9.0,8.0,8.0,8.0,5.0,5.0,5.0,5.0,5.0,5.0,5.0,5.0,9.0,9.0,9.0,9.0,10.0,9.0,9.0,0.0,1.0,4.0,3.0,3.0,4.0,3.0,3.0,6.0,6.0,6.0,6.0,5.0,5.0,5.0,6.0,5.0,5.0,9.0,10.0,11.0,9.0,10.0,9.0,9.0,9.0,9.0,10.0,9.0,10.0,11.0,9.0,4.0,9.0,5.0,6.0,8.0,8.0,9.0,8.0,9.0,5.0,6.0,5.0,5.0,5.0,9.0,10.0,10.0,9.0,9.0
ODO-0B-A52,8.0,8.0,9.0,7.0,6.0,7.0,9.0,8.0,8.0,8.0,9.0,8.0,8.0,8.0,8.0,8.0,9.0,7.0,8.0,8.0,8.0,8.0,8.0,8.0,8.0,8.0,8.0,8.0,8.0,8.0,8.0,7.0,7.0,7.0,8.0,7.0,7.0,7.0,7.0,7.0,7.0,7.0,7.0,7.0,7.0,7.0,7.0,7.0,7.0,7.0,7.0,8.0,8.0,8.0,8.0,6.0,6.0,5.0,8.0,7.0,4.0,8.0,3.0,3.0,3.0,1.0,3.0,3.0,2.0,8.0,8.0,8.0,8.0,7.0,7.0,6.0,7.0,6.0,8.0,8.0,8.0,8.0,8.0,8.0,8.0,5.0,4.0,4.0,8.0,8.0,8.0,8.0,6.0,6.0,6.0,6.0,5.0,6.0,6.0,4.0,4.0,4.0,5.0,4.0,8.0,8.0,8.0,8.0,7.0,7.0,7.0,4.0,4.0,4.0,4.0,4.0,4.0,4.0,4.0,8.0,8.0,8.0,8.0,9.0,8.0,8.0,1.0,0.0,3.0,2.0,2.0,3.0,2.0,2.0,5.0,5.0,5.0,5.0,4.0,4.0,4.0,5.0,4.0,4.0,8.0,9.0,10.0,8.0,9.0,8.0,8.0,8.0,8.0,9.0,8.0,9.0,10.0,8.0,3.0,8.0,4.0,5.0,7.0,7.0,8.0,7.0,8.0,4.0,5.0,4.0,4.0,4.0,8.0,9.0,9.0,8.0,8.0
ODO-0C-A153,9.0,9.0,10.0,8.0,7.0,8.0,10.0,9.0,9.0,9.0,10.0,9.0,9.0,9.0,9.0,9.0,10.0,8.0,9.0,9.0,9.0,9.0,9.0,9.0,9.0,9.0,9.0,9.0,9.0,9.0,9.0,8.0,8.0,8.0,9.0,8.0,8.0,8.0,8.0,8.0,8.0,8.0,8.0,8.0,8.0,8.0,8.0,8.0,8.0,8.0,8.0,9.0,9.0,9.0,9.0,7.0,7.0,6.0,9.0,8.0,5.0,9.0,4.0,4.0,4.0,2.0,4.0,4.0,3.0,9.0,9.0,9.0,9.0,8.0,8.0,7.0,8.0,7.0,9.0,9.0,9.0,9.0,9.0,9.0,9.0,6.0,5.0,5.0,9.0,9.0,9.0,9.0,7.0,7.0,7.0,7.0,6.0,7.0,7.0,5.0,5.0,5.0,6.0,5.0,9.0,9.0,9.0,9.0,8.0,8.0,8.0,5.0,5.0,5.0,5.0,5.0,5.0,5.0,5.0,9.0,9.0,9.0,9.0,10.0,9.0,9.0,4.0,3.0,0.0,3.0,1.0,2.0,3.0,3.0,6.0,6.0,6.0,6.0,5.0,5.0,5.0,6.0,5.0,5.0,9.0,10.0,11.0,9.0,10.0,9.0,9.0,9.0,9.0,10.0,9.0,10.0,11.0,9.0,4.0,9.0,5.0,6.0,8.0,8.0,9.0,8.0,9.0,5.0,6.0,5.0,5.0,5.0,9.0,10.0,10.0,9.0,9.0
ODO-0C-A154,8.0,8.0,9.0,7.0,6.0,7.0,9.0,8.0,8.0,8.0,9.0,8.0,8.0,8.0,8.0,8.0,9.0,7.0,8.0,8.0,8.0,8.0,8.0,8.0,8.0,8.0,8.0,8.0,8.0,8.0,8.0,7.0,7.0,7.0,8.0,7.0,7.0,7.0,7.0,7.0,7.0,7.0,7.0,7.0,7.0,7.0,7.0,7.0,7.0,7.0,7.0,8.0,8.0,8.0,8.0,6.0,6.0,5.0,8.0,7.0,4.0,8.0,3.0,3.0,3.0,1.0,3.0,3.0,2.0,8.0,8.0,8.0,8.0,7.0,7.0,6.0,7.0,6.0,8.0,8.0,8.0,8.0,8.0,8.0,8.0,5.0,4.0,4.0,8.0,8.0,8.0,8.0,6.0,6.0,6.0,6.0,5.0,6.0,6.0,4.0,4.0,4.0,5.0,4.0,8.0,8.0,8.0,8.0,7.0,7.0,7.0,4.0,4.0,4.0,4.0,4.0,4.0,4.0,4.0,8.0,8.0,8.0,8.0,9.0,8.0,8.0,3.0,2.0,3.0,0.0,2.0,3.0,2.0,2.0,5.0,5.0,5.0,5.0,4.0,4.0,4.0,5.0,4.0,4.0,8.0,9.0,10.0,8.0,9.0,8.0,8.0,8.0,8.0,9.0,8.0,9.0,10.0,8.0,3.0,8.0,4.0,5.0,7.0,7.0,8.0,7.0,8.0,4.0,5.0,4.0,4.0,4.0,8.0,9.0,9.0,8.0,8.0
ODO-0C-A53,8.0,8.0,9.0,7.0,6.0,7.0,9.0,8.0,8.0,8.0,9.0,8.0,8.0,8.0,8.0,8.0,9.0,7.0,8.0,8.0,8.0,8.0,8.0,8.0,8.0,8.0,8.0,8.0,8.0,8.0,8.0,7.0,7.0,7.0,8.0,7.0,7.0,7.0,7.0,7.0,7.0,7.0,7.0,7.0,7.0,7.0,7.0,7.0,7.0,7.0,7.0,8.0,8.0,8.0,8.0,6.0,6.0,5.0,8.0,7.0,4.0,8.0,3.0,3.0,3.0,1.0,3.0,3.0,2.0,8.0,8.0,8.0,8.0,7.0,7.0,6.0,7.0,6.0,8.0,8.0,8.0,8.0,8.0,8.0,8.0,5.0,4.0,4.0,8.0,8.0,8.0,8.0,6.0,6.0,6.0,6.0,5.0,6.0,6.0,4.0,4.0,4.0,5.0,4.0,8.0,8.0,8.0,8.0,7.0,7.0,7.0,4.0,4.0,4.0,4.0,4.0,4.0,4.0,4.0,8.0,8.0,8.0,8.0,9.0,8.0,8.0,3.0,2.0,1.0,2.0,0.0,1.0,2.0,2.0,5.0,5.0,5.0,5.0,4.0,4.0,4.0,5.0,4.0,4.0,8.0,9.0,10.0,8.0,9.0,8.0,8.0,8.0,8.0,9.0,8.0,9.0,10.0,8.0,3.0,8.0,4.0,5.0,7.0,7.0,8.0,7.0,8.0,4.0,5.0,4.0,4.0,4.0,8.0,9.0,9.0,8.0,8.0
ODO-0C-A54,9.0,9.0,10.0,8.0,7.0,8.0,10.0,9.0,9.0,9.0,10.0,9.0,9.0,9.0,9.0,9.0,10.0,8.0,9.0,9.0,9.0,9.0,9.0,9.0,9.0,9.0,9.0,9.0,9.0,9.0,9.0,8.0,8.0,8.0,9.0,8.0,8.0,8.0,8.0,8.0,8.0,8.0,8.0,8.0,8.0,8.0,8.0,8.0,8.0,8.0,8.0,9.0,9.0,9.0,9.0,7.0,7.0,6.0,9.0,8.0,5.0,9.0,4.0,4.0,4.0,2.0,4.0,4.0,3.0,9.0,9.0,9.0,9.0,8.0,8.0,7.0,8.0,7.0,9.0,9.0,9.0,9.0,9.0,9.0,9.0,6.0,5.0,5.0,9.0,9.0,9.0,9.0,7.0,7.0,7.0,7.0,6.0,7.0,7.0,5.0,5.0,5.0,6.0,5.0,9.0,9.0,9.0,9.0,8.0,8.0,8.0,5.0,5.0,5.0,5.0,5.0,5.0,5.0,5.0,9.0,9.0,9.0,9.0,10.0,9.0,9.0,4.0,3.0,2.0,3.0,1.0,0.0,3.0,3.0,6.0,6.0,6.0,6.0,5.0,5.0,5.0,6.0,5.0,5.0,9.0,10.0,11.0,9.0,10.0,9.0,9.0,9.0,9.0,10.0,9.0,10.0,11.0,9.0,4.0,9.0,5.0,6.0,8.0,8.0,9.0,8.0,9.0,5.0,6.0,5.0,5.0,5.0,9.0,10.0,10.0,9.0,9.0
ODO-1A-A151,8.0,8.0,9.0,7.0,6.0,7.0,9.0,8.0,8.0,8.0,9.0,8.0,8.0,8.0,8.0,8.0,9.0,7.0,8.0,8.0,8.0,8.0,8.0,8.0,8.0,8.0,8.0,8.0,8.0,8.0,8.0,7.0,7.0,7.0,8.0,7.0,7.0,7.0,7.0,7.0,7.0,7.0,7.0,7.0,7.0,7.0,7.0,7.0,7.0,7.0,7.0,8.0,8.0,8.0,8.0,6.0,6.0,5.0,8.0,7.0,4.0,8.0,3.0,3.0,3.0,1.0,3.0,3.0,2.0,8.0,8.0,8.0,8.0,7.0,7.0,6.0,7.0,6.0,8.0,8.0,8.0,8.0,8.0,8.0,8.0,5.0,4.0,4.0,8.0,8.0,8.0,8.0,6.0,6.0,6.0,6.0,5.0,6.0,6.0,4.0,4.0,4.0,5.0,4.0,8.0,8.0,8.0,8.0,7.0,7.0,7.0,4.0,4.0,4.0,4.0,4.0,4.0,4.0,4.0,8.0,8.0,8.0,8.0,9.0,8.0,8.0,3.0,2.0,3.0,2.0,2.0,3.0,0.0,2.0,5.0,5.0,5.0,5.0,4.0,4.0,4.0,5.0,4.0,4.0,8.0,9.0,10.0,8.0,9.0,8.0,8.0,8.0,8.0,9.0,8.0,9.0,10.0,8.0,3.0,8.0,4.0,5.0,7.0,7.0,8.0,7.0,8.0,4.0,5.0,4.0,4.0,4.0,8.0,9.0,9.0,8.0,8.0
ODO-1A-A51,8.0,8.0,9.0,7.0,6.0,7.0,9.0,8.0,8.0,8.0,9.0,8.0,8.0,8.0,8.0,8.0,9.0,7.0,8.0,8.0,8.0,8.0,8.0,8.0,8.0,8.0,8.0,8.0,8.0,8.0,8.0,7.0,7.0,7.0,8.0,7.0,7.0,7.0,7.0,7.0,7.0,7.0,7.0,7.0,7.0,7.0,7.0,7.0,7.0,7.0,7.0,8.0,8.0,8.0,8.0,6.0,6.0,5.0,8.0,7.0,4.0,8.0,3.0,3.0,3.0,1.0,3.0,3.0,2.0,8.0,8.0,8.0,8.0,7.0,7.0,6.0,7.0,6.0,8.0,8.0,8.0,8.0,8.0,8.0,8.0,5.0,4.0,4.0,8.0,8.0,8.0,8.0,6.0,6.0,6.0,6.0,5.0,6.0,6.0,4.0,4.0,4.0,5.0,4.0,8.0,8.0,8.0,8.0,7.0,7.0,7.0,4.0,4.0,4.0,4.0,4.0,4.0,4.0,4.0,8.0,8.0,8.0,8.0,9.0,8.0,8.0,3.0,2.0,3.0,2.0,2.0,3.0,2.0,0.0,5.0,5.0,5.0,5.0,4.0,4.0,4.0,5.0,4.0,4.0,8.0,9.0,10.0,8.0,9.0,8.0,8.0,8.0,8.0,9.0,8.0,9.0,10.0,8.0,3.0,8.0,4.0,5.0,7.0,7.0,8.0,7.0,8.0,4.0,5.0,4.0,4.0,4.0,8.0,9.0,9.0,8.0,8.0
PE1-BALZAY,4.0,4.0,5.0,4.0,3.0,4.0,5.0,4.0,4.0,4.0,5.0,4.0,4.0,4.0,4.0,4.0,5.0,4.0,4.0,4.0,4.0,4.0,4.0,4.0,4.0,4.0,4.0,4.0,4.0,4.0,4.0,3.0,3.0,3.0,4.0,4.0,4.0,3.0,3.0,3.0,3.0,3.0,3.0,3.0,3.0,3.0,3.0,3.0,3.0,3.0,3.0,4.0,4.0,4.0,4.0,3.0,3.0,2.0,4.0,4.0,5.0,4.0,4.0,4.0,4.0,4.0,4.0,4.0,3.0,4.0,4.0,4.0,4.0,4.0,3.0,2.0,2.0,2.0,4.0,4.0,4.0,4.0,4.0,4.0,4.0,6.0,5.0,5.0,4.0,4.0,4.0,4.0,1.0,2.0,3.0,3.0,2.0,3.0,3.0,1.0,5.0,5.0,6.0,5.0,4.0,4.0,4.0,4.0,4.0,4.0,4.0,5.0,5.0,5.0,5.0,5.0,5.0,5.0,5.0,4.0,4.0,4.0,4.0,5.0,4.0,4.0,6.0,5.0,6.0,5.0,5.0,6.0,5.0,5.0,0.0,2.0,1.0,1.0,5.0,5.0,5.0,6.0,5.0,5.0,4.0,5.0,6.0,4.0,5.0,4.0,4.0,4.0,4.0,5.0,4.0,5.0,6.0,4.0,2.0,4.0,2.0,2.0,3.0,3.0,4.0,4.0,4.0,5.0,6.0,5.0,5.0,5.0,4.0,5.0,5.0,4.0,4.0
PE1-CENTRAL,4.0,4.0,5.0,3.0,2.0,3.0,5.0,4.0,4.0,4.0,5.0,4.0,4.0,4.0,4.0,4.0,5.0,3.0,4.0,4.0,4.0,4.0,4.0,4.0,4.0,4.0,4.0,4.0,4.0,4.0,4.0,3.0,3.0,3.0,4.0,3.0,3.0,3.0,3.0,3.0,3.0,3.0,3.0,3.0,3.0,3.0,3.0,3.0,3.0,3.0,3.0,4.0,4.0,4.0,4.0,3.0,3.0,2.0,4.0,3.0,5.0,4.0,4.0,4.0,4.0,4.0,4.0,4.0,3.0,4.0,4.0,4.0,4.0,3.0,2.0,2.0,3.0,2.0,4.0,4.0,4.0,4.0,4.0,4.0,4.0,6.0,5.0,5.0,4.0,4.0,4.0,4.0,2.0,1.0,3.0,3.0,2.0,3.0,3.0,1.0,5.0,5.0,6.0,5.0,4.0,4.0,4.0,4.0,3.0,3.0,3.0,5.0,5.0,5.0,5.0,5.0,5.0,5.0,5.0,4.0,4.0,4.0,4.0,5.0,4.0,4.0,6.0,5.0,6.0,5.0,5.0,6.0,5.0,5.0,2.0,0.0,1.0,1.0,5.0,5.0,5.0,6.0,5.0,5.0,4.0,5.0,6.0,4.0,5.0,4.0,4.0,4.0,4.0,5.0,4.0,5.0,6.0,4.0,2.0,4.0,2.0,1.0,3.0,3.0,3.0,3.0,4.0,5.0,6.0,5.0,5.0,5.0,4.0,5.0,5.0,4.0,4.0
PE2-BALZAY,5.0,5.0,6.0,4.0,3.0,4.0,6.0,5.0,5.0,5.0,6.0,5.0,5.0,5.0,5.0,5.0,6.0,4.0,3.0,3.0,3.0,3.0,3.0,3.0,3.0,3.0,3.0,3.0,3.0,3.0,3.0,2.0,2.0,2.0,3.0,4.0,4.0,2.0,4.0,4.0,4.0,4.0,4.0,4.0,4.0,4.0,4.0,4.0,4.0,4.0,4.0,5.0,5.0,5.0,5.0,3.0,3.0,2.0,3.0,4.0,5.0,5.0,4.0,4.0,4.0,4.0,4.0,4.0,3.0,5.0,3.0,3.0,3.0,4.0,3.0,3.0,2.0,1.0,3.0,3.0,3.0,5.0,5.0,5.0,5.0,6.0,5.0,5.0,5.0,5.0,5.0,5.0,1.0,2.0,3.0,3.0,2.0,3.0,3.0,1.0,5.0,5.0,6.0,5.0,5.0,5.0,5.0,5.0,4.0,4.0,4.0,5.0,5.0,5.0,5.0,5.0,5.0,5.0,5.0,3.0,5.0,5.0,5.0,6.0,5.0,5.0,6.0,5.0,6.0,5.0,5.0,6.0,5.0,5.0,1.0,1.0,0.0,2.0,5.0,5.0,5.0,6.0,5.0,5.0,5.0,6.0,7.0,5.0,6.0,5.0,5.0,5.0,5.0,6.0,5.0,4.0,5.0,3.0,2.0,3.0,3.0,2.0,2.0,4.0,4.0,4.0,5.0,5.0,6.0,5.0,5.0,5.0,5.0,6.0,6.0,5.0,3.0
PE2-CENTRAL,3.0,3.0,4.0,4.0,3.0,4.0,4.0,3.0,3.0,3.0,4.0,3.0,3.0,3.0,3.0,3.0,4.0,4.0,5.0,5.0,5.0,5.0,5.0,5.0,5.0,5.0,5.0,5.0,5.0,5.0,5.0,4.0,4.0,4.0,5.0,4.0,4.0,4.0,2.0,2.0,2.0,2.0,2.0,2.0,2.0,2.0,2.0,2.0,2.0,2.0,2.0,3.0,3.0,3.0,3.0,3.0,3.0,2.0,5.0,4.0,5.0,3.0,4.0,4.0,4.0,4.0,4.0,4.0,3.0,3.0,5.0,5.0,5.0,4.0,2.0,1.0,3.0,3.0,5.0,5.0,5.0,3.0,3.0,3.0,3.0,6.0,5.0,5.0,3.0,3.0,3.0,3.0,2.0,1.0,3.0,3.0,2.0,3.0,3.0,1.0,5.0,5.0,6.0,5.0,3.0,3.0,3.0,3.0,4.0,4.0,4.0,5.0,5.0,5.0,5.0,5.0,5.0,5.0,5.0,5.0,3.0,3.0,3.0,4.0,3.0,3.0,6.0,5.0,6.0,5.0,5.0,6.0,5.0,5.0,1.0,1.0,2.0,0.0,5.0,5.0,5.0,6.0,5.0,5.0,3.0,4.0,5.0,3.0,4.0,3.0,3.0,3.0,3.0,4.0,3.0,6.0,7.0,3.0,2.0,4.0,1.0,2.0,4.0,2.0,3.0,4.0,3.0,5.0,6.0,5.0,5.0,5.0,3.0,4.0,4.0,3.0,5.0
POS-0A-A131,8.0,8.0,9.0,7.0,6.0,7.0,9.0,8.0,8.0,8.0,9.0,8.0,8.0,8.0,8.0,8.0,9.0,7.0,8.0,8.0,8.0,8.0,8.0,8.0,8.0,8.0,8.0,8.0,8.0,8.0,8.0,7.0,7.0,7.0,8.0,7.0,7.0,7.0,7.0,7.0,7.0,7.0,7.0,7.0,7.0,7.0,7.0,7.0,7.0,7.0,7.0,8.0,8.0,8.0,8.0,6.0,6.0,5.0,8.0,7.0,4.0,8.0,3.0,3.0,3.0,3.0,1.0,3.0,2.0,8.0,8.0,8.0,8.0,7.0,7.0,6.0,7.0,6.0,8.0,8.0,8.0,8.0,8.0,8.0,8.0,5.0,4.0,4.0,8.0,8.0,8.0,8.0,6.0,6.0,6.0,6.0,5.0,6.0,6.0,4.0,4.0,4.0,5.0,4.0,8.0,8.0,8.0,8.0,7.0,7.0,7.0,4.0,4.0,4.0,4.0,4.0,4.0,4.0,4.0,8.0,8.0,8.0,8.0,9.0,8.0,8.0,5.0,4.0,5.0,4.0,4.0,5.0,4.0,4.0,5.0,5.0,5.0,5.0,0.0,2.0,2.0,3.0,2.0,2.0,8.0,9.0,10.0,8.0,9.0,8.0,8.0,8.0,8.0,9.0,8.0,9.0,10.0,8.0,3.0,8.0,4.0,5.0,7.0,7.0,8.0,7.0,8.0,4.0,5.0,4.0,4.0,4.0,8.0,9.0,9.0,8.0,8.0
POS-0A-A31,8.0,8.0,9.0,7.0,6.0,7.0,9.0,8.0,8.0,8.0,9.0,8.0,8.0,8.0,8.0,8.0,9.0,7.0,8.0,8.0,8.0,8.0,8.0,8.0,8.0,8.0,8.0,8.0,8.0,8.0,8.0,7.0,7.0,7.0,8.0,7.0,7.0,7.0,7.0,7.0,7.0,7.0,7.0,7.0,7.0,7.0,7.0,7.0,7.0,7.0,7.0,8.0,8.0,8.0,8.0,6.0,6.0,5.0,8.0,7.0,4.0,8.0,3.0,3.0,3.0,3.0,1.0,3.0,2.0,8.0,8.0,8.0,8.0,7.0,7.0,6.0,7.0,6.0,8.0,8.0,8.0,8.0,8.0,8.0,8.0,5.0,4.0,4.0,8.0,8.0,8.0,8.0,6.0,6.0,6.0,6.0,5.0,6.0,6.0,4.0,4.0,4.0,5.0,4.0,8.0,8.0,8.0,8.0,7.0,7.0,7.0,4.0,4.0,4.0,4.0,4.0,4.0,4.0,4.0,8.0,8.0,8.0,8.0,9.0,8.0,8.0,5.0,4.0,5.0,4.0,4.0,5.0,4.0,4.0,5.0,5.0,5.0,5.0,2.0,0.0,2.0,3.0,2.0,2.0,8.0,9.0,10.0,8.0,9.0,8.0,8.0,8.0,8.0,9.0,8.0,9.0,10.0,8.0,3.0,8.0,4.0,5.0,7.0,7.0,8.0,7.0,8.0,4.0,5.0,4.0,4.0,4.0,8.0,9.0,9.0,8.0,8.0
POS-1B-A32,8.0,8.0,9.0,7.0,6.0,7.0,9.0,8.0,8.0,8.0,9.0,8.0,8.0,8.0,8.0,8.0,9.0,7.0,8.0,8.0,8.0,8.0,8.0,8.0,8.0,8.0,8.0,8.0,8.0,8.0,8.0,7.0,7.0,7.0,8.0,7.0,7.0,7.0,7.0,7.0,7.0,7.0,7.0,7.0,7.0,7.0,7.0,7.0,7.0,7.0,7.0,8.0,8.0,8.0,8.0,6.0,6.0,5.0,8.0,7.0,4.0,8.0,3.0,3.0,3.0,3.0,1.0,3.0,2.0,8.0,8.0,8.0,8.0,7.0,7.0,6.0,7.0,6.0,8.0,8.0,8.0,8.0,8.0,8.0,8.0,5.0,4.0,4.0,8.0,8.0,8.0,8.0,6.0,6.0,6.0,6.0,5.0,6.0,6.0,4.0,4.0,4.0,5.0,4.0,8.0,8.0,8.0,8.0,7.0,7.0,7.0,4.0,4.0,4.0,4.0,4.0,4.0,4.0,4.0,8.0,8.0,8.0,8.0,9.0,8.0,8.0,5.0,4.0,5.0,4.0,4.0,5.0,4.0,4.0,5.0,5.0,5.0,5.0,2.0,2.0,0.0,3.0,2.0,2.0,8.0,9.0,10.0,8.0,9.0,8.0,8.0,8.0,8.0,9.0,8.0,9.0,10.0,8.0,3.0,8.0,4.0,5.0,7.0,7.0,8.0,7.0,8.0,4.0,5.0,4.0,4.0,4.0,8.0,9.0,9.0,8.0,8.0
POS-2C-A133,9.0,9.0,10.0,8.0,7.0,8.0,10.0,9.0,9.0,9.0,10.0,9.0,9.0,9.0,9.0,9.0,10.0,8.0,9.0,9.0,9.0,9.0,9.0,9.0,9.0,9.0,9.0,9.0,9.0,9.0,9.0,8.0,8.0,8.0,9.0,8.0,8.0,8.0,8.0,8.0,8.0,8.0,8.0,8.0,8.0,8.0,8.0,8.0,8.0,8.0,8.0,9.0,9.0,9.0,9.0,7.0,7.0,6.0,9.0,8.0,5.0,9.0,4.0,4.0,4.0,4.0,2.0,4.0,3.0,9.0,9.0,9.0,9.0,8.0,8.0,7.0,8.0,7.0,9.0,9.0,9.0,9.0,9.0,9.0,9.0,6.0,5.0,5.0,9.0,9.0,9.0,9.0,7.0,7.0,7.0,7.0,6.0,7.0,7.0,5.0,5.0,5.0,6.0,5.0,9.0,9.0,9.0,9.0,8.0,8.0,8.0,5.0,5.0,5.0,5.0,5.0,5.0,5.0,5.0,9.0,9.0,9.0,9.0,10.0,9.0,9.0,6.0,5.0,6.0,5.0,5.0,6.0,5.0,5.0,6.0,6.0,6.0,6.0,3.0,3.0,3.0,0.0,1.0,3.0,9.0,10.0,11.0,9.0,10.0,9.0,9.0,9.0,9.0,10.0,9.0,10.0,11.0,9.0,4.0,9.0,5.0,6.0,8.0,8.0,9.0,8.0,9.0,5.0,6.0,5.0,5.0,5.0,9.0,10.0,10.0,9.0,9.0
POS-2C-A33,8.0,8.0,9.0,7.0,6.0,7.0,9.0,8.0,8.0,8.0,9.0,8.0,8.0,8.0,8.0,8.0,9.0,7.0,8.0,8.0,8.0,8.0,8.0,8.0,8.0,8.0,8.0,8.0,8.0,8.0,8.0,7.0,7.0,7.0,8.0,7.0,7.0,7.0,7.0,7.0,7.0,7.0,7.0,7.0,7.0,7.0,7.0,7.0,7.0,7.0,7.0,8.0,8.0,8.0,8.0,6.0,6.0,5.0,8.0,7.0,4.0,8.0,3.0,3.0,3.0,3.0,1.0,3.0,2.0,8.0,8.0,8.0,8.0,7.0,7.0,6.0,7.0,6.0,8.0,8.0,8.0,8.0,8.0,8.0,8.0,5.0,4.0,4.0,8.0,8.0,8.0,8.0,6.0,6.0,6.0,6.0,5.0,6.0,6.0,4.0,4.0,4.0,5.0,4.0,8.0,8.0,8.0,8.0,7.0,7.0,7.0,4.0,4.0,4.0,4.0,4.0,4.0,4.0,4.0,8.0,8.0,8.0,8.0,9.0,8.0,8.0,5.0,4.0,5.0,4.0,4.0,5.0,4.0,4.0,5.0,5.0,5.0,5.0,2.0,2.0,2.0,1.0,0.0,2.0,8.0,9.0,10.0,8.0,9.0,8.0,8.0,8.0,8.0,9.0,8.0,9.0,10.0,8.0,3.0,8.0,4.0,5.0,7.0,7.0,8.0,7.0,8.0,4.0,5.0,4.0,4.0,4.0,8.0,9.0,9.0,8.0,8.0
POSLAB-0D-A34,8.0,8.0,9.0,7.0,6.0,7.0,9.0,8.0,8.0,8.0,9.0,8.0,8.0,8.0,8.0,8.0,9.0,7.0,8.0,8.0,8.0,8.0,8.0,8.0,8.0,8.0,8.0,8.0,8.0,8.0,8.0,7.0,7.0,7.0,8.0,7.0,7.0,7.0,7.0,7.0,7.0,7.0,7.0,7.0,7.0,7.0,7.0,7.0,7.0,7.0,7.0,8.0,8.0,8.0,8.0,6.0,6.0,5.0,8.0,7.0,4.0,8.0,3.0,3.0,3.0,3.0,1.0,3.0,2.0,8.0,8.0,8.0,8.0,7.0,7.0,6.0,7.0,6.0,8.0,8.0,8.0,8.0,8.0,8.0,8.0,5.0,4.0,4.0,8.0,8.0,8.0,8.0,6.0,6.0,6.0,6.0,5.0,6.0,6.0,4.0,4.0,4.0,5.0,4.0,8.0,8.0,8.0,8.0,7.0,7.0,7.0,4.0,4.0,4.0,4.0,4.0,4.0,4.0,4.0,8.0,8.0,8.0,8.0,9.0,8.0,8.0,5.0,4.0,5.0,4.0,4.0,5.0,4.0,4.0,5.0,5.0,5.0,5.0,2.0,2.0,2.0,3.0,2.0,0.0,8.0,9.0,10.0,8.0,9.0,8.0,8.0,8.0,8.0,9.0,8.0,9.0,10.0,8.0,3.0,8.0,4.0,5.0,7.0,7.0,8.0,7.0,8.0,4.0,5.0,4.0,4.0,4.0,8.0,9.0,9.0,8.0,8.0
POST-1A-A64,4.0,4.0,5.0,7.0,6.0,7.0,5.0,4.0,4.0,4.0,5.0,4.0,4.0,4.0,4.0,4.0,5.0,7.0,7.0,7.0,7.0,7.0,7.0,7.0,7.0,7.0,7.0,7.0,7.0,7.0,7.0,6.0,6.0,6.0,7.0,7.0,7.0,6.0,3.0,3.0,3.0,3.0,3.0,3.0,1.0,3.0,3.0,3.0,3.0,3.0,3.0,4.0,4.0,4.0,4.0,6.0,6.0,5.0,7.0,7.0,8.0,4.0,7.0,7.0,7.0,7.0,7.0,7.0,6.0,4.0,7.0,7.0,7.0,7.0,2.0,2.0,5.0,5.0,7.0,7.0,7.0,4.0,4.0,4.0,4.0,9.0,8.0,8.0,2.0,2.0,4.0,4.0,4.0,3.0,6.0,6.0,5.0,6.0,6.0,4.0,8.0,8.0,9.0,8.0,4.0,4.0,4.0,4.0,7.0,7.0,7.0,8.0,8.0,8.0,8.0,8.0,8.0,8.0,8.0,7.0,4.0,4.0,4.0,5.0,4.0,4.0,9.0,8.0,9.0,8.0,8.0,9.0,8.0,8.0,4.0,4.0,5.0,3.0,8.0,8.0,8.0,9.0,8.0,8.0,0.0,1.0,2.0,4.0,5.0,4.0,4.0,4.0,4.0,5.0,4.0,8.0,9.0,4.0,5.0,4.0,4.0,5.0,5.0,3.0,3.0,7.0,4.0,8.0,9.0,8.0,8.0,8.0,4.0,5.0,5.0,4.0,7.0
POST-1A-A65,5.0,5.0,6.0,8.0,7.0,8.0,6.0,5.0,5.0,5.0,6.0,5.0,5.0,5.0,5.0,5.0,6.0,8.0,8.0,8.0,8.0,8.0,8.0,8.0,8.0,8.0,8.0,8.0,8.0,8.0,8.0,7.0,7.0,7.0,8.0,8.0,8.0,7.0,4.0,4.0,4.0,4.0,4.0,4.0,2.0,4.0,4.0,4.0,4.0,4.0,4.0,5.0,5.0,5.0,5.0,7.0,7.0,6.0,8.0,8.0,9.0,5.0,8.0,8.0,8.0,8.0,8.0,8.0,7.0,5.0,8.0,8.0,8.0,8.0,3.0,3.0,6.0,6.0,8.0,8.0,8.0,5.0,5.0,5.0,5.0,10.0,9.0,9.0,3.0,3.0,5.0,5.0,5.0,4.0,7.0,7.0,6.0,7.0,7.0,5.0,9.0,9.0,10.0,9.0,5.0,5.0,5.0,5.0,8.0,8.0,8.0,9.0,9.0,9.0,9.0,9.0,9.0,9.0,9.0,8.0,5.0,5.0,5.0,6.0,5.0,5.0,10.0,9.0,10.0,9.0,9.0,10.0,9.0,9.0,5.0,5.0,6.0,4.0,9.0,9.0,9.0,10.0,9.0,9.0,1.0,0.0,1.0,5.0,6.0,5.0,5.0,5.0,5.0,6.0,5.0,9.0,10.0,5.0,6.0,5.0,5.0,6.0,6.0,4.0,4.0,8.0,5.0,9.0,10.0,9.0,9.0,9.0,5.0,6.0,6.0,5.0,8.0
POST-2A-A66,6.0,6.0,7.0,9.0,8.0,9.0,7.0,6.0,6.0,6.0,7.0,6.0,6.0,6.0,6.0,6.0,7.0,9.0,9.0,9.0,9.0,9.0,9.0,9.0,9.0,9.0,9.0,9.0,9.0,9.0,9.0,8.0,8.0,8.0,9.0,9.0,9.0,8.0,5.0,5.0,5.0,5.0,5.0,5.0,3.0,5.0,5.0,5.0,5.0,5.0,5.0,6.0,6.0,6.0,6.0,8.0,8.0,7.0,9.0,9.0,10.0,6.0,9.0,9.0,9.0,9.0,9.0,9.0,8.0,6.0,9.0,9.0,9.0,9.0,4.0,4.0,7.0,7.0,9.0,9.0,9.0,6.0,6.0,6.0,6.0,11.0,10.0,10.0,4.0,4.0,6.0,6.0,6.0,5.0,8.0,8.0,7.0,8.0,8.0,6.0,10.0,10.0,11.0,10.0,6.0,6.0,6.0,6.0,9.0,9.0,9.0,10.0,10.0,10.0,10.0,10.0,10.0,10.0,10.0,9.0,6.0,6.0,6.0,7.0,6.0,6.0,11.0,10.0,11.0,10.0,10.0,11.0,10.0,10.0,6.0,6.0,7.0,5.0,10.0,10.0,10.0,11.0,10.0,10.0,2.0,1.0,0.0,6.0,7.0,6.0,6.0,6.0,6.0,7.0,6.0,10.0,11.0,6.0,7.0,6.0,6.0,7.0,7.0,5.0,5.0,9.0,6.0,10.0,11.0,10.0,10.0,10.0,6.0,7.0,7.0,6.0,9.0
PRO-1A-A73,4.0,4.0,5.0,7.0,6.0,7.0,5.0,4.0,4.0,4.0,5.0,4.0,4.0,4.0,4.0,4.0,5.0,7.0,7.0,7.0,7.0,7.0,7.0,7.0,7.0,7.0,7.0,7.0,7.0,7.0,7.0,6.0,6.0,6.0,7.0,7.0,7.0,6.0,3.0,3.0,3.0,3.0,3.0,3.0,3.0,3.0,3.0,3.0,1.0,3.0,3.0,4.0,4.0,4.0,4.0,6.0,6.0,5.0,7.0,7.0,8.0,4.0,7.0,7.0,7.0,7.0,7.0,7.0,6.0,2.0,7.0,7.0,7.0,7.0,2.0,2.0,5.0,5.0,7.0,7.0,7.0,4.0,4.0,4.0,4.0,9.0,8.0,8.0,4.0,4.0,4.0,4.0,4.0,3.0,6.0,6.0,5.0,6.0,6.0,4.0,8.0,8.0,9.0,8.0,4.0,4.0,4.0,4.0,7.0,7.0,7.0,8.0,8.0,8.0,8.0,8.0,8.0,8.0,8.0,7.0,4.0,4.0,4.0,5.0,4.0,4.0,9.0,8.0,9.0,8.0,8.0,9.0,8.0,8.0,4.0,4.0,5.0,3.0,8.0,8.0,8.0,9.0,8.0,8.0,4.0,5.0,6.0,0.0,1.0,4.0,4.0,4.0,4.0,5.0,4.0,8.0,9.0,4.0,5.0,4.0,4.0,5.0,5.0,3.0,3.0,7.0,4.0,8.0,9.0,8.0,8.0,8.0,4.0,5.0,5.0,4.0,7.0
PRO-3A-A74,5.0,5.0,6.0,8.0,7.0,8.0,6.0,5.0,5.0,5.0,6.0,5.0,5.0,5.0,5.0,5.0,6.0,8.0,8.0,8.0,8.0,8.0,8.0,8.0,8.0,8.0,8.0,8.0,8.0,8.0,8.0,7.0,7.0,7.0,8.0,8.0,8.0,7.0,4.0,4.0,4.0,4.0,4.0,4.0,4.0,4.0,4.0,4.0,2.0,4.0,4.0,5.0,5.0,5.0,5.0,7.0,7.0,6.0,8.0,8.0,9.0,5.0,8.0,8.0,8.0,8.0,8.0,8.0,7.0,3.0,8.0,8.0,8.0,8.0,3.0,3.0,6.0,6.0,8.0,8.0,8.0,5.0,5.0,5.0,5.0,10.0,9.0,9.0,5.0,5.0,5.0,5.0,5.0,4.0,7.0,7.0,6.0,7.0,7.0,5.0,9.0,9.0,10.0,9.0,5.0,5.0,5.0,5.0,8.0,8.0,8.0,9.0,9.0,9.0,9.0,9.0,9.0,9.0,9.0,8.0,5.0,5.0,5.0,6.0,5.0,5.0,10.0,9.0,10.0,9.0,9.0,10.0,9.0,9.0,5.0,5.0,6.0,4.0,9.0,9.0,9.0,10.0,9.0,9.0,5.0,6.0,7.0,1.0,0.0,5.0,5.0,5.0,5.0,6.0,5.0,9.0,10.0,5.0,6.0,5.0,5.0,6.0,6.0,4.0,4.0,8.0,5.0,9.0,10.0,9.0,9.0,9.0,5.0,6.0,6.0,5.0,8.0
PSIC-1A-A53,4.0,4.0,5.0,7.0,6.0,7.0,5.0,4.0,4.0,4.0,5.0,4.0,4.0,4.0,4.0,4.0,5.0,7.0,7.0,7.0,7.0,7.0,7.0,7.0,7.0,7.0,7.0,7.0,7.0,7.0,7.0,6.0,6.0,6.0,7.0,7.0,7.0,6.0,3.0,3.0,3.0,3.0,3.0,3.0,3.0,3.0,3.0,3.0,3.0,1.0,3.0,4.0,4.0,4.0,4.0,6.0,6.0,5.0,7.0,7.0,8.0,4.0,7.0,7.0,7.0,7.0,7.0,7.0,6.0,4.0,7.0,7.0,7.0,7.0,2.0,2.0,5.0,5.0,7.0,7.0,7.0,4.0,4.0,4.0,4.0,9.0,8.0,8.0,4.0,4.0,4.0,4.0,4.0,3.0,6.0,6.0,5.0,6.0,6.0,4.0,8.0,8.0,9.0,8.0,4.0,4.0,4.0,4.0,7.0,7.0,7.0,8.0,8.0,8.0,8.0,8.0,8.0,8.0,8.0,7.0,4.0,4.0,4.0,5.0,4.0,4.0,9.0,8.0,9.0,8.0,8.0,9.0,8.0,8.0,4.0,4.0,5.0,3.0,8.0,8.0,8.0,9.0,8.0,8.0,4.0,5.0,6.0,4.0,5.0,0.0,2.0,4.0,4.0,5.0,4.0,8.0,9.0,4.0,5.0,4.0,4.0,5.0,5.0,3.0,3.0,7.0,4.0,8.0,9.0,8.0,8.0,8.0,4.0,5.0,5.0,4.0,7.0
PSIC-2B-A54,4.0,4.0,5.0,7.0,6.0,7.0,5.0,4.0,4.0,4.0,5.0,4.0,4.0,4.0,4.0,4.0,5.0,7.0,7.0,7.0,7.0,7.0,7.0,7.0,7.0,7.0,7.0,7.0,7.0,7.0,7.0,6.0,6.0,6.0,7.0,7.0,7.0,6.0,3.0,3.0,3.0,3.0,3.0,3.0,3.0,3.0,3.0,3.0,3.0,1.0,3.0,4.0,4.0,4.0,4.0,6.0,6.0,5.0,7.0,7.0,8.0,4.0,7.0,7.0,7.0,7.0,7.0,7.0,6.0,4.0,7.0,7.0,7.0,7.0,2.0,2.0,5.0,5.0,7.0,7.0,7.0,4.0,4.0,4.0,4.0,9.0,8.0,8.0,4.0,4.0,4.0,4.0,4.0,3.0,6.0,6.0,5.0,6.0,6.0,4.0,8.0,8.0,9.0,8.0,4.0,4.0,4.0,4.0,7.0,7.0,7.0,8.0,8.0,8.0,8.0,8.0,8.0,8.0,8.0,7.0,4.0,4.0,4.0,5.0,4.0,4.0,9.0,8.0,9.0,8.0,8.0,9.0,8.0,8.0,4.0,4.0,5.0,3.0,8.0,8.0,8.0,9.0,8.0,8.0,4.0,5.0,6.0,4.0,5.0,2.0,0.0,4.0,4.0,5.0,4.0,8.0,9.0,4.0,5.0,4.0,4.0,5.0,5.0,3.0,3.0,7.0,4.0,8.0,9.0,8.0,8.0,8.0,4.0,5.0,5.0,4.0,7.0
QUI-0A-A78,4.0,4.0,5.0,7.0,6.0,7.0,5.0,4.0,4.0,4.0,5.0,4.0,4.0,4.0,4.0,4.0,5.0,7.0,7.0,7.0,7.0,7.0,7.0,7.0,7.0,7.0,7.0,7.0,7.0,7.0,7.0,6.0,6.0,6.0,7.0,7.0,7.0,6.0,3.0,3.0,3.0,3.0,3.0,3.0,3.0,3.0,3.0,3.0,3.0,3.0,1.0,4.0,4.0,4.0,4.0,6.0,6.0,5.0,7.0,7.0,8.0,4.0,7.0,7.0,7.0,7.0,7.0,7.0,6.0,4.0,7.0,7.0,7.0,7.0,2.0,2.0,5.0,5.0,7.0,7.0,7.0,4.0,4.0,4.0,4.0,9.0,8.0,8.0,4.0,4.0,4.0,4.0,4.0,3.0,6.0,6.0,5.0,6.0,6.0,4.0,8.0,8.0,9.0,8.0,4.0,4.0,4.0,4.0,7.0,7.0,7.0,8.0,8.0,8.0,8.0,8.0,8.0,8.0,8.0,7.0,4.0,4.0,4.0,5.0,4.0,4.0,9.0,8.0,9.0,8.0,8.0,9.0,8.0,8.0,4.0,4.0,5.0,3.0,8.0,8.0,8.0,9.0,8.0,8.0,4.0,5.0,6.0,4.0,5.0,4.0,4.0,0.0,2.0,3.0,2.0,8.0,9.0,4.0,5.0,4.0,4.0,5.0,5.0,3.0,3.0,7.0,4.0,8.0,9.0,8.0,8.0,8.0,4.0,5.0,5.0,4.0,7.0
QUI-1A-A83,4.0,4.0,5.0,7.0,6.0,7.0,5.0,4.0,4.0,4.0,5.0,4.0,4.0,4.0,4.0,4.0,5.0,7.0,7.0,7.0,7.0,7.0,7.0,7.0,7.0,7.0,7.0,7.0,7.0,7.0,7.0,6.0,6.0,6.0,7.0,7.0,7.0,6.0,3.0,3.0,3.0,3.0,3.0,3.0,3.0,3.0,3.0,3.0,3.0,3.0,1.0,4.0,4.0,4.0,4.0,6.0,6.0,5.0,7.0,7.0,8.0,4.0,7.0,7.0,7.0,7.0,7.0,7.0,6.0,4.0,7.0,7.0,7.0,7.0,2.0,2.0,5.0,5.0,7.0,7.0,7.0,4.0,4.0,4.0,4.0,9.0,8.0,8.0,4.0,4.0,4.0,4.0,4.0,3.0,6.0,6.0,5.0,6.0,6.0,4.0,8.0,8.0,9.0,8.0,4.0,4.0,4.0,4.0,7.0,7.0,7.0,8.0,8.0,8.0,8.0,8.0,8.0,8.0,8.0,7.0,4.0,4.0,4.0,5.0,4.0,4.0,9.0,8.0,9.0,8.0,8.0,9.0,8.0,8.0,4.0,4.0,5.0,3.0,8.0,8.0,8.0,9.0,8.0,8.0,4.0,5.0,6.0,4.0,5.0,4.0,4.0,2.0,0.0,3.0,2.0,8.0,9.0,4.0,5.0,4.0,4.0,5.0,5.0,3.0,3.0,7.0,4.0,8.0,9.0,8.0,8.0,8.0,4.0,5.0,5.0,4.0,7.0
QUI-2A-A81,5.0,5.0,6.0,8.0,7.0,8.0,6.0,5.0,5.0,5.0,6.0,5.0,5.0,5.0,5.0,5.0,6.0,8.0,8.0,8.0,8.0,8.0,8.0,8.0,8.0,8.0,8.0,8.0,8.0,8.0,8.0,7.0,7.0,7.0,8.0,8.0,8.0,7.0,4.0,4.0,4.0,4.0,4.0,4.0,4.0,4.0,4.0,4.0,4.0,4.0,2.0,5.0,5.0,5.0,5.0,7.0,7.0,6.0,8.0,8.0,9.0,5.0,8.0,8.0,8.0,8.0,8.0,8.0,7.0,5.0,8.0,8.0,8.0,8.0,3.0,3.0,6.0,6.0,8.0,8.0,8.0,5.0,5.0,5.0,5.0,10.0,9.0,9.0,5.0,5.0,5.0,5.0,5.0,4.0,7.0,7.0,6.0,7.0,7.0,5.0,9.0,9.0,10.0,9.0,5.0,5.0,5.0,5.0,8.0,8.0,8.0,9.0,9.0,9.0,9.0,9.0,9.0,9.0,9.0,8.0,5.0,5.0,5.0,6.0,5.0,5.0,10.0,9.0,10.0,9.0,9.0,10.0,9.0,9.0,5.0,5.0,6.0,4.0,9.0,9.0,9.0,10.0,9.0,9.0,5.0,6.0,7.0,5.0,6.0,5.0,5.0,3.0,3.0,0.0,1.0,9.0,10.0,5.0,6.0,5.0,5.0,6.0,6.0,4.0,4.0,8.0,5.0,9.0,10.0,9.0,9.0,9.0,5.0,6.0,6.0,5.0,8.0
QUI-2A-A82,4.0,4.0,5.0,7.0,6.0,7.0,5.0,4.0,4.0,4.0,5.0,4.0,4.0,4.0,4.0,4.0,5.0,7.0,7.0,7.0,7.0,7.0,7.0,7.0,7.0,7.0,7.0,7.0,7.0,7.0,7.0,6.0,6.0,6.0,7.0,7.0,7.0,6.0,3.0,3.0,3.0,3.0,3.0,3.0,3.0,3.0,3.0,3.0,3.0,3.0,1.0,4.0,4.0,4.0,4.0,6.0,6.0,5.0,7.0,7.0,8.0,4.0,7.0,7.0,7.0,7.0,7.0,7.0,6.0,4.0,7.0,7.0,7.0,7.0,2.0,2.0,5.0,5.0,7.0,7.0,7.0,4.0,4.0,4.0,4.0,9.0,8.0,8.0,4.0,4.0,4.0,4.0,4.0,3.0,6.0,6.0,5.0,6.0,6.0,4.0,8.0,8.0,9.0,8.0,4.0,4.0,4.0,4.0,7.0,7.0,7.0,8.0,8.0,8.0,8.0,8.0,8.0,8.0,8.0,7.0,4.0,4.0,4.0,5.0,4.0,4.0,9.0,8.0,9.0,8.0,8.0,9.0,8.0,8.0,4.0,4.0,5.0,3.0,8.0,8.0,8.0,9.0,8.0,8.0,4.0,5.0,6.0,4.0,5.0,4.0,4.0,2.0,2.0,1.0,0.0,8.0,9.0,4.0,5.0,4.0,4.0,5.0,5.0,3.0,3.0,7.0,4.0,8.0,9.0,8.0,8.0,8.0,4.0,5.0,5.0,4.0,7.0
QUIN-1A-A117,8.0,8.0,9.0,8.0,7.0,8.0,9.0,8.0,8.0,8.0,9.0,8.0,8.0,8.0,8.0,8.0,9.0,8.0,5.0,5.0,5.0,5.0,5.0,5.0,5.0,5.0,5.0,5.0,5.0,5.0,5.0,4.0,4.0,4.0,1.0,8.0,8.0,2.0,7.0,7.0,7.0,7.0,7.0,7.0,7.0,7.0,7.0,7.0,7.0,7.0,7.0,8.0,8.0,8.0,8.0,7.0,7.0,6.0,5.0,8.0,9.0,8.0,8.0,8.0,8.0,8.0,8.0,8.0,7.0,8.0,5.0,5.0,5.0,8.0,6.0,6.0,3.0,3.0,3.0,3.0,3.0,8.0,8.0,8.0,8.0,10.0,9.0,9.0,8.0,8.0,8.0,8.0,4.0,5.0,7.0,7.0,6.0,7.0,7.0,5.0,9.0,9.0,10.0,9.0,8.0,8.0,8.0,8.0,8.0,8.0,8.0,9.0,9.0,9.0,9.0,9.0,9.0,9.0,9.0,5.0,8.0,8.0,8.0,9.0,8.0,8.0,10.0,9.0,10.0,9.0,9.0,10.0,9.0,9.0,5.0,5.0,4.0,6.0,9.0,9.0,9.0,10.0,9.0,9.0,8.0,9.0,10.0,8.0,9.0,8.0,8.0,8.0,8.0,9.0,8.0,0.0,1.0,5.0,6.0,5.0,7.0,6.0,4.0,6.0,6.0,8.0,8.0,9.0,10.0,9.0,9.0,9.0,8.0,9.0,9.0,8.0,5.0
QUIN-1A-A128,9.0,9.0,10.0,9.0,8.0,9.0,10.0,9.0,9.0,9.0,10.0,9.0,9.0,9.0,9.0,9.0,10.0,9.0,6.0,6.0,6.0,6.0,6.0,6.0,6.0,6.0,6.0,6.0,6.0,6.0,6.0,5.0,5.0,5.0,2.0,9.0,9.0,3.0,8.0,8.0,8.0,8.0,8.0,8.0,8.0,8.0,8.0,8.0,8.0,8.0,8.0,9.0,9.0,9.0,9.0,8.0,8.0,7.0,6.0,9.0,10.0,9.0,9.0,9.0,9.0,9.0,9.0,9.0,8.0,9.0,6.0,6.0,6.0,9.0,7.0,7.0,4.0,4.0,4.0,4.0,4.0,9.0,9.0,9.0,9.0,11.0,10.0,10.0,9.0,9.0,9.0,9.0,5.0,6.0,8.0,8.0,7.0,8.0,8.0,6.0,10.0,10.0,11.0,10.0,9.0,9.0,9.0,9.0,9.0,9.0,9.0,10.0,10.0,10.0,10.0,10.0,10.0,10.0,10.0,6.0,9.0,9.0,9.0,10.0,9.0,9.0,11.0,10.0,11.0,10.0,10.0,11.0,10.0,10.0,6.0,6.0,5.0,7.0,10.0,10.0,10.0,11.0,10.0,10.0,9.0,10.0,11.0,9.0,10.0,9.0,9.0,9.0,9.0,10.0,9.0,1.0,0.0,6.0,7.0,6.0,8.0,7.0,5.0,7.0,7.0,9.0,9.0,10.0,11.0,10.0,10.0,10.0,9.0,10.0,10.0,9.0,6.0
ROUTER-CAMPUS-CENTRO-HISTORICO,4.0,4.0,5.0,7.0,6.0,7.0,5.0,4.0,4.0,4.0,5.0,4.0,4.0,4.0,4.0,4.0,5.0,7.0,4.0,4.0,4.0,4.0,4.0,4.0,4.0,4.0,4.0,4.0,4.0,4.0,4.0,3.0,3.0,3.0,4.0,7.0,7.0,3.0,3.0,3.0,3.0,3.0,3.0,3.0,3.0,3.0,3.0,3.0,3.0,3.0,3.0,4.0,4.0,4.0,4.0,6.0,6.0,5.0,4.0,7.0,8.0,4.0,7.0,7.0,7.0,7.0,7.0,7.0,6.0,4.0,4.0,4.0,4.0,7.0,3.0,2.0,2.0,2.0,4.0,4.0,4.0,4.0,4.0,4.0,4.0,9.0,8.0,8.0,4.0,4.0,4.0,4.0,3.0,3.0,6.0,6.0,5.0,6.0,6.0,4.0,8.0,8.0,9.0,8.0,4.0,4.0,4.0,4.0,7.0,7.0,7.0,8.0,8.0,8.0,8.0,8.0,8.0,8.0,8.0,4.0,4.0,4.0,4.0,5.0,4.0,4.0,9.0,8.0,9.0,8.0,8.0,9.0,8.0,8.0,4.0,4.0,3.0,3.0,8.0,8.0,8.0,9.0,8.0,8.0,4.0,5.0,6.0,4.0,5.0,4.0,4.0,4.0,4.0,5.0,4.0,5.0,6.0,0.0,5.0,2.0,4.0,5.0,1.0,1.0,3.0,7.0,4.0,8.0,9.0,8.0,8.0,8.0,4.0,5.0,5.0,4.0,4.0
ROUTER-CAMPUS-HUAYNA-CAPAC,5.0,5.0,6.0,4.0,3.0,4.0,6.0,5.0,5.0,5.0,6.0,5.0,5.0,5.0,5.0,5.0,6.0,4.0,5.0,5.0,5.0,5.0,5.0,5.0,5.0,5.0,5.0,5.0,5.0,5.0,5.0,4.0,4.0,4.0,5.0,4.0,4.0,4.0,4.0,4.0,4.0,4.0,4.0,4.0,4.0,4.0,4.0,4.0,4.0,4.0,4.0,5.0,5.0,5.0,5.0,3.0,3.0,2.0,5.0,4.0,3.0,5.0,2.0,2.0,2.0,2.0,2.0,2.0,1.0,5.0,5.0,5.0,5.0,4.0,4.0,3.0,4.0,3.0,5.0,5.0,5.0,5.0,5.0,5.0,5.0,4.0,3.0,3.0,5.0,5.0,5.0,5.0,3.0,3.0,3.0,3.0,2.0,3.0,3.0,1.0,3.0,3.0,4.0,3.0,5.0,5.0,5.0,5.0,4.0,4.0,4.0,3.0,3.0,3.0,3.0,3.0,3.0,3.0,3.0,5.0,5.0,5.0,5.0,6.0,5.0,5.0,4.0,3.0,4.0,3.0,3.0,4.0,3.0,3.0,2.0,2.0,2.0,2.0,3.0,3.0,3.0,4.0,3.0,3.0,5.0,6.0,7.0,5.0,6.0,5.0,5.0,5.0,5.0,6.0,5.0,6.0,7.0,5.0,0.0,5.0,1.0,2.0,4.0,4.0,5.0,4.0,5.0,3.0,4.0,3.0,3.0,3.0,5.0,6.0,6.0,5.0,5.0
ROUTER-CAMPUS-MUSEO,4.0,4.0,5.0,7.0,6.0,7.0,5.0,4.0,4.0,4.0,5.0,4.0,4.0,4.0,4.0,4.0,5.0,7.0,4.0,4.0,4.0,4.0,4.0,4.0,4.0,4.0,4.0,4.0,4.0,4.0,4.0,3.0,3.0,3.0,4.0,7.0,7.0,3.0,3.0,3.0,3.0,3.0,3.0,3.0,3.0,3.0,3.0,3.0,3.0,3.0,3.0,4.0,4.0,4.0,4.0,6.0,6.0,5.0,4.0,7.0,8.0,4.0,7.0,7.0,7.0,7.0,7.0,7.0,6.0,4.0,4.0,4.0,4.0,7.0,2.0,3.0,2.0,2.0,4.0,4.0,4.0,4.0,4.0,4.0,4.0,9.0,8.0,8.0,4.0,4.0,4.0,4.0,3.0,3.0,6.0,6.0,5.0,6.0,6.0,4.0,8.0,8.0,9.0,8.0,4.0,4.0,4.0,4.0,7.0,7.0,7.0,8.0,8.0,8.0,8.0,8.0,8.0,8.0,8.0,4.0,4.0,4.0,4.0,5.0,4.0,4.0,9.0,8.0,9.0,8.0,8.0,9.0,8.0,8.0,4.0,4.0,3.0,4.0,8.0,8.0,8.0,9.0,8.0,8.0,4.0,5.0,6.0,4.0,5.0,4.0,4.0,4.0,4.0,5.0,4.0,5.0,6.0,2.0,5.0,0.0,5.0,5.0,1.0,3.0,1.0,7.0,4.0,8.0,9.0,8.0,8.0,8.0,4.0,5.0,5.0,4.0,4.0
ROUTER-CAMPUS-PARAISO,4.0,4.0,5.0,5.0,4.0,5.0,5.0,4.0,4.0,4.0,5.0,4.0,4.0,4.0,4.0,4.0,5.0,5.0,6.0,6.0,6.0,6.0,6.0,6.0,6.0,6.0,6.0,6.0,6.0,6.0,6.0,5.0,5.0,5.0,6.0,5.0,5.0,5.0,3.0,3.0,3.0,3.0,3.0,3.0,3.0,3.0,3.0,3.0,3.0,3.0,3.0,4.0,4.0,4.0,4.0,4.0,4.0,3.0,6.0,5.0,4.0,4.0,3.0,3.0,3.0,3.0,3.0,3.0,2.0,4.0,6.0,6.0,6.0,5.0,3.0,2.0,4.0,4.0,6.0,6.0,6.0,4.0,4.0,4.0,4.0,5.0,4.0,4.0,4.0,4.0,4.0,4.0,3.0,2.0,4.0,4.0,3.0,4.0,4.0,2.0,4.0,4.0,5.0,4.0,4.0,4.0,4.0,4.0,5.0,5.0,5.0,4.0,4.0,4.0,4.0,4.0,4.0,4.0,4.0,6.0,4.0,4.0,4.0,5.0,4.0,4.0,5.0,4.0,5.0,4.0,4.0,5.0,4.0,4.0,2.0,2.0,3.0,1.0,4.0,4.0,4.0,5.0,4.0,4.0,4.0,5.0,6.0,4.0,5.0,4.0,4.0,4.0,4.0,5.0,4.0,7.0,8.0,4.0,1.0,5.0,0.0,3.0,5.0,3.0,4.0,5.0,4.0,4.0,5.0,4.0,4.0,4.0,4.0,5.0,5.0,4.0,6.0
ROUTER-CAMPUS-YANUNCAY,5.0,5.0,6.0,2.0,1.0,2.0,6.0,5.0,5.0,5.0,6.0,5.0,5.0,5.0,5.0,5.0,6.0,2.0,5.0,5.0,5.0,5.0,5.0,5.0,5.0,5.0,5.0,5.0,5.0,5.0,5.0,4.0,4.0,4.0,5.0,2.0,2.0,4.0,4.0,4.0,4.0,4.0,4.0,4.0,4.0,4.0,4.0,4.0,4.0,4.0,4.0,5.0,5.0,5.0,5.0,3.0,3.0,2.0,5.0,2.0,5.0,5.0,4.0,4.0,4.0,4.0,4.0,4.0,3.0,5.0,5.0,5.0,5.0,2.0,3.0,3.0,4.0,3.0,5.0,5.0,5.0,5.0,5.0,5.0,5.0,6.0,5.0,5.0,5.0,5.0,5.0,5.0,3.0,2.0,3.0,3.0,2.0,3.0,3.0,1.0,5.0,5.0,6.0,5.0,5.0,5.0,5.0,5.0,2.0,2.0,2.0,5.0,5.0,5.0,5.0,5.0,5.0,5.0,5.0,5.0,5.0,5.0,5.0,6.0,5.0,5.0,6.0,5.0,6.0,5.0,5.0,6.0,5.0,5.0,2.0,1.0,2.0,2.0,5.0,5.0,5.0,6.0,5.0,5.0,5.0,6.0,7.0,5.0,6.0,5.0,5.0,5.0,5.0,6.0,5.0,6.0,7.0,5.0,2.0,5.0,3.0,0.0,4.0,4.0,4.0,2.0,5.0,5.0,6.0,5.0,5.0,5.0,5.0,6.0,6.0,5.0,5.0
ROUTER-L2TP-BALZAY,5.0,5.0,6.0,6.0,5.0,6.0,6.0,5.0,5.0,5.0,6.0,5.0,5.0,5.0,5.0,5.0,6.0,6.0,3.0,3.0,3.0,3.0,3.0,3.0,3.0,3.0,3.0,3.0,3.0,3.0,3.0,2.0,2.0,2.0,3.0,6.0,6.0,2.0,4.0,4.0,4.0,4.0,4.0,4.0,4.0,4.0,4.0,4.0,4.0,4.0,4.0,5.0,5.0,5.0,5.0,5.0,5.0,4.0,3.0,6.0,7.0,5.0,6.0,6.0,6.0,6.0,6.0,6.0,5.0,5.0,3.0,3.0,3.0,6.0,3.0,3.0,1.0,1.0,3.0,3.0,3.0,5.0,5.0,5.0,5.0,8.0,7.0,7.0,5.0,5.0,5.0,5.0,2.0,3.0,5.0,5.0,4.0,5.0,5.0,3.0,7.0,7.0,8.0,7.0,5.0,5.0,5.0,5.0,6.0,6.0,6.0,7.0,7.0,7.0,7.0,7.0,7.0,7.0,7.0,3.0,5.0,5.0,5.0,6.0,5.0,5.0,8.0,7.0,8.0,7.0,7.0,8.0,7.0,7.0,3.0,3.0,2.0,4.0,7.0,7.0,7.0,8.0,7.0,7.0,5.0,6.0,7.0,5.0,6.0,5.0,5.0,5.0,5.0,6.0,5.0,4.0,5.0,1.0,4.0,1.0,5.0,4.0,0.0,2.0,2.0,6.0,5.0,7.0,8.0,7.0,7.0,7.0,5.0,6.0,6.0,5.0,3.0
SW-ARUBA-CENTRO-HISTORICO,3.0,3.0,4.0,6.0,5.0,6.0,4.0,3.0,3.0,3.0,4.0,3.0,3.0,3.0,3.0,3.0,4.0,6.0,5.0,5.0,5.0,5.0,5.0,5.0,5.0,5.0,5.0,5.0,5.0,5.0,5.0,4.0,4.0,4.0,5.0,6.0,6.0,4.0,2.0,2.0,2.0,2.0,2.0,2.0,2.0,2.0,2.0,2.0,2.0,2.0,2.0,3.0,3.0,3.0,3.0,5.0,5.0,4.0,5.0,6.0,7.0,3.0,6.0,6.0,6.0,6.0,6.0,6.0,5.0,3.0,5.0,5.0,5.0,6.0,2.0,1.0,3.0,3.0,5.0,5.0,5.0,3.0,3.0,3.0,3.0,8.0,7.0,7.0,3.0,3.0,3.0,3.0,3.0,2.0,5.0,5.0,4.0,5.0,5.0,3.0,7.0,7.0,8.0,7.0,3.0,3.0,3.0,3.0,6.0,6.0,6.0,7.0,7.0,7.0,7.0,7.0,7.0,7.0,7.0,5.0,3.0,3.0,3.0,4.0,3.0,3.0,8.0,7.0,8.0,7.0,7.0,8.0,7.0,7.0,3.0,3.0,4.0,2.0,7.0,7.0,7.0,8.0,7.0,7.0,3.0,4.0,5.0,3.0,4.0,3.0,3.0,3.0,3.0,4.0,3.0,6.0,7.0,1.0,4.0,3.0,3.0,4.0,2.0,0.0,3.0,6.0,3.0,7.0,8.0,7.0,7.0,7.0,3.0,4.0,4.0,3.0,5.0
SW-ARUBA-MUSEO,3.0,3.0,4.0,6.0,5.0,6.0,4.0,3.0,3.0,3.0,4.0,3.0,3.0,3.0,3.0,3.0,4.0,6.0,5.0,5.0,5.0,5.0,5.0,5.0,5.0,5.0,5.0,5.0,5.0,5.0,5.0,4.0,4.0,4.0,5.0,6.0,6.0,4.0,2.0,2.0,2.0,2.0,2.0,2.0,2.0,2.0,2.0,2.0,2.0,2.0,2.0,3.0,3.0,3.0,3.0,6.0,6.0,5.0,5.0,6.0,8.0,3.0,7.0,7.0,7.0,7.0,7.0,7.0,6.0,3.0,5.0,5.0,5.0,6.0,1.0,2.0,3.0,3.0,5.0,5.0,5.0,3.0,3.0,3.0,3.0,9.0,8.0,8.0,3.0,3.0,3.0,3.0,3.0,2.0,6.0,6.0,5.0,6.0,6.0,4.0,8.0,8.0,9.0,8.0,3.0,3.0,3.0,3.0,6.0,6.0,6.0,8.0,8.0,8.0,8.0,8.0,8.0,8.0,8.0,5.0,3.0,3.0,3.0,4.0,3.0,3.0,9.0,8.0,9.0,8.0,8.0,9.0,8.0,8.0,4.0,3.0,4.0,3.0,8.0,8.0,8.0,9.0,8.0,8.0,3.0,4.0,5.0,3.0,4.0,3.0,3.0,3.0,3.0,4.0,3.0,6.0,7.0,3.0,5.0,1.0,4.0,4.0,2.0,3.0,0.0,6.0,3.0,8.0,9.0,8.0,8.0,8.0,3.0,4.0,4.0,3.0,5.0
TALL-0A-A12,7.0,7.0,8.0,2.0,1.0,2.0,8.0,7.0,7.0,7.0,8.0,7.0,7.0,7.0,7.0,7.0,8.0,2.0,7.0,7.0,7.0,7.0,7.0,7.0,7.0,7.0,7.0,7.0,7.0,7.0,7.0,6.0,6.0,6.0,7.0,2.0,2.0,6.0,6.0,6.0,6.0,6.0,6.0,6.0,6.0,6.0,6.0,6.0,6.0,6.0,6.0,7.0,7.0,7.0,7.0,5.0,5.0,4.0,7.0,2.0,7.0,7.0,6.0,6.0,6.0,6.0,6.0,6.0,5.0,7.0,7.0,7.0,7.0,2.0,5.0,5.0,6.0,5.0,7.0,7.0,7.0,7.0,7.0,7.0,7.0,8.0,7.0,7.0,7.0,7.0,7.0,7.0,5.0,4.0,5.0,5.0,4.0,5.0,5.0,3.0,7.0,7.0,8.0,7.0,7.0,7.0,7.0,7.0,2.0,2.0,2.0,7.0,7.0,7.0,7.0,7.0,7.0,7.0,7.0,7.0,7.0,7.0,7.0,8.0,7.0,7.0,8.0,7.0,8.0,7.0,7.0,8.0,7.0,7.0,4.0,3.0,4.0,4.0,7.0,7.0,7.0,8.0,7.0,7.0,7.0,8.0,9.0,7.0,8.0,7.0,7.0,7.0,7.0,8.0,7.0,8.0,9.0,7.0,4.0,7.0,5.0,2.0,6.0,6.0,6.0,0.0,7.0,7.0,8.0,7.0,7.0,7.0,7.0,8.0,8.0,7.0,7.0
TEAT-0A-A75,4.0,4.0,5.0,7.0,6.0,7.0,5.0,4.0,4.0,4.0,5.0,4.0,4.0,4.0,4.0,4.0,5.0,7.0,7.0,7.0,7.0,7.0,7.0,7.0,7.0,7.0,7.0,7.0,7.0,7.0,7.0,6.0,6.0,6.0,7.0,7.0,7.0,6.0,1.0,3.0,3.0,3.0,3.0,3.0,3.0,3.0,3.0,3.0,3.0,3.0,3.0,2.0,2.0,2.0,4.0,6.0,6.0,5.0,7.0,7.0,8.0,2.0,7.0,7.0,7.0,7.0,7.0,7.0,6.0,4.0,7.0,7.0,7.0,7.0,2.0,2.0,5.0,5.0,7.0,7.0,7.0,4.0,4.0,4.0,4.0,9.0,8.0,8.0,4.0,4.0,4.0,4.0,4.0,3.0,6.0,6.0,5.0,6.0,6.0,4.0,8.0,8.0,9.0,8.0,4.0,4.0,4.0,4.0,7.0,7.0,7.0,8.0,8.0,8.0,8.0,8.0,8.0,8.0,8.0,7.0,4.0,4.0,4.0,5.0,4.0,4.0,9.0,8.0,9.0,8.0,8.0,9.0,8.0,8.0,4.0,4.0,5.0,3.0,8.0,8.0,8.0,9.0,8.0,8.0,4.0,5.0,6.0,4.0,5.0,4.0,4.0,4.0,4.0,5.0,4.0,8.0,9.0,4.0,5.0,4.0,4.0,5.0,5.0,3.0,3.0,7.0,0.0,8.0,9.0,8.0,8.0,8.0,4.0,5.0,5.0,4.0,7.0
TECMED-0B-A42,8.0,8.0,9.0,7.0,6.0,7.0,9.0,8.0,8.0,8.0,9.0,8.0,8.0,8.0,8.0,8.0,9.0,7.0,8.0,8.0,8.0,8.0,8.0,8.0,8.0,8.0,8.0,8.0,8.0,8.0,8.0,7.0,7.0,7.0,8.0,7.0,7.0,7.0,7.0,7.0,7.0,7.0,7.0,7.0,7.0,7.0,7.0,7.0,7.0,7.0,7.0,8.0,8.0,8.0,8.0,6.0,6.0,5.0,8.0,7.0,4.0,8.0,3.0,3.0,3.0,3.0,3.0,1.0,2.0,8.0,8.0,8.0,8.0,7.0,7.0,6.0,7.0,6.0,8.0,8.0,8.0,8.0,8.0,8.0,8.0,5.0,4.0,4.0,8.0,8.0,8.0,8.0,6.0,6.0,6.0,6.0,5.0,6.0,6.0,4.0,4.0,4.0,5.0,4.0,8.0,8.0,8.0,8.0,7.0,7.0,7.0,4.0,4.0,4.0,4.0,4.0,4.0,4.0,4.0,8.0,8.0,8.0,8.0,9.0,8.0,8.0,5.0,4.0,5.0,4.0,4.0,5.0,4.0,4.0,5.0,5.0,5.0,5.0,4.0,4.0,4.0,5.0,4.0,4.0,8.0,9.0,10.0,8.0,9.0,8.0,8.0,8.0,8.0,9.0,8.0,9.0,10.0,8.0,3.0,8.0,4.0,5.0,7.0,7.0,8.0,7.0,8.0,0.0,3.0,2.0,2.0,2.0,8.0,9.0,9.0,8.0,8.0
TECMED-1A-A141,9.0,9.0,10.0,8.0,7.0,8.0,10.0,9.0,9.0,9.0,10.0,9.0,9.0,9.0,9.0,9.0,10.0,8.0,9.0,9.0,9.0,9.0,9.0,9.0,9.0,9.0,9.0,9.0,9.0,9.0,9.0,8.0,8.0,8.0,9.0,8.0,8.0,8.0,8.0,8.0,8.0,8.0,8.0,8.0,8.0,8.0,8.0,8.0,8.0,8.0,8.0,9.0,9.0,9.0,9.0,7.0,7.0,6.0,9.0,8.0,5.0,9.0,4.0,4.0,4.0,4.0,4.0,2.0,3.0,9.0,9.0,9.0,9.0,8.0,8.0,7.0,8.0,7.0,9.0,9.0,9.0,9.0,9.0,9.0,9.0,6.0,5.0,5.0,9.0,9.0,9.0,9.0,7.0,7.0,7.0,7.0,6.0,7.0,7.0,5.0,5.0,5.0,6.0,5.0,9.0,9.0,9.0,9.0,8.0,8.0,8.0,5.0,5.0,5.0,5.0,5.0,5.0,5.0,5.0,9.0,9.0,9.0,9.0,10.0,9.0,9.0,6.0,5.0,6.0,5.0,5.0,6.0,5.0,5.0,6.0,6.0,6.0,6.0,5.0,5.0,5.0,6.0,5.0,5.0,9.0,10.0,11.0,9.0,10.0,9.0,9.0,9.0,9.0,10.0,9.0,10.0,11.0,9.0,4.0,9.0,5.0,6.0,8.0,8.0,9.0,8.0,9.0,3.0,0.0,1.0,3.0,3.0,9.0,10.0,10.0,9.0,9.0
TECMED-1A-A41,8.0,8.0,9.0,7.0,6.0,7.0,9.0,8.0,8.0,8.0,9.0,8.0,8.0,8.0,8.0,8.0,9.0,7.0,8.0,8.0,8.0,8.0,8.0,8.0,8.0,8.0,8.0,8.0,8.0,8.0,8.0,7.0,7.0,7.0,8.0,7.0,7.0,7.0,7.0,7.0,7.0,7.0,7.0,7.0,7.0,7.0,7.0,7.0,7.0,7.0,7.0,8.0,8.0,8.0,8.0,6.0,6.0,5.0,8.0,7.0,4.0,8.0,3.0,3.0,3.0,3.0,3.0,1.0,2.0,8.0,8.0,8.0,8.0,7.0,7.0,6.0,7.0,6.0,8.0,8.0,8.0,8.0,8.0,8.0,8.0,5.0,4.0,4.0,8.0,8.0,8.0,8.0,6.0,6.0,6.0,6.0,5.0,6.0,6.0,4.0,4.0,4.0,5.0,4.0,8.0,8.0,8.0,8.0,7.0,7.0,7.0,4.0,4.0,4.0,4.0,4.0,4.0,4.0,4.0,8.0,8.0,8.0,8.0,9.0,8.0,8.0,5.0,4.0,5.0,4.0,4.0,5.0,4.0,4.0,5.0,5.0,5.0,5.0,4.0,4.0,4.0,5.0,4.0,4.0,8.0,9.0,10.0,8.0,9.0,8.0,8.0,8.0,8.0,9.0,8.0,9.0,10.0,8.0,3.0,8.0,4.0,5.0,7.0,7.0,8.0,7.0,8.0,2.0,1.0,0.0,2.0,2.0,8.0,9.0,9.0,8.0,8.0
TECMED-2C-A43,8.0,8.0,9.0,7.0,6.0,7.0,9.0,8.0,8.0,8.0,9.0,8.0,8.0,8.0,8.0,8.0,9.0,7.0,8.0,8.0,8.0,8.0,8.0,8.0,8.0,8.0,8.0,8.0,8.0,8.0,8.0,7.0,7.0,7.0,8.0,7.0,7.0,7.0,7.0,7.0,7.0,7.0,7.0,7.0,7.0,7.0,7.0,7.0,7.0,7.0,7.0,8.0,8.0,8.0,8.0,6.0,6.0,5.0,8.0,7.0,4.0,8.0,3.0,3.0,3.0,3.0,3.0,1.0,2.0,8.0,8.0,8.0,8.0,7.0,7.0,6.0,7.0,6.0,8.0,8.0,8.0,8.0,8.0,8.0,8.0,5.0,4.0,4.0,8.0,8.0,8.0,8.0,6.0,6.0,6.0,6.0,5.0,6.0,6.0,4.0,4.0,4.0,5.0,4.0,8.0,8.0,8.0,8.0,7.0,7.0,7.0,4.0,4.0,4.0,4.0,4.0,4.0,4.0,4.0,8.0,8.0,8.0,8.0,9.0,8.0,8.0,5.0,4.0,5.0,4.0,4.0,5.0,4.0,4.0,5.0,5.0,5.0,5.0,4.0,4.0,4.0,5.0,4.0,4.0,8.0,9.0,10.0,8.0,9.0,8.0,8.0,8.0,8.0,9.0,8.0,9.0,10.0,8.0,3.0,8.0,4.0,5.0,7.0,7.0,8.0,7.0,8.0,2.0,3.0,2.0,0.0,2.0,8.0,9.0,9.0,8.0,8.0
TECMED-3D-A44,8.0,8.0,9.0,7.0,6.0,7.0,9.0,8.0,8.0,8.0,9.0,8.0,8.0,8.0,8.0,8.0,9.0,7.0,8.0,8.0,8.0,8.0,8.0,8.0,8.0,8.0,8.0,8.0,8.0,8.0,8.0,7.0,7.0,7.0,8.0,7.0,7.0,7.0,7.0,7.0,7.0,7.0,7.0,7.0,7.0,7.0,7.0,7.0,7.0,7.0,7.0,8.0,8.0,8.0,8.0,6.0,6.0,5.0,8.0,7.0,4.0,8.0,3.0,3.0,3.0,3.0,3.0,1.0,2.0,8.0,8.0,8.0,8.0,7.0,7.0,6.0,7.0,6.0,8.0,8.0,8.0,8.0,8.0,8.0,8.0,5.0,4.0,4.0,8.0,8.0,8.0,8.0,6.0,6.0,6.0,6.0,5.0,6.0,6.0,4.0,4.0,4.0,5.0,4.0,8.0,8.0,8.0,8.0,7.0,7.0,7.0,4.0,4.0,4.0,4.0,4.0,4.0,4.0,4.0,8.0,8.0,8.0,8.0,9.0,8.0,8.0,5.0,4.0,5.0,4.0,4.0,5.0,4.0,4.0,5.0,5.0,5.0,5.0,4.0,4.0,4.0,5.0,4.0,4.0,8.0,9.0,10.0,8.0,9.0,8.0,8.0,8.0,8.0,9.0,8.0,9.0,10.0,8.0,3.0,8.0,4.0,5.0,7.0,7.0,8.0,7.0,8.0,2.0,3.0,2.0,2.0,0.0,8.0,9.0,9.0,8.0,8.0
TECQUI-0A-A10,4.0,4.0,5.0,7.0,6.0,7.0,5.0,4.0,4.0,4.0,5.0,4.0,4.0,4.0,4.0,4.0,5.0,7.0,7.0,7.0,7.0,7.0,7.0,7.0,7.0,7.0,7.0,7.0,7.0,7.0,7.0,6.0,6.0,6.0,7.0,7.0,7.0,6.0,3.0,3.0,3.0,3.0,3.0,1.0,3.0,3.0,3.0,3.0,3.0,3.0,3.0,4.0,4.0,4.0,4.0,6.0,6.0,5.0,7.0,7.0,8.0,4.0,7.0,7.0,7.0,7.0,7.0,7.0,6.0,4.0,7.0,7.0,7.0,7.0,2.0,2.0,5.0,5.0,7.0,7.0,7.0,2.0,2.0,2.0,4.0,9.0,8.0,8.0,4.0,4.0,4.0,4.0,4.0,3.0,6.0,6.0,5.0,6.0,6.0,4.0,8.0,8.0,9.0,8.0,4.0,4.0,4.0,4.0,7.0,7.0,7.0,8.0,8.0,8.0,8.0,8.0,8.0,8.0,8.0,7.0,4.0,4.0,4.0,5.0,4.0,4.0,9.0,8.0,9.0,8.0,8.0,9.0,8.0,8.0,4.0,4.0,5.0,3.0,8.0,8.0,8.0,9.0,8.0,8.0,4.0,5.0,6.0,4.0,5.0,4.0,4.0,4.0,4.0,5.0,4.0,8.0,9.0,4.0,5.0,4.0,4.0,5.0,5.0,3.0,3.0,7.0,4.0,8.0,9.0,8.0,8.0,8.0,0.0,1.0,1.0,4.0,7.0
TECQUI-0A-A11,5.0,5.0,6.0,8.0,7.0,8.0,6.0,5.0,5.0,5.0,6.0,5.0,5.0,5.0,5.0,5.0,6.0,8.0,8.0,8.0,8.0,8.0,8.0,8.0,8.0,8.0,8.0,8.0,8.0,8.0,8.0,7.0,7.0,7.0,8.0,8.0,8.0,7.0,4.0,4.0,4.0,4.0,4.0,2.0,4.0,4.0,4.0,4.0,4.0,4.0,4.0,5.0,5.0,5.0,5.0,7.0,7.0,6.0,8.0,8.0,9.0,5.0,8.0,8.0,8.0,8.0,8.0,8.0,7.0,5.0,8.0,8.0,8.0,8.0,3.0,3.0,6.0,6.0,8.0,8.0,8.0,3.0,3.0,3.0,5.0,10.0,9.0,9.0,5.0,5.0,5.0,5.0,5.0,4.0,7.0,7.0,6.0,7.0,7.0,5.0,9.0,9.0,10.0,9.0,5.0,5.0,5.0,5.0,8.0,8.0,8.0,9.0,9.0,9.0,9.0,9.0,9.0,9.0,9.0,8.0,5.0,5.0,5.0,6.0,5.0,5.0,10.0,9.0,10.0,9.0,9.0,10.0,9.0,9.0,5.0,5.0,6.0,4.0,9.0,9.0,9.0,10.0,9.0,9.0,5.0,6.0,7.0,5.0,6.0,5.0,5.0,5.0,5.0,6.0,5.0,9.0,10.0,5.0,6.0,5.0,5.0,6.0,6.0,4.0,4.0,8.0,5.0,9.0,10.0,9.0,9.0,9.0,1.0,0.0,2.0,5.0,8.0
TECQUI-0A-A12,5.0,5.0,6.0,8.0,7.0,8.0,6.0,5.0,5.0,5.0,6.0,5.0,5.0,5.0,5.0,5.0,6.0,8.0,8.0,8.0,8.0,8.0,8.0,8.0,8.0,8.0,8.0,8.0,8.0,8.0,8.0,7.0,7.0,7.0,8.0,8.0,8.0,7.0,4.0,4.0,4.0,4.0,4.0,2.0,4.0,4.0,4.0,4.0,4.0,4.0,4.0,5.0,5.0,5.0,5.0,7.0,7.0,6.0,8.0,8.0,9.0,5.0,8.0,8.0,8.0,8.0,8.0,8.0,7.0,5.0,8.0,8.0,8.0,8.0,3.0,3.0,6.0,6.0,8.0,8.0,8.0,3.0,3.0,3.0,5.0,10.0,9.0,9.0,5.0,5.0,5.0,5.0,5.0,4.0,7.0,7.0,6.0,7.0,7.0,5.0,9.0,9.0,10.0,9.0,5.0,5.0,5.0,5.0,8.0,8.0,8.0,9.0,9.0,9.0,9.0,9.0,9.0,9.0,9.0,8.0,5.0,5.0,5.0,6.0,5.0,5.0,10.0,9.0,10.0,9.0,9.0,10.0,9.0,9.0,5.0,5.0,6.0,4.0,9.0,9.0,9.0,10.0,9.0,9.0,5.0,6.0,7.0,5.0,6.0,5.0,5.0,5.0,5.0,6.0,5.0,9.0,10.0,5.0,6.0,5.0,5.0,6.0,6.0,4.0,4.0,8.0,5.0,9.0,10.0,9.0,9.0,9.0,1.0,2.0,0.0,5.0,8.0
VIN-0A-A72,4.0,4.0,5.0,7.0,6.0,7.0,5.0,4.0,4.0,4.0,5.0,4.0,4.0,4.0,4.0,4.0,5.0,7.0,7.0,7.0,7.0,7.0,7.0,7.0,7.0,7.0,7.0,7.0,7.0,7.0,7.0,6.0,6.0,6.0,7.0,7.0,7.0,6.0,3.0,3.0,3.0,1.0,3.0,3.0,3.0,3.0,3.0,3.0,3.0,3.0,3.0,4.0,4.0,4.0,2.0,6.0,6.0,5.0,7.0,7.0,8.0,4.0,7.0,7.0,7.0,7.0,7.0,7.0,6.0,4.0,7.0,7.0,7.0,7.0,2.0,2.0,5.0,5.0,7.0,7.0,7.0,4.0,4.0,4.0,4.0,9.0,8.0,8.0,4.0,4.0,4.0,4.0,4.0,3.0,6.0,6.0,5.0,6.0,6.0,4.0,8.0,8.0,9.0,8.0,4.0,4.0,4.0,4.0,7.0,7.0,7.0,8.0,8.0,8.0,8.0,8.0,8.0,8.0,8.0,7.0,4.0,4.0,4.0,5.0,4.0,4.0,9.0,8.0,9.0,8.0,8.0,9.0,8.0,8.0,4.0,4.0,5.0,3.0,8.0,8.0,8.0,9.0,8.0,8.0,4.0,5.0,6.0,4.0,5.0,4.0,4.0,4.0,4.0,5.0,4.0,8.0,9.0,4.0,5.0,4.0,4.0,5.0,5.0,3.0,3.0,7.0,4.0,8.0,9.0,8.0,8.0,8.0,4.0,5.0,5.0,0.0,7.0
VLIR-0A-A107,7.0,7.0,8.0,7.0,6.0,7.0,8.0,7.0,7.0,7.0,8.0,7.0,7.0,7.0,7.0,7.0,8.0,7.0,4.0,4.0,4.0,4.0,4.0,4.0,4.0,4.0,4.0,4.0,4.0,4.0,4.0,3.0,3.0,1.0,4.0,7.0,7.0,3.0,6.0,6.0,6.0,6.0,6.0,6.0,6.0,6.0,6.0,6.0,6.0,6.0,6.0,7.0,7.0,7.0,7.0,6.0,6.0,5.0,2.0,7.0,8.0,7.0,7.0,7.0,7.0,7.0,7.0,7.0,6.0,7.0,2.0,2.0,2.0,7.0,5.0,5.0,2.0,2.0,4.0,4.0,4.0,7.0,7.0,7.0,7.0,9.0,8.0,8.0,7.0,7.0,7.0,7.0,3.0,4.0,6.0,6.0,5.0,6.0,6.0,4.0,8.0,8.0,9.0,8.0,7.0,7.0,7.0,7.0,7.0,7.0,7.0,8.0,8.0,8.0,8.0,8.0,8.0,8.0,8.0,4.0,7.0,7.0,7.0,8.0,7.0,7.0,9.0,8.0,9.0,8.0,8.0,9.0,8.0,8.0,4.0,4.0,3.0,5.0,8.0,8.0,8.0,9.0,8.0,8.0,7.0,8.0,9.0,7.0,8.0,7.0,7.0,7.0,7.0,8.0,7.0,5.0,6.0,4.0,5.0,4.0,6.0,5.0,3.0,5.0,5.0,7.0,7.0,8.0,9.0,8.0,8.0,8.0,7.0,8.0,8.0,7.0,0.0
