,AETUC-0A-A76,AETUC-0A-A97,AETUCCF-2A-A79,AGRPRI-1A-A19,AGRPRI-1A-D10,ANF-0A-A14,ARQ-0A-A84,ARQ-0A-A85,ARQ-0B-A87,ARQ-0D-A88,ARQ-0D-A89,ARQ-0D-A90,ARQ-0G-A93-CEPAUC,ARQ-1C-A86,ARQ-1C-A96,ARQ-1E-A91,ARQ-1E-A92,ART-0A-A15,AUL1-2A-A110,AUL1-2A-A111,AUL1-3A-A104,AUL1-3A-A112,AUL2-01A-A124-SUBLAB2,AUL2-01A-A24-SUB,AUL2-0A-A106,AUL2-0A-A118,AUL2-0A-A119,AUL2-0A-A120,AUL2-0A-A121,AUL2-0A-A122,AUL2-0A-A123,BAL-AUL1-D4,BAL-AUL2-D1,BAL-CENTEC-D2,BAL-EADM-D3,BIB-2A-A16,BLOQUED-0A-A21,CB-EADMI-D6,CC-ADM-D40,CC-AETUC-D30,CC-ARQUITECTURA-D107,CC-BIBLIOTECA-D112,CC-BLOQUE-IQ,CC-ECONOMIA-D51,CC-FILOSOFIA-A-D108,CC-FILOSOFIA-B-D111,CC-JURISPRUDENCIA-D110,CC-MONJAS-D126,CC-PROMAS-D31,CC-PSICOLOGIA-D125,CC-QUIMICA-D109,CCADM-2A-A43,CCADM-2A-A44,CCADM-2A-A45,CCBIB-1A-A71,CCJ-1A-A10,CCJ-1A-A11,CCJ-CJURIDICO-D4,CEA-0A-A108,CEN-1A-A20,CENDIA-0A-A19,CMED-0A-A42,CP-EADMINA1-D6,CP-ENFERMERIA-D1,CP-INVESTIGACION-D5,CP-ODONTOLOGIA-D4,CP-POSGRADO-D2,CP-TECMEDICO-D3,CPAR-C10,CREDU-0B-A94,CTBLOQ1-0A-A101,CTBLOQ2-0A-A102,CTBLOQ3-0A-A103,DAN-1A-A11,DATCC-2A-C2,DATCC-2A-C3,DT-0A-C12,DT-0A-C13,EA-0A-A114,EA-1A-A115,EA-1A-A116,ECOK1-1A-A101,ECOK1-1A-A102,ECOK2-1A-A52,ECOK3-0A-A63,ENF-2B-A122,ENF-2B-A22,ENF-3A-A21,FILOA-0B-A56,FILOA-2A-A55,FILOB-1B-A58,FILOB-2A-A57,FORTIGATE-1800F-BALZAY,FORTIGATE-1800F-CENTRAL,HOS-0A-A10,HOS-0A-A13,HOS-0A-D05,HOS-1A-A12,HOS-2A-A11,INTERNET-MPLS,INV-1A-A161,INV-1A-A61,INV-1B-A162,INV-1B-A62,JUR-0A-A59,JUR-0A-A60,JUR-1A-A61,JUR-1A-A62,LAB-1A-A18,LABMAC-1A-A13,LAC-0A-A17,MEDADM-0F-A16,MEDADM-0G-A17,MEDADM-1A-A11,MEDADM-1B-A12,MEDADM-1C-A13,MEDADM-1D-A14,MEDADM-1E-A15,MEDADM-1H-A18,MICRORED-1A-A109,MON-0A-A103,MON-0A-A104,MON-1B-A67,MON-1B-A68,MON-1C-A105,MON-1C-A106,ODO-0B-A152,ODO-0B-A52,ODO-0C-A153,ODO-0C-A154,ODO-0C-A53,ODO-0C-A54,ODO-1A-A151,ODO-1A-A51,PE1-BALZAY,PE1-CENTRAL,PE2-BALZAY,PE2-CENTRAL,POS-0A-A131,POS-0A-A31,POS-1B-A32,POS-2C-A133,POS-2C-A33,POSLAB-0D-A34,POST-1A-A64,POST-1A-A65,POST-2A-A66,PRO-1A-A73,PRO-3A-A74,PSIC-1A-A53,PSIC-2B-A54,QUI-0A-A78,QUI-1A-A83,QUI-2A-A81,QUI-2A-A82,QUIN-1A-A117,QUIN-1A-A128,ROUTER-CAMPUS-CENTRO-HISTORICO,ROUTER-CAMPUS-HUAYNA-CAPAC,ROUTER-CAMPUS-MUSEO,ROUTER-CAMPUS-PARAISO,ROUTER-CAMPUS-YANUNCAY,ROUTER-L2TP-BALZAY,SW-ARUBA-CENTRO-HISTORICO,SW-ARUBA-MUSEO,TALL-0A-A12,TEAT-0A-A75,TECMED-0B-A42,TECMED-1A-A141,TECMED-1A-A41,TECMED-2C-A43,TECMED-3D-A44,TECQUI-0A-A10,TECQUI-0A-A11,TECQUI-0A-A12,VIN-0A-A72,VLIR-0A-A107
AETUC-0A-A76,0.0,0.09689,0.0519,0.15559,0.12511,0.13155,0.14267,0.13973,0.06906,0.10633000000000001,0.15165,0.06215,0.06272,0.06917,0.11074,0.15550999999999998,0.25215,0.16552,0.174694,0.186414,0.19346399999999997,0.138574,0.136196,0.189136,0.17923599999999998,0.113426,0.112066,0.11576600000000001,0.19244599999999998,0.111956,0.112086,0.108794,0.110736,0.110366,0.11131100000000001,0.19344,0.13485,0.109348,0.067472,0.05919,0.05919,0.05919,0.066593,0.066593,0.066593,0.066593,0.07228799999999999,0.066593,0.05919,0.066593,0.05919,0.092002,0.17283199999999999,0.075752,0.24884,0.14767,0.11019000000000001,0.10863,0.115356,0.13043,0.155533,0.075442,0.14808300000000002,0.155203,0.148883,0.16204600000000002,0.144492,0.151769,0.140413,0.07651,0.11601600000000001,0.132656,0.123276,0.13539,0.066593,0.05919,0.10863,0.10863,0.130258,0.159878,0.111208,0.072323,0.334753,0.103173,0.098623,0.255853,0.203863,0.176293,0.105993,0.100373,0.130103,0.166173,0.09215000000000001,0.07567,0.13505,0.13033,0.10863,0.1594,0.19995999999999997,0.09215000000000001,0.200323,0.150533,0.264843,0.210753,0.083758,0.076658,0.132498,0.127318,0.14265,0.14418,0.13681000000000001,0.183563,0.15041300000000002,0.174953,0.14985300000000001,0.14985300000000001,0.169043,0.14985300000000001,0.15970299999999998,0.121756,0.070413,0.10658300000000001,0.102903,0.140763,0.069353,0.082953,0.18879600000000002,0.17702600000000002,0.194636,0.215086,0.180376,0.18193600000000001,0.18479600000000002,0.164866,0.09215000000000001,0.09215000000000001,0.10863,0.07567,0.153802,0.146362,0.152312,0.166442,0.158062,0.161092,0.267013,0.301243,0.303913,0.12793,0.14440999999999998,0.19286299999999998,0.137783,0.05919,0.11475,0.06186593,0.06186,0.165371,0.18185099999999998,0.09215000000000001,0.10863,0.099553,0.09215000000000001,0.10863,0.10863,0.07567,0.08307300000000001,0.13567,0.07567199999999999,0.181189,0.211509,0.189809,0.205569,0.206399,0.08307300000000001,0.099553,0.090673,0.09551,0.124116
AETUC-0A-A97,0.09689,0.0,0.14879,0.1341,0.10361999999999999,0.11005999999999999,0.12118000000000001,0.11824000000000001,0.04757,0.08484,0.13016,0.04066,0.04123,0.04768000000000001,0.08925,0.13402,0.23066,0.14403,0.153204,0.16492400000000002,0.171974,0.11708400000000002,0.114706,0.16764600000000002,0.157746,0.09193600000000002,0.09057600000000002,0.09427600000000001,0.170956,0.090466,0.09059600000000001,0.087304,0.089246,0.08887600000000001,0.08982100000000001,0.17195,0.11335999999999999,0.087858,0.045982,0.037700000000000004,0.037700000000000004,0.037700000000000004,0.045103000000000004,0.045103000000000004,0.045103000000000004,0.045103000000000004,0.050798,0.045103000000000004,0.037700000000000004,0.045103000000000004,0.037700000000000004,0.070512,0.151342,0.054262000000000005,0.22735000000000002,0.12618000000000001,0.0887,0.08714000000000001,0.093866,0.10894,0.134043,0.053952,0.126593,0.133713,0.127393,0.14055600000000001,0.123002,0.130279,0.118923,0.05502,0.09452600000000001,0.11116600000000001,0.10178600000000002,0.1139,0.045103000000000004,0.037700000000000004,0.08714000000000001,0.08714000000000001,0.108768,0.138388,0.089718,0.050833,0.313263,0.081683,0.07713300000000001,0.234363,0.18237299999999998,0.154803,0.084503,0.07888300000000001,0.108613,0.144683,0.07066,0.054180000000000006,0.11356000000000002,0.10884000000000002,0.08714000000000001,0.13791,0.17847,0.07066,0.178833,0.129043,0.24335299999999999,0.189263,0.062268000000000004,0.055168,0.111008,0.105828,0.12115999999999999,0.12269,0.11531999999999999,0.162073,0.128923,0.153463,0.128363,0.128363,0.147553,0.128363,0.138213,0.10026600000000001,0.048923,0.085093,0.08141300000000001,0.11927300000000002,0.047863,0.061463000000000004,0.167306,0.155536,0.173146,0.193596,0.158886,0.160446,0.163306,0.143376,0.07066,0.07066,0.08714,0.054180000000000006,0.132312,0.12487200000000001,0.130822,0.144952,0.136572,0.139602,0.245523,0.279753,0.282423,0.10644,0.12292,0.171373,0.11629300000000001,0.037700000000000004,0.09326000000000001,0.040375930000000004,0.04037,0.143881,0.160361,0.07066,0.08714,0.07806300000000001,0.07066,0.08714,0.08714000000000001,0.054180000000000006,0.061583000000000006,0.11418,0.054182,0.159699,0.190019,0.168319,0.184079,0.184909,0.061583000000000006,0.07806300000000001,0.06918300000000001,0.07402,0.10262600000000001
AETUCCF-2A-A79,0.0519,0.14879,0.0,0.20748999999999998,0.17700999999999997,0.18344999999999997,0.19457,0.19163,0.12096,0.15822999999999998,0.20355,0.11405,0.11462,0.12107,0.16264,0.20740999999999998,0.30405,0.21741999999999997,0.226594,0.238314,0.24536399999999997,0.190474,0.18809599999999999,0.241036,0.23113599999999998,0.165326,0.163966,0.16766599999999998,0.24434599999999998,0.163856,0.163986,0.160694,0.162636,0.162266,0.163211,0.24533999999999997,0.18674999999999997,0.161248,0.11937199999999999,0.11109,0.11109,0.11109,0.11849299999999999,0.11849299999999999,0.11849299999999999,0.11849299999999999,0.12418799999999999,0.11849299999999999,0.11109,0.11849299999999999,0.11109,0.143902,0.224732,0.127652,0.30074,0.19957,0.16208999999999998,0.16053,0.167256,0.18233,0.20743299999999998,0.12734199999999998,0.199983,0.20710299999999998,0.200783,0.213946,0.19639199999999998,0.203669,0.19231299999999998,0.12841,0.167916,0.184556,0.175176,0.18728999999999998,0.11849299999999999,0.11109,0.16053,0.16053,0.182158,0.211778,0.16310799999999998,0.12422299999999999,0.386653,0.155073,0.150523,0.30775299999999994,0.25576299999999996,0.22819299999999998,0.15789299999999998,0.152273,0.18200299999999997,0.218073,0.14404999999999998,0.12757,0.18695,0.18223,0.16053,0.2113,0.25186,0.14404999999999998,0.252223,0.20243299999999997,0.316743,0.26265299999999997,0.135658,0.128558,0.184398,0.179218,0.19454999999999997,0.19607999999999998,0.18871,0.23546299999999998,0.202313,0.22685299999999997,0.201753,0.201753,0.22094299999999997,0.201753,0.21160299999999999,0.17365599999999998,0.12231299999999999,0.15848299999999998,0.154803,0.192663,0.12125299999999999,0.134853,0.240696,0.228926,0.24653599999999998,0.26698599999999995,0.23227599999999998,0.233836,0.236696,0.216766,0.14404999999999998,0.14404999999999998,0.16052999999999998,0.12757,0.205702,0.198262,0.20421199999999998,0.21834199999999998,0.20996199999999998,0.212992,0.318913,0.353143,0.35581299999999993,0.17983,0.19630999999999998,0.24476299999999998,0.189683,0.11109,0.16665,0.11376593,0.11376,0.217271,0.233751,0.14404999999999998,0.16052999999999998,0.15145299999999998,0.14404999999999998,0.16052999999999998,0.16053,0.12757,0.13497299999999998,0.18757,0.127572,0.233089,0.263409,0.24170899999999998,0.25746899999999995,0.25829899999999995,0.13497299999999998,0.15145299999999998,0.14257299999999998,0.14740999999999999,0.176016
AGRPRI-1A-A19,0.15559,0.1341,0.20748999999999998,0.0,0.03048,0.03692,0.17987999999999998,0.17694,0.10627,0.14354,0.18886,0.09936,0.09993,0.10638,0.14795,0.19271999999999997,0.28935999999999995,0.07089,0.170016,0.181736,0.188786,0.13389600000000002,0.131518,0.184458,0.174558,0.10874800000000001,0.10738800000000001,0.111088,0.187768,0.10727800000000001,0.107408,0.10411600000000001,0.10605800000000001,0.102216,0.10602900000000001,0.09881000000000001,0.04022,0.104066,0.104682,0.09640000000000001,0.09640000000000001,0.09640000000000001,0.09640000000000001,0.09640000000000001,0.09640000000000001,0.09640000000000001,0.103845,0.09640000000000001,0.09640000000000001,0.09640000000000001,0.09640000000000001,0.129212,0.21004199999999998,0.112962,0.28605,0.11896000000000001,0.08148,0.07992,0.10720600000000001,0.0358,0.12682300000000002,0.112652,0.119373,0.12649300000000002,0.120173,0.133336,0.115782,0.123059,0.111703,0.11372,0.107866,0.124506,0.115126,0.04076,0.09640000000000001,0.09640000000000001,0.103952,0.09640000000000001,0.124976,0.154596,0.105926,0.10213,0.36456,0.13298000000000001,0.12843000000000002,0.22714299999999998,0.175153,0.14758300000000002,0.1358,0.13018000000000002,0.15991,0.19598,0.09640000000000001,0.07992,0.10634000000000002,0.10162000000000002,0.07992,0.13069,0.17124999999999999,0.06344,0.17161300000000002,0.121823,0.23613299999999998,0.182043,0.115315,0.108215,0.16405499999999998,0.158875,0.04802,0.04955,0.042179999999999995,0.15485300000000002,0.121703,0.146243,0.121143,0.121143,0.14033299999999999,0.121143,0.130993,0.11707800000000002,0.10022,0.13639,0.13271,0.17057,0.09916,0.11276,0.160086,0.148316,0.16592600000000002,0.186376,0.15166600000000002,0.15322600000000003,0.156086,0.136156,0.07992,0.06344,0.07992,0.07992,0.125092,0.117652,0.123602,0.13773200000000002,0.12935200000000002,0.132382,0.29682,0.33104999999999996,0.33371999999999996,0.16513999999999998,0.18161999999999998,0.22266999999999998,0.16759,0.09640000000000001,0.15196,0.09907593,0.09907,0.16008900000000004,0.17656900000000003,0.12936,0.07992,0.12936,0.09640000000000001,0.04696,0.11288000000000001,0.11288000000000001,0.11288000000000001,0.04104,0.11288200000000001,0.152479,0.182799,0.161099,0.176859,0.17768899999999999,0.11288000000000001,0.12936,0.12048,0.13272,0.11596600000000001
AGRPRI-1A-D10,0.12511,0.10361999999999999,0.17700999999999997,0.03048,0.0,0.00644,0.14939999999999998,0.14645999999999998,0.07579,0.11306,0.15838,0.06888,0.06945000000000001,0.07590000000000001,0.11746999999999999,0.16223999999999997,0.25888,0.040409999999999995,0.13953600000000002,0.151256,0.158306,0.10341600000000001,0.10103799999999999,0.153978,0.14407799999999998,0.078268,0.076908,0.08060800000000001,0.15728799999999998,0.076798,0.076928,0.07363600000000001,0.075578,0.07173600000000001,0.075549,0.06833,0.00974,0.07358600000000001,0.074202,0.06592,0.06592,0.06592,0.06592,0.06592,0.06592,0.06592,0.07336500000000001,0.06592,0.06592,0.06592,0.06592,0.09873199999999999,0.17956199999999997,0.082482,0.25557,0.08848,0.051000000000000004,0.049440000000000005,0.07672600000000002,0.00532,0.09634300000000001,0.082172,0.088893,0.09601300000000001,0.089693,0.102856,0.08530199999999999,0.092579,0.08122299999999999,0.08324000000000001,0.07738600000000001,0.094026,0.084646,0.01028,0.06592,0.06592,0.07347200000000001,0.06592,0.094496,0.124116,0.07544600000000001,0.07165,0.33408,0.10250000000000001,0.09795000000000001,0.19666299999999998,0.144673,0.11710300000000001,0.10532,0.09970000000000001,0.12943,0.16549999999999998,0.06592,0.049440000000000005,0.07586000000000001,0.07114000000000001,0.049440000000000005,0.10021,0.14076999999999998,0.03296,0.141133,0.09134300000000001,0.20565299999999997,0.151563,0.084835,0.077735,0.13357499999999997,0.12839499999999998,0.01754,0.01907,0.011699999999999999,0.12437300000000001,0.091223,0.115763,0.090663,0.090663,0.109853,0.090663,0.10051299999999999,0.08659800000000001,0.06974000000000001,0.10591,0.10222999999999999,0.14009,0.06868,0.08227999999999999,0.12960600000000003,0.11783600000000002,0.135446,0.15589599999999998,0.12118600000000002,0.12274600000000002,0.12560600000000002,0.10567599999999999,0.049440000000000005,0.03296,0.049440000000000005,0.049440000000000005,0.094612,0.087172,0.09312200000000001,0.10725200000000001,0.09887200000000002,0.10190199999999999,0.26633999999999997,0.30056999999999995,0.30323999999999995,0.13465999999999997,0.15113999999999997,0.19218999999999997,0.13710999999999998,0.06592,0.12148,0.06859593,0.06859000000000001,0.12960900000000003,0.14608900000000002,0.09888,0.049440000000000005,0.09888,0.06592,0.01648,0.0824,0.0824,0.0824,0.01056,0.082402,0.121999,0.152319,0.130619,0.14637899999999998,0.14720899999999998,0.0824,0.09888,0.09,0.10224,0.085486
ANF-0A-A14,0.13155,0.11005999999999999,0.18344999999999997,0.03692,0.00644,0.0,0.15583999999999998,0.15289999999999998,0.08223,0.1195,0.16482,0.07532,0.07589000000000001,0.08234000000000001,0.12390999999999999,0.16867999999999997,0.26532,0.046849999999999996,0.14597600000000002,0.157696,0.164746,0.10985600000000001,0.10747799999999999,0.160418,0.15051799999999999,0.084708,0.083348,0.08704800000000001,0.16372799999999998,0.083238,0.083368,0.08007600000000001,0.08201800000000001,0.07817600000000001,0.081989,0.07477,0.01618,0.08002600000000001,0.080642,0.07236000000000001,0.07236000000000001,0.07236000000000001,0.07236000000000001,0.07236000000000001,0.07236000000000001,0.07236000000000001,0.07980500000000001,0.07236000000000001,0.07236000000000001,0.07236000000000001,0.07236000000000001,0.10517199999999999,0.18600199999999997,0.088922,0.26201,0.09492,0.057440000000000005,0.055880000000000006,0.08316600000000002,0.01176,0.10278300000000001,0.088612,0.095333,0.10245300000000002,0.096133,0.109296,0.09174199999999999,0.099019,0.08766299999999999,0.08968000000000001,0.08382600000000001,0.100466,0.091086,0.01672,0.07236000000000001,0.07236000000000001,0.07991200000000001,0.07236000000000001,0.100936,0.130556,0.08188600000000001,0.07809,0.34052,0.10894000000000001,0.10439000000000001,0.20310299999999998,0.151113,0.12354300000000001,0.11176,0.10614000000000001,0.13587,0.17193999999999998,0.07236000000000001,0.055880000000000006,0.08230000000000001,0.07758000000000001,0.055880000000000006,0.10665,0.14720999999999998,0.039400000000000004,0.147573,0.09778300000000001,0.21209299999999998,0.158003,0.091275,0.084175,0.14001499999999997,0.13483499999999998,0.02398,0.02551,0.01814,0.130813,0.097663,0.122203,0.097103,0.097103,0.11629300000000001,0.097103,0.10695299999999999,0.09303800000000001,0.07618000000000001,0.11235,0.10866999999999999,0.14653,0.07512,0.08872,0.13604600000000003,0.12427600000000003,0.141886,0.16233599999999998,0.12762600000000002,0.12918600000000002,0.13204600000000002,0.112116,0.055880000000000006,0.039400000000000004,0.055880000000000006,0.055880000000000006,0.101052,0.093612,0.09956200000000001,0.11369200000000002,0.10531200000000002,0.108342,0.27277999999999997,0.30700999999999995,0.30967999999999996,0.14109999999999998,0.15757999999999997,0.19862999999999997,0.14354999999999998,0.07236000000000001,0.12792,0.07503593,0.07503000000000001,0.13604900000000003,0.15252900000000003,0.10532,0.055880000000000006,0.10532,0.07236000000000001,0.022920000000000003,0.08884,0.08884,0.08884,0.017,0.088842,0.128439,0.158759,0.13705900000000001,0.15281899999999998,0.15364899999999998,0.08884,0.10532,0.09644,0.10868,0.09192600000000001
ARQ-0A-A84,0.14267,0.12118000000000001,0.19457,0.17987999999999998,0.14939999999999998,0.15583999999999998,0.0,0.00294,0.09335,0.13062,0.17593999999999999,0.08644,0.08701,0.09346,0.13502999999999998,0.1798,0.27644,0.18980999999999998,0.198984,0.210704,0.21775399999999998,0.162864,0.160486,0.213426,0.20352599999999998,0.137716,0.136356,0.140056,0.21673599999999998,0.13624599999999998,0.136376,0.13308399999999998,0.13502599999999998,0.134656,0.135601,0.21772999999999998,0.15913999999999998,0.13363799999999998,0.091762,0.08348,0.08348,0.08348,0.09088299999999999,0.09088299999999999,0.09088299999999999,0.09088299999999999,0.096578,0.09088299999999999,0.08348,0.09088299999999999,0.08348,0.116292,0.197122,0.10004199999999999,0.27313,0.17196,0.13448,0.13291999999999998,0.139646,0.15471999999999997,0.17982299999999998,0.099732,0.172373,0.17949299999999999,0.17317299999999997,0.186336,0.168782,0.17605899999999997,0.164703,0.1008,0.140306,0.156946,0.147566,0.15968,0.09088299999999999,0.08348,0.13291999999999998,0.13291999999999998,0.154548,0.184168,0.135498,0.096613,0.359043,0.127463,0.122913,0.280143,0.22815299999999997,0.20058299999999998,0.13028299999999998,0.124663,0.154393,0.190463,0.11643999999999999,0.09996,0.15934,0.15462,0.13291999999999998,0.18369,0.22424999999999998,0.11643999999999999,0.22461299999999998,0.17482299999999998,0.289133,0.23504299999999997,0.108048,0.100948,0.15678799999999998,0.151608,0.16693999999999998,0.16846999999999998,0.1611,0.20785299999999998,0.174703,0.19924299999999998,0.174143,0.174143,0.19333299999999998,0.174143,0.18399299999999996,0.146046,0.094703,0.13087300000000002,0.127193,0.165053,0.093643,0.107243,0.213086,0.201316,0.21892599999999998,0.23937599999999998,0.204666,0.206226,0.209086,0.189156,0.11643999999999999,0.11643999999999999,0.13291999999999998,0.09996,0.17809199999999997,0.17065199999999997,0.17660199999999998,0.19073199999999998,0.182352,0.185382,0.291303,0.32553299999999996,0.32820299999999997,0.15222,0.1687,0.21715299999999998,0.162073,0.08348,0.13904,0.08615593,0.08615,0.189661,0.206141,0.11643999999999999,0.13291999999999998,0.12384300000000001,0.11643999999999999,0.13291999999999998,0.13291999999999998,0.09996,0.107363,0.15996,0.099962,0.20547899999999997,0.23579899999999998,0.21409899999999998,0.22985899999999998,0.23068899999999998,0.107363,0.12384300000000001,0.114963,0.11979999999999999,0.14840599999999998
ARQ-0A-A85,0.13973,0.11824000000000001,0.19163,0.17694,0.14645999999999998,0.15289999999999998,0.00294,0.0,0.09041,0.12768000000000002,0.173,0.0835,0.08407,0.09052,0.13208999999999999,0.17686,0.27349999999999997,0.18686999999999998,0.196044,0.207764,0.21481399999999998,0.159924,0.157546,0.210486,0.200586,0.134776,0.133416,0.13711600000000002,0.21379599999999999,0.13330599999999998,0.133436,0.13014399999999998,0.13208599999999998,0.131716,0.132661,0.21478999999999998,0.15619999999999998,0.13069799999999998,0.088822,0.08054,0.08054,0.08054,0.087943,0.087943,0.087943,0.087943,0.093638,0.087943,0.08054,0.087943,0.08054,0.11335200000000001,0.194182,0.097102,0.27019000000000004,0.16902,0.13154,0.12997999999999998,0.136706,0.15177999999999997,0.17688299999999998,0.096792,0.169433,0.176553,0.17023299999999997,0.183396,0.165842,0.17311899999999997,0.161763,0.09786,0.137366,0.154006,0.144626,0.15674,0.087943,0.08054,0.12997999999999998,0.12997999999999998,0.151608,0.181228,0.132558,0.093673,0.356103,0.124523,0.119973,0.277203,0.22521299999999997,0.19764299999999999,0.12734299999999998,0.121723,0.151453,0.187523,0.11349999999999999,0.09702,0.1564,0.15168,0.12997999999999998,0.18075,0.22130999999999998,0.11349999999999999,0.22167299999999998,0.17188299999999998,0.286193,0.23210299999999998,0.10510800000000001,0.098008,0.15384799999999998,0.148668,0.16399999999999998,0.16552999999999998,0.15816,0.20491299999999998,0.171763,0.19630299999999998,0.171203,0.171203,0.19039299999999998,0.171203,0.18105299999999996,0.143106,0.091763,0.12793300000000002,0.124253,0.162113,0.090703,0.104303,0.210146,0.198376,0.21598599999999998,0.23643599999999998,0.201726,0.203286,0.206146,0.186216,0.11349999999999999,0.11349999999999999,0.12997999999999998,0.09702,0.17515199999999997,0.16771199999999997,0.17366199999999998,0.187792,0.179412,0.182442,0.288363,0.32259299999999996,0.32526299999999997,0.14928,0.16576,0.214213,0.159133,0.08054,0.1361,0.08321593000000001,0.08321,0.186721,0.203201,0.11349999999999999,0.12997999999999998,0.12090300000000001,0.11349999999999999,0.12997999999999998,0.12997999999999998,0.09702,0.104423,0.15702,0.097022,0.20253899999999997,0.23285899999999998,0.21115899999999999,0.22691899999999998,0.22774899999999998,0.104423,0.12090300000000001,0.112023,0.11685999999999999,0.14546599999999998
ARQ-0B-A87,0.06906,0.04757,0.12096,0.10627,0.07579,0.08223,0.09335,0.09041,0.0,0.05701,0.10233,0.012829999999999998,0.013399999999999999,0.01985,0.061419999999999995,0.10618999999999999,0.20282999999999998,0.1162,0.12537399999999999,0.137094,0.14414399999999997,0.08925400000000001,0.08687600000000001,0.139816,0.12991599999999998,0.064106,0.062746,0.066446,0.14312599999999998,0.062636,0.062766,0.059474,0.061416,0.061046,0.061991000000000004,0.14412,0.08553,0.060028,0.018151999999999998,0.009869999999999999,0.009869999999999999,0.009869999999999999,0.017272999999999997,0.017272999999999997,0.017272999999999997,0.017272999999999997,0.022967999999999995,0.017272999999999997,0.009869999999999999,0.017272999999999997,0.009869999999999999,0.042682,0.123512,0.026431999999999997,0.19952,0.09835,0.06087,0.05931,0.066036,0.08111,0.106213,0.026122,0.098763,0.105883,0.099563,0.112726,0.095172,0.102449,0.09109300000000001,0.02719,0.066696,0.083336,0.073956,0.08607000000000001,0.017272999999999997,0.009869999999999999,0.05931,0.05931,0.08093800000000001,0.110558,0.061888,0.023003,0.285433,0.053853,0.049303,0.206533,0.15454299999999999,0.126973,0.056672999999999994,0.051053,0.08078300000000001,0.116853,0.04283,0.02635,0.08573,0.08101,0.05931,0.11008,0.15063999999999997,0.04283,0.151003,0.101213,0.215523,0.161433,0.034437999999999996,0.027337999999999994,0.083178,0.077998,0.09333,0.09486,0.08749,0.134243,0.101093,0.125633,0.100533,0.100533,0.119723,0.100533,0.110383,0.072436,0.021093,0.057263,0.053583,0.091443,0.020033,0.033632999999999996,0.13947600000000002,0.12770600000000001,0.145316,0.165766,0.131056,0.132616,0.135476,0.11554600000000001,0.04283,0.04283,0.05931,0.02635,0.104482,0.097042,0.102992,0.117122,0.108742,0.111772,0.21769299999999997,0.25192299999999995,0.25459299999999996,0.07861,0.09509,0.14354299999999998,0.088463,0.009869999999999999,0.06543,0.012545929999999999,0.012539999999999999,0.116051,0.132531,0.04283,0.05931,0.050233,0.04283,0.05931,0.05931,0.02635,0.033753,0.08635000000000001,0.026351999999999993,0.13186900000000001,0.162189,0.140489,0.156249,0.157079,0.033753,0.050233,0.041353,0.046189999999999995,0.074796
ARQ-0D-A88,0.10633000000000001,0.08484,0.15822999999999998,0.14354,0.11306,0.1195,0.13062,0.12768000000000002,0.05701,0.0,0.04532,0.0501,0.05067,0.057120000000000004,0.09869,0.14345999999999998,0.24009999999999998,0.15347,0.162644,0.17436400000000002,0.18141399999999996,0.12652400000000003,0.124146,0.17708600000000002,0.167186,0.10137600000000001,0.10001600000000001,0.103716,0.180396,0.099906,0.10003600000000001,0.096744,0.098686,0.09831600000000001,0.09926100000000002,0.18139,0.12279999999999999,0.097298,0.055422,0.04714,0.04714,0.04714,0.054543,0.054543,0.054543,0.054543,0.060238,0.054543,0.04714,0.054543,0.04714,0.079952,0.16078199999999998,0.06370200000000001,0.23679,0.13562000000000002,0.09814,0.09658,0.10330600000000001,0.11838,0.143483,0.063392,0.13603300000000002,0.143153,0.13683299999999998,0.14999600000000002,0.132442,0.13971899999999998,0.128363,0.06446,0.103966,0.120606,0.111226,0.12334,0.054543,0.04714,0.09658,0.09658,0.11820800000000001,0.14782800000000001,0.099158,0.060273,0.322703,0.09112300000000001,0.08657300000000001,0.243803,0.19181299999999998,0.164243,0.093943,0.08832300000000001,0.118053,0.154123,0.0801,0.06362000000000001,0.12300000000000001,0.11828000000000001,0.09658,0.14734999999999998,0.18790999999999997,0.0801,0.188273,0.138483,0.252793,0.198703,0.071708,0.064608,0.120448,0.115268,0.1306,0.13213,0.12476,0.171513,0.138363,0.162903,0.137803,0.137803,0.156993,0.137803,0.14765299999999998,0.10970600000000001,0.058363,0.094533,0.090853,0.128713,0.057303,0.070903,0.17674600000000001,0.164976,0.182586,0.203036,0.168326,0.169886,0.172746,0.152816,0.0801,0.0801,0.09658,0.06362000000000001,0.141752,0.134312,0.140262,0.154392,0.146012,0.149042,0.254963,0.289193,0.291863,0.11588,0.13235999999999998,0.180813,0.12573299999999998,0.04714,0.10270000000000001,0.04981593,0.04981,0.15332099999999999,0.16980099999999998,0.0801,0.09658,0.087503,0.0801,0.09658,0.09658000000000001,0.06362000000000001,0.071023,0.12362000000000001,0.063622,0.16913899999999998,0.199459,0.177759,0.193519,0.194349,0.071023,0.087503,0.078623,0.08346,0.11206600000000001
ARQ-0D-A89,0.15165,0.13016,0.20355,0.18886,0.15838,0.16482,0.17593999999999999,0.173,0.10233,0.04532,0.0,0.09542,0.09599,0.10244,0.14401,0.18878,0.28542,0.19879,0.20796399999999998,0.219684,0.226734,0.171844,0.169466,0.222406,0.21250599999999997,0.146696,0.14533600000000002,0.149036,0.22571599999999997,0.145226,0.145356,0.142064,0.144006,0.143636,0.14458100000000002,0.22671,0.16812,0.142618,0.100742,0.09246,0.09246,0.09246,0.09986300000000001,0.09986300000000001,0.09986300000000001,0.09986300000000001,0.105558,0.09986300000000001,0.09246,0.09986300000000001,0.09246,0.125272,0.206102,0.10902200000000001,0.28211,0.18094,0.14346,0.1419,0.148626,0.1637,0.188803,0.108712,0.181353,0.188473,0.182153,0.195316,0.177762,0.185039,0.173683,0.10978,0.149286,0.16592600000000002,0.15654600000000002,0.16866,0.09986300000000001,0.09246,0.1419,0.1419,0.163528,0.193148,0.144478,0.105593,0.368023,0.136443,0.131893,0.289123,0.23713299999999998,0.209563,0.139263,0.133643,0.163373,0.19944299999999998,0.12542,0.10894000000000001,0.16832000000000003,0.16360000000000002,0.1419,0.19267,0.23323,0.12542,0.233593,0.183803,0.29811299999999996,0.244023,0.117028,0.109928,0.165768,0.160588,0.17592,0.17745,0.17008,0.216833,0.18368299999999999,0.208223,0.18312299999999998,0.18312299999999998,0.202313,0.18312299999999998,0.192973,0.155026,0.103683,0.139853,0.136173,0.174033,0.102623,0.11622299999999999,0.222066,0.210296,0.227906,0.248356,0.213646,0.215206,0.218066,0.198136,0.12542,0.12542,0.1419,0.10894000000000001,0.18707200000000002,0.17963200000000001,0.185582,0.199712,0.191332,0.19436199999999998,0.30028299999999997,0.33451299999999995,0.33718299999999995,0.1612,0.17768,0.22613299999999997,0.171053,0.09246,0.14802,0.09513593000000001,0.09513,0.198641,0.215121,0.12542,0.1419,0.132823,0.12542,0.1419,0.14190000000000003,0.10894000000000001,0.116343,0.16894,0.108942,0.214459,0.244779,0.223079,0.238839,0.239669,0.116343,0.132823,0.123943,0.12878,0.15738600000000003
ARQ-0D-A90,0.06215,0.04066,0.11405,0.09936,0.06888,0.07532,0.08644,0.0835,0.012829999999999998,0.0501,0.09542,0.0,0.006489999999999999,0.01294,0.054509999999999996,0.09928,0.19591999999999998,0.10929,0.118464,0.130184,0.13723399999999997,0.08234400000000001,0.07996600000000001,0.132906,0.12300599999999999,0.057196000000000004,0.055836000000000004,0.059536000000000006,0.13621599999999998,0.055726,0.055856,0.052564,0.054506,0.054136000000000004,0.055081000000000005,0.13721,0.07862,0.053118,0.011241999999999999,0.00296,0.00296,0.00296,0.010363,0.010363,0.010363,0.010363,0.016058,0.010363,0.00296,0.010363,0.00296,0.035772,0.116602,0.019522,0.19261,0.09144000000000001,0.05396,0.0524,0.059126,0.0742,0.099303,0.019212,0.091853,0.098973,0.092653,0.10581600000000001,0.08826200000000001,0.095539,0.08418300000000001,0.02028,0.059786000000000006,0.07642600000000001,0.06704600000000001,0.07916000000000001,0.010363,0.00296,0.0524,0.0524,0.07402800000000001,0.103648,0.054978,0.016093,0.278523,0.046943,0.042393,0.199623,0.147633,0.120063,0.049762999999999995,0.044143,0.07387300000000001,0.109943,0.03592,0.019440000000000002,0.07882000000000002,0.07410000000000001,0.0524,0.10317,0.14372999999999997,0.03592,0.144093,0.094303,0.208613,0.154523,0.027528,0.020427999999999998,0.076268,0.071088,0.08642,0.08795,0.08058,0.127333,0.094183,0.118723,0.093623,0.093623,0.112813,0.093623,0.103473,0.065526,0.014183000000000001,0.050353,0.046673,0.084533,0.013123,0.026723,0.13256600000000002,0.12079600000000001,0.138406,0.158856,0.124146,0.125706,0.128566,0.10863600000000001,0.03592,0.03592,0.0524,0.019440000000000002,0.097572,0.090132,0.096082,0.110212,0.101832,0.104862,0.21078299999999997,0.24501299999999995,0.24768299999999996,0.0717,0.08818,0.13663299999999998,0.081553,0.00296,0.05852,0.00563593,0.00563,0.109141,0.125621,0.03592000000000001,0.0524,0.043323,0.03592,0.0524,0.0524,0.019440000000000002,0.026843000000000002,0.07944000000000001,0.019441999999999997,0.124959,0.155279,0.133579,0.149339,0.150169,0.026843000000000002,0.043323,0.034443,0.039279999999999995,0.067886
ARQ-0G-A93-CEPAUC,0.06272,0.04123,0.11462,0.09993,0.06945000000000001,0.07589000000000001,0.08701,0.08407,0.013399999999999999,0.05067,0.09599,0.006489999999999999,0.0,0.013510000000000001,0.05508,0.09985,0.19649,0.10986,0.119034,0.130754,0.13780399999999998,0.08291400000000002,0.080536,0.133476,0.12357599999999999,0.057766000000000005,0.056406000000000005,0.06010600000000001,0.136786,0.056296,0.056426000000000004,0.053134,0.055076,0.054706000000000005,0.055651000000000006,0.13778,0.07919000000000001,0.053688,0.011812,0.0035299999999999997,0.0035299999999999997,0.0035299999999999997,0.010933,0.010933,0.010933,0.010933,0.016627999999999997,0.010933,0.0035299999999999997,0.010933,0.0035299999999999997,0.036342,0.117172,0.020092,0.19318000000000002,0.09201000000000001,0.05453,0.05297,0.059696,0.07477,0.09987299999999999,0.019781999999999998,0.092423,0.09954299999999999,0.093223,0.10638600000000001,0.088832,0.096109,0.084753,0.020849999999999997,0.06035600000000001,0.07699600000000001,0.06761600000000001,0.07973,0.010933,0.0035299999999999997,0.05297,0.05297,0.074598,0.104218,0.055548,0.016663,0.279093,0.047513,0.042963,0.20019299999999998,0.14820299999999997,0.12063299999999999,0.050332999999999996,0.044713,0.07444300000000001,0.110513,0.03649,0.02001,0.07939000000000002,0.07467000000000001,0.05297,0.10374,0.14429999999999998,0.03649,0.14466299999999999,0.094873,0.20918299999999998,0.15509299999999998,0.028097999999999998,0.020997999999999996,0.076838,0.071658,0.08699000000000001,0.08852,0.08115,0.127903,0.094753,0.11929299999999998,0.094193,0.094193,0.11338299999999998,0.094193,0.104043,0.066096,0.014753,0.050923,0.047243,0.085103,0.013693,0.027292999999999998,0.133136,0.121366,0.138976,0.15942599999999998,0.124716,0.126276,0.129136,0.109206,0.03649,0.03649,0.05297,0.02001,0.09814200000000001,0.090702,0.096652,0.11078199999999999,0.10240199999999999,0.105432,0.21135299999999999,0.24558299999999997,0.24825299999999997,0.07227,0.08875,0.137203,0.082123,0.0035299999999999997,0.059090000000000004,0.00620593,0.0062,0.109711,0.126191,0.03649,0.05297,0.043893,0.03649,0.05297,0.05297,0.02001,0.027413,0.08001,0.020011999999999995,0.125529,0.155849,0.134149,0.149909,0.15073899999999998,0.027413,0.043893,0.035013,0.03985,0.068456
ARQ-1C-A86,0.06917,0.04768000000000001,0.12107,0.10638,0.07590000000000001,0.08234000000000001,0.09346,0.09052,0.01985,0.057120000000000004,0.10244,0.01294,0.013510000000000001,0.0,0.06153,0.10629999999999999,0.20293999999999998,0.11631,0.12548399999999998,0.137204,0.14425399999999997,0.08936400000000001,0.08698600000000001,0.139926,0.13002599999999997,0.06421600000000001,0.06285600000000001,0.066556,0.14323599999999997,0.062746,0.062876,0.059584000000000005,0.061526000000000004,0.06115600000000001,0.06210100000000001,0.14423,0.08564000000000001,0.060138000000000004,0.018262,0.009980000000000001,0.009980000000000001,0.009980000000000001,0.017383000000000003,0.017383000000000003,0.017383000000000003,0.017383000000000003,0.023078,0.017383000000000003,0.009980000000000001,0.017383000000000003,0.009980000000000001,0.042792000000000004,0.123622,0.026542000000000003,0.19963,0.09846,0.060980000000000006,0.05942000000000001,0.066146,0.08122000000000001,0.106323,0.026232,0.09887300000000002,0.105993,0.09967300000000001,0.11283600000000002,0.095282,0.10255900000000001,0.091203,0.027299999999999998,0.066806,0.083446,0.074066,0.08618,0.017383000000000003,0.009980000000000001,0.05942000000000001,0.05942000000000001,0.08104800000000001,0.110668,0.061998000000000004,0.023113,0.285543,0.053963000000000004,0.049413000000000006,0.206643,0.15465299999999998,0.127083,0.056783,0.05116300000000001,0.080893,0.116963,0.042940000000000006,0.026460000000000004,0.08584000000000001,0.08112000000000001,0.05942000000000001,0.11019,0.15074999999999997,0.042940000000000006,0.151113,0.101323,0.215633,0.161543,0.034548,0.027448,0.083288,0.078108,0.09344000000000001,0.09497,0.08760000000000001,0.134353,0.10120300000000002,0.125743,0.10064300000000001,0.10064300000000001,0.119833,0.10064300000000001,0.11049300000000001,0.072546,0.021203,0.05737300000000001,0.053693000000000005,0.091553,0.020143,0.033743,0.13958600000000002,0.127816,0.145426,0.165876,0.131166,0.132726,0.135586,0.11565600000000001,0.042940000000000006,0.042940000000000006,0.05942000000000001,0.026460000000000004,0.10459200000000002,0.09715200000000002,0.103102,0.117232,0.108852,0.11188200000000001,0.21780299999999997,0.25203299999999995,0.25470299999999996,0.07872,0.09519999999999999,0.14365299999999998,0.088573,0.009980000000000001,0.06554,0.012655930000000001,0.012650000000000002,0.116161,0.132641,0.042940000000000006,0.05942000000000001,0.050343000000000006,0.042940000000000006,0.05942000000000001,0.05942000000000001,0.026460000000000004,0.033863000000000004,0.08646000000000001,0.026462,0.131979,0.162299,0.140599,0.156359,0.157189,0.033863000000000004,0.050343000000000006,0.04146300000000001,0.0463,0.074906
ARQ-1C-A96,0.11074,0.08925,0.16264,0.14795,0.11746999999999999,0.12390999999999999,0.13502999999999998,0.13208999999999999,0.061419999999999995,0.09869,0.14401,0.054509999999999996,0.05508,0.06153,0.0,0.14787,0.24451,0.15788,0.16705399999999998,0.178774,0.185824,0.130934,0.128556,0.181496,0.17159599999999997,0.105786,0.104426,0.108126,0.18480599999999997,0.10431599999999999,0.10444600000000001,0.101154,0.103096,0.10272600000000001,0.10367100000000001,0.1858,0.12721,0.10170799999999999,0.059831999999999996,0.05155,0.05155,0.05155,0.058953,0.058953,0.058953,0.058953,0.064648,0.058953,0.05155,0.058953,0.05155,0.08436199999999999,0.165192,0.068112,0.24120000000000003,0.14003,0.10255,0.10099,0.107716,0.12279,0.147893,0.067802,0.14044299999999998,0.147563,0.141243,0.154406,0.136852,0.144129,0.132773,0.06887,0.108376,0.12501600000000002,0.115636,0.12775,0.058953,0.05155,0.10099,0.10099,0.122618,0.15223799999999998,0.103568,0.064683,0.327113,0.095533,0.09098300000000001,0.248213,0.19622299999999998,0.168653,0.098353,0.09273300000000001,0.122463,0.15853299999999998,0.08451,0.06803000000000001,0.12741000000000002,0.12269000000000001,0.10099,0.15176,0.19232,0.08451,0.192683,0.142893,0.25720299999999996,0.203113,0.07611799999999999,0.069018,0.124858,0.11967799999999999,0.13501,0.13654,0.12917,0.175923,0.14277299999999998,0.167313,0.14221299999999998,0.14221299999999998,0.161403,0.14221299999999998,0.152063,0.11411600000000001,0.062773,0.098943,0.095263,0.133123,0.061713,0.07531299999999999,0.181156,0.169386,0.186996,0.207446,0.172736,0.174296,0.177156,0.157226,0.08451,0.08451,0.10099,0.06803000000000001,0.14616200000000001,0.138722,0.144672,0.158802,0.150422,0.15345199999999998,0.25937299999999996,0.29360299999999995,0.29627299999999995,0.12029,0.13677,0.18522299999999997,0.130143,0.05155,0.10711000000000001,0.05422593,0.05422,0.157731,0.174211,0.08451,0.10099,0.091913,0.08451,0.10099,0.10099000000000001,0.06803000000000001,0.075433,0.12803,0.068032,0.173549,0.203869,0.182169,0.197929,0.198759,0.075433,0.091913,0.083033,0.08787,0.11647600000000001
ARQ-1E-A91,0.15550999999999998,0.13402,0.20740999999999998,0.19271999999999997,0.16223999999999997,0.16867999999999997,0.1798,0.17686,0.10618999999999999,0.14345999999999998,0.18878,0.09928,0.09985,0.10629999999999999,0.14787,0.0,0.09664,0.20264999999999997,0.21182399999999998,0.223544,0.23059399999999997,0.175704,0.17332599999999998,0.226266,0.21636599999999998,0.150556,0.149196,0.15289599999999998,0.22957599999999997,0.149086,0.149216,0.145924,0.147866,0.147496,0.148441,0.23056999999999997,0.17197999999999997,0.146478,0.10460199999999999,0.09631999999999999,0.09631999999999999,0.09631999999999999,0.10372299999999998,0.10372299999999998,0.10372299999999998,0.10372299999999998,0.10941799999999999,0.10372299999999998,0.09631999999999999,0.10372299999999998,0.09631999999999999,0.129132,0.20996199999999998,0.11288199999999998,0.28597,0.1848,0.14731999999999998,0.14576,0.15248599999999998,0.16756,0.19266299999999997,0.11257199999999999,0.185213,0.19233299999999998,0.18601299999999998,0.199176,0.18162199999999998,0.18889899999999998,0.17754299999999998,0.11363999999999999,0.153146,0.169786,0.160406,0.17251999999999998,0.10372299999999998,0.09631999999999999,0.14576,0.14576,0.16738799999999998,0.197008,0.14833799999999997,0.109453,0.37188299999999996,0.14030299999999998,0.13575299999999998,0.292983,0.24099299999999996,0.21342299999999997,0.143123,0.137503,0.167233,0.20330299999999998,0.12927999999999998,0.11279999999999998,0.17218,0.16746,0.14576,0.19652999999999998,0.23708999999999997,0.12927999999999998,0.23745299999999997,0.18766299999999997,0.30197299999999994,0.24788299999999996,0.120888,0.11378799999999999,0.169628,0.16444799999999998,0.17977999999999997,0.18130999999999997,0.17393999999999998,0.22069299999999997,0.187543,0.21208299999999997,0.18698299999999998,0.18698299999999998,0.20617299999999997,0.18698299999999998,0.19683299999999998,0.15888599999999997,0.10754299999999999,0.14371299999999998,0.140033,0.177893,0.106483,0.120083,0.225926,0.21415599999999999,0.23176599999999997,0.252216,0.21750599999999998,0.21906599999999998,0.22192599999999998,0.20199599999999998,0.12927999999999998,0.12927999999999998,0.14575999999999997,0.11279999999999998,0.190932,0.183492,0.18944199999999997,0.20357199999999998,0.19519199999999998,0.19822199999999998,0.30414299999999994,0.3383729999999999,0.34104299999999993,0.16505999999999998,0.18153999999999998,0.22999299999999998,0.17491299999999999,0.09631999999999999,0.15188,0.09899593,0.09899,0.202501,0.21898099999999998,0.12927999999999998,0.14575999999999997,0.136683,0.12927999999999998,0.14575999999999997,0.14576,0.11279999999999998,0.12020299999999999,0.17279999999999998,0.11280199999999999,0.21831899999999999,0.24863899999999997,0.22693899999999997,0.24269899999999997,0.24352899999999997,0.12020299999999999,0.136683,0.127803,0.13263999999999998,0.161246
ARQ-1E-A92,0.25215,0.23066,0.30405,0.28935999999999995,0.25888,0.26532,0.27644,0.27349999999999997,0.20282999999999998,0.24009999999999998,0.28542,0.19591999999999998,0.19649,0.20293999999999998,0.24451,0.09664,0.0,0.29928999999999994,0.30846399999999996,0.320184,0.32723399999999997,0.27234400000000003,0.269966,0.322906,0.313006,0.247196,0.245836,0.24953599999999998,0.32621599999999995,0.245726,0.245856,0.242564,0.244506,0.244136,0.245081,0.32721,0.26861999999999997,0.243118,0.201242,0.19296,0.19296,0.19296,0.20036299999999999,0.20036299999999999,0.20036299999999999,0.20036299999999999,0.206058,0.20036299999999999,0.19296,0.20036299999999999,0.19296,0.225772,0.306602,0.20952199999999999,0.38261,0.28144,0.24395999999999998,0.2424,0.249126,0.2642,0.289303,0.20921199999999998,0.28185299999999996,0.288973,0.282653,0.29581599999999997,0.278262,0.285539,0.27418299999999995,0.21028,0.249786,0.266426,0.257046,0.26915999999999995,0.20036299999999999,0.19296,0.2424,0.2424,0.264028,0.293648,0.24497799999999997,0.206093,0.468523,0.236943,0.232393,0.38962299999999994,0.33763299999999996,0.310063,0.239763,0.234143,0.263873,0.29994299999999996,0.22591999999999998,0.20944,0.26882,0.2641,0.2424,0.29317,0.33372999999999997,0.22591999999999998,0.334093,0.284303,0.398613,0.34452299999999997,0.217528,0.210428,0.266268,0.261088,0.27642,0.27795,0.27058,0.317333,0.28418299999999996,0.30872299999999997,0.28362299999999996,0.28362299999999996,0.302813,0.28362299999999996,0.293473,0.255526,0.204183,0.24035299999999998,0.236673,0.27453299999999997,0.203123,0.216723,0.322566,0.31079599999999996,0.328406,0.34885599999999994,0.314146,0.315706,0.318566,0.298636,0.22591999999999998,0.22591999999999998,0.24239999999999998,0.20944,0.287572,0.280132,0.286082,0.300212,0.291832,0.29486199999999996,0.400783,0.435013,0.43768299999999993,0.2617,0.27818,0.32663299999999995,0.271553,0.19296,0.24852,0.19563592999999999,0.19563,0.299141,0.315621,0.22591999999999998,0.24239999999999998,0.233323,0.22591999999999998,0.24239999999999998,0.2424,0.20944,0.216843,0.26943999999999996,0.209442,0.314959,0.34527899999999995,0.32357899999999995,0.33933899999999995,0.34016899999999994,0.216843,0.233323,0.224443,0.22927999999999998,0.257886
ART-0A-A15,0.16552,0.14403,0.21741999999999997,0.07089,0.040409999999999995,0.046849999999999996,0.18980999999999998,0.18686999999999998,0.1162,0.15347,0.19879,0.10929,0.10986,0.11631,0.15788,0.20264999999999997,0.29928999999999994,0.0,0.179946,0.191666,0.198716,0.143826,0.141448,0.194388,0.18448799999999999,0.118678,0.117318,0.121018,0.19769799999999998,0.117208,0.117338,0.11404600000000001,0.11598800000000001,0.112146,0.115959,0.10874,0.05014999999999999,0.113996,0.11461199999999999,0.10633000000000001,0.10633000000000001,0.10633000000000001,0.10633000000000001,0.10633000000000001,0.10633000000000001,0.10633000000000001,0.113775,0.10633000000000001,0.10633000000000001,0.10633000000000001,0.10633000000000001,0.139142,0.21997199999999997,0.122892,0.29598,0.12889,0.09140999999999999,0.08985,0.117136,0.04572999999999999,0.136753,0.122582,0.129303,0.13642300000000002,0.130103,0.143266,0.125712,0.132989,0.12163299999999999,0.12365,0.117796,0.134436,0.125056,0.05068999999999999,0.10633000000000001,0.10633000000000001,0.113882,0.10633000000000001,0.134906,0.164526,0.115856,0.11205999999999999,0.37449,0.14291,0.13836,0.23707299999999998,0.185083,0.15751300000000001,0.14573,0.14011,0.16984,0.20590999999999998,0.10633000000000001,0.08985,0.11627000000000001,0.11155000000000001,0.08985,0.14062,0.18117999999999998,0.07336999999999999,0.181543,0.131753,0.24606299999999998,0.191973,0.125245,0.118145,0.17398499999999997,0.16880499999999998,0.057949999999999995,0.05947999999999999,0.05210999999999999,0.164783,0.131633,0.156173,0.131073,0.131073,0.15026299999999998,0.131073,0.140923,0.127008,0.11015,0.14632,0.14264,0.1805,0.10908999999999999,0.12269,0.170016,0.158246,0.175856,0.19630599999999998,0.16159600000000002,0.16315600000000002,0.166016,0.146086,0.08985,0.07336999999999999,0.08985,0.08985,0.135022,0.127582,0.13353199999999998,0.14766200000000002,0.13928200000000002,0.142312,0.30674999999999997,0.34097999999999995,0.34364999999999996,0.17506999999999998,0.19154999999999997,0.23259999999999997,0.17751999999999998,0.10633000000000001,0.16189,0.10900593,0.109,0.17001900000000003,0.18649900000000003,0.13929,0.08985,0.13929,0.10633000000000001,0.056889999999999996,0.12281,0.12281,0.12281,0.050969999999999994,0.122812,0.162409,0.19272899999999998,0.171029,0.18678899999999998,0.18761899999999998,0.12281,0.13929,0.13041,0.14265,0.125896
AUL1-2A-A110,0.174694,0.153204,0.226594,0.170016,0.13953600000000002,0.14597600000000002,0.198984,0.196044,0.12537399999999999,0.162644,0.20796399999999998,0.118464,0.119034,0.12548399999999998,0.16705399999999998,0.21182399999999998,0.30846399999999996,0.179946,0.0,0.14352,0.15056999999999998,0.09568,0.09362999999999999,0.14657,0.13667,0.07085999999999999,0.06949999999999999,0.0732,0.14987999999999999,0.06939,0.06952,0.0659,0.06817,0.0678,0.068745,0.207866,0.14927600000000002,0.066782,0.123786,0.115504,0.115504,0.115504,0.115504,0.115504,0.115504,0.115504,0.122949,0.115504,0.115504,0.115504,0.115504,0.148316,0.229146,0.132066,0.30515400000000004,0.16209600000000002,0.124616,0.12305600000000001,0.07279,0.144856,0.16995900000000003,0.13175599999999998,0.16250900000000001,0.16962900000000003,0.163309,0.17647200000000002,0.158918,0.166195,0.154839,0.132824,0.07345,0.09009,0.08071,0.149816,0.115504,0.115504,0.066064,0.073616,0.08769199999999999,0.117312,0.068642,0.12123400000000001,0.383664,0.152084,0.147534,0.270279,0.218289,0.19071900000000003,0.154904,0.149284,0.179014,0.215084,0.082544,0.099024,0.14947600000000003,0.14475600000000002,0.12305600000000001,0.173826,0.214386,0.106576,0.21474900000000002,0.16495900000000002,0.279269,0.22517900000000002,0.134419,0.12731900000000002,0.183159,0.177979,0.15707600000000002,0.15860600000000002,0.151236,0.19798900000000003,0.164839,0.18937900000000002,0.164279,0.164279,0.183469,0.164279,0.174129,0.07919,0.119324,0.15549400000000002,0.151814,0.189674,0.11826400000000001,0.131864,0.203222,0.191452,0.20906200000000003,0.229512,0.19480200000000003,0.19636200000000004,0.199222,0.179292,0.099024,0.106576,0.09009600000000001,0.115504,0.16822800000000002,0.16078800000000001,0.166738,0.18086800000000003,0.17248800000000003,0.175518,0.315924,0.35015399999999997,0.35282399999999997,0.184244,0.20072399999999999,0.241774,0.186694,0.115504,0.171064,0.11817993,0.118174,0.122805,0.139285,0.099024,0.12305600000000001,0.099024,0.131984,0.12305600000000001,0.082544,0.11550400000000001,0.11550400000000001,0.150096,0.131986,0.195615,0.225935,0.204235,0.219995,0.220825,0.131984,0.14846399999999998,0.13958399999999999,0.151824,0.08155
AUL1-2A-A111,0.186414,0.16492400000000002,0.238314,0.181736,0.151256,0.157696,0.210704,0.207764,0.137094,0.17436400000000002,0.219684,0.130184,0.130754,0.137204,0.178774,0.223544,0.320184,0.191666,0.14352,0.0,0.16229,0.10740000000000001,0.10535,0.15829000000000001,0.14839000000000002,0.08258,0.08122,0.08492000000000001,0.1616,0.08111,0.08124,0.07762000000000001,0.07989,0.07952000000000001,0.08046500000000001,0.219586,0.160996,0.078502,0.13550600000000002,0.127224,0.127224,0.127224,0.127224,0.127224,0.127224,0.127224,0.134669,0.127224,0.127224,0.127224,0.127224,0.160036,0.240866,0.143786,0.316874,0.17381600000000003,0.136336,0.134776,0.08451,0.156576,0.181679,0.143476,0.17422900000000002,0.181349,0.175029,0.18819200000000003,0.170638,0.177915,0.166559,0.144544,0.08517000000000001,0.10181000000000001,0.09243000000000001,0.161536,0.127224,0.127224,0.077784,0.08533600000000001,0.099412,0.129032,0.080362,0.13295400000000002,0.395384,0.163804,0.159254,0.281999,0.230009,0.202439,0.166624,0.161004,0.19073400000000001,0.226804,0.09426400000000001,0.11074400000000001,0.16119600000000003,0.15647600000000003,0.134776,0.18554600000000002,0.226106,0.11829600000000001,0.226469,0.176679,0.290989,0.236899,0.14613900000000002,0.13903900000000002,0.194879,0.189699,0.168796,0.170326,0.16295600000000002,0.209709,0.17655900000000002,0.201099,0.17599900000000002,0.17599900000000002,0.195189,0.17599900000000002,0.185849,0.09091,0.13104400000000002,0.16721400000000003,0.163534,0.20139400000000002,0.12998400000000002,0.14358400000000002,0.21494200000000002,0.20317200000000002,0.220782,0.241232,0.206522,0.20808200000000002,0.21094200000000002,0.19101200000000002,0.11074400000000001,0.11829600000000001,0.10181600000000002,0.127224,0.179948,0.172508,0.178458,0.192588,0.184208,0.18723800000000002,0.327644,0.361874,0.364544,0.195964,0.212444,0.253494,0.198414,0.127224,0.182784,0.12989993,0.129894,0.134525,0.151005,0.11074400000000001,0.134776,0.11074400000000001,0.143704,0.134776,0.09426400000000001,0.127224,0.127224,0.16181600000000002,0.143706,0.207335,0.237655,0.215955,0.231715,0.232545,0.143704,0.160184,0.151304,0.163544,0.09327
AUL1-3A-A104,0.19346399999999997,0.171974,0.24536399999999997,0.188786,0.158306,0.164746,0.21775399999999998,0.21481399999999998,0.14414399999999997,0.18141399999999996,0.226734,0.13723399999999997,0.13780399999999998,0.14425399999999997,0.185824,0.23059399999999997,0.32723399999999997,0.198716,0.15056999999999998,0.16229,0.0,0.11445,0.1124,0.16534,0.15544,0.08962999999999999,0.08826999999999999,0.09197,0.16864999999999997,0.08815999999999999,0.08829,0.08467,0.08693999999999999,0.08657,0.087515,0.226636,0.168046,0.08555199999999999,0.142556,0.13427399999999998,0.13427399999999998,0.13427399999999998,0.13427399999999998,0.13427399999999998,0.13427399999999998,0.13427399999999998,0.14171899999999998,0.13427399999999998,0.13427399999999998,0.13427399999999998,0.13427399999999998,0.16708599999999998,0.24791599999999997,0.15083599999999997,0.323924,0.180866,0.14338599999999999,0.141826,0.09155999999999999,0.163626,0.188729,0.15052599999999997,0.18127900000000002,0.188399,0.182079,0.19524200000000003,0.177688,0.184965,0.173609,0.15159399999999998,0.09222,0.10886,0.09947999999999999,0.168586,0.13427399999999998,0.13427399999999998,0.08483399999999999,0.092386,0.106462,0.13608199999999998,0.08741199999999999,0.140004,0.40243399999999996,0.17085399999999998,0.16630399999999998,0.289049,0.237059,0.209489,0.173674,0.16805399999999998,0.197784,0.23385399999999998,0.10131399999999999,0.11779399999999998,0.168246,0.163526,0.141826,0.192596,0.23315599999999997,0.12534599999999999,0.233519,0.183729,0.298039,0.243949,0.153189,0.14608899999999997,0.20192899999999997,0.19674899999999998,0.175846,0.177376,0.17000600000000002,0.216759,0.18360900000000002,0.208149,0.18304900000000002,0.18304900000000002,0.202239,0.18304900000000002,0.192899,0.09795999999999999,0.138094,0.17426399999999997,0.17058399999999999,0.208444,0.137034,0.150634,0.22199200000000002,0.21022200000000002,0.227832,0.248282,0.213572,0.21513200000000002,0.21799200000000002,0.19806200000000002,0.11779399999999998,0.12534599999999999,0.10886599999999999,0.13427399999999998,0.186998,0.179558,0.185508,0.199638,0.191258,0.19428800000000002,0.33469399999999994,0.3689239999999999,0.3715939999999999,0.20301399999999997,0.21949399999999997,0.260544,0.20546399999999998,0.13427399999999998,0.18983399999999997,0.13694992999999997,0.13694399999999998,0.141575,0.158055,0.11779399999999998,0.141826,0.11779399999999998,0.15075399999999997,0.141826,0.10131399999999999,0.134274,0.134274,0.16886600000000002,0.15075599999999997,0.214385,0.244705,0.223005,0.238765,0.239595,0.150754,0.167234,0.158354,0.17059399999999997,0.10031999999999999
AUL1-3A-A112,0.138574,0.11708400000000002,0.190474,0.13389600000000002,0.10341600000000001,0.10985600000000001,0.162864,0.159924,0.08925400000000001,0.12652400000000003,0.171844,0.08234400000000001,0.08291400000000002,0.08936400000000001,0.130934,0.175704,0.27234400000000003,0.143826,0.09568,0.10740000000000001,0.11445,0.0,0.057510000000000006,0.11045,0.10055,0.03474,0.03338,0.03708,0.11375999999999999,0.03327,0.0334,0.02978,0.03205,0.03168,0.032625,0.171746,0.113156,0.030662000000000002,0.08766600000000001,0.07938400000000001,0.07938400000000001,0.07938400000000001,0.07938400000000001,0.07938400000000001,0.07938400000000001,0.07938400000000001,0.08682900000000002,0.07938400000000001,0.07938400000000001,0.07938400000000001,0.07938400000000001,0.11219600000000002,0.193026,0.095946,0.269034,0.125976,0.088496,0.08693600000000001,0.03667,0.10873600000000001,0.133839,0.09563600000000001,0.12638900000000003,0.13350900000000002,0.127189,0.14035200000000003,0.12279800000000002,0.130075,0.11871900000000002,0.09670400000000001,0.03733,0.053970000000000004,0.044590000000000005,0.11369600000000002,0.07938400000000001,0.07938400000000001,0.029944000000000002,0.037496,0.05157200000000001,0.081192,0.032522,0.08511400000000002,0.347544,0.11596400000000001,0.11141400000000001,0.234159,0.182169,0.15459900000000001,0.11878400000000001,0.11316400000000001,0.14289400000000002,0.178964,0.04642400000000001,0.06290400000000002,0.11335600000000001,0.10863600000000001,0.08693600000000001,0.137706,0.17826599999999998,0.070456,0.178629,0.128839,0.243149,0.189059,0.09829900000000003,0.09119900000000002,0.147039,0.141859,0.12095600000000001,0.12248600000000001,0.11511600000000001,0.161869,0.12871900000000003,0.153259,0.12815900000000002,0.12815900000000002,0.147349,0.12815900000000002,0.138009,0.043070000000000004,0.08320400000000001,0.11937400000000002,0.11569400000000002,0.15355400000000002,0.08214400000000002,0.09574400000000002,0.16710200000000003,0.15533200000000003,0.172942,0.193392,0.15868200000000002,0.16024200000000002,0.16310200000000002,0.14317200000000002,0.06290400000000002,0.070456,0.053976,0.07938400000000001,0.132108,0.12466800000000001,0.130618,0.14474800000000002,0.13636800000000002,0.13939800000000002,0.279804,0.314034,0.316704,0.148124,0.164604,0.205654,0.150574,0.07938400000000001,0.134944,0.08205993000000002,0.08205400000000002,0.08668500000000001,0.103165,0.06290400000000002,0.08693600000000001,0.06290400000000002,0.095864,0.08693600000000001,0.04642400000000001,0.07938400000000001,0.07938400000000001,0.11397600000000002,0.095866,0.159495,0.189815,0.16811500000000001,0.183875,0.184705,0.09586400000000002,0.11234400000000003,0.10346400000000001,0.115704,0.04543
AUL2-01A-A124-SUBLAB2,0.136196,0.114706,0.18809599999999999,0.131518,0.10103799999999999,0.10747799999999999,0.160486,0.157546,0.08687600000000001,0.124146,0.169466,0.07996600000000001,0.080536,0.08698600000000001,0.128556,0.17332599999999998,0.269966,0.141448,0.09362999999999999,0.10535,0.1124,0.057510000000000006,0.0,0.10386000000000001,0.09396,0.02815,0.02679,0.03049,0.10716999999999999,0.02668,0.02681,0.02773,0.02546,0.029302,0.030247,0.169368,0.11077799999999999,0.028284,0.085288,0.077006,0.077006,0.077006,0.077006,0.077006,0.077006,0.077006,0.084451,0.077006,0.077006,0.077006,0.077006,0.109818,0.19064799999999998,0.09356800000000001,0.266656,0.12359800000000001,0.086118,0.084558,0.034292,0.106358,0.131461,0.09325800000000001,0.124011,0.131131,0.12481099999999999,0.13797399999999999,0.12042,0.127697,0.116341,0.094326,0.034952,0.051592,0.042212,0.111318,0.077006,0.077006,0.027566,0.035117999999999996,0.049194,0.078814,0.030144,0.082736,0.34516600000000003,0.113586,0.10903600000000001,0.231781,0.17979099999999998,0.152221,0.11640600000000001,0.11078600000000001,0.140516,0.176586,0.044046,0.060526,0.11097800000000001,0.106258,0.084558,0.135328,0.175888,0.068078,0.176251,0.126461,0.24077099999999999,0.18668099999999999,0.095921,0.08882100000000001,0.14466099999999998,0.139481,0.11857799999999999,0.12010799999999999,0.11273799999999999,0.159491,0.12634099999999998,0.150881,0.12578099999999998,0.12578099999999998,0.144971,0.12578099999999998,0.135631,0.03648,0.08082600000000001,0.11699600000000002,0.113316,0.151176,0.079766,0.093366,0.164724,0.152954,0.170564,0.191014,0.156304,0.157864,0.160724,0.140794,0.060526,0.068078,0.051598,0.077006,0.12973,0.12229,0.12824,0.14237,0.13399,0.13701999999999998,0.277426,0.311656,0.314326,0.145746,0.16222599999999998,0.20327599999999998,0.148196,0.077006,0.13256600000000002,0.07968193,0.079676,0.084307,0.10078700000000002,0.060526,0.084558,0.060526,0.09348600000000001,0.084558,0.044046,0.077006,0.077006,0.111598,0.093488,0.157117,0.187437,0.165737,0.181497,0.182327,0.09348600000000001,0.10996600000000001,0.10108600000000001,0.11332600000000001,0.043052
AUL2-01A-A24-SUB,0.189136,0.16764600000000002,0.241036,0.184458,0.153978,0.160418,0.213426,0.210486,0.139816,0.17708600000000002,0.222406,0.132906,0.133476,0.139926,0.181496,0.226266,0.322906,0.194388,0.14657,0.15829000000000001,0.16534,0.11045,0.10386000000000001,0.0,0.14690000000000003,0.08109000000000001,0.07973000000000001,0.08343000000000002,0.16011,0.07962000000000001,0.07975000000000002,0.08067,0.07840000000000001,0.08224200000000001,0.08318700000000001,0.222308,0.163718,0.081224,0.13822800000000002,0.129946,0.129946,0.129946,0.129946,0.129946,0.129946,0.129946,0.137391,0.129946,0.129946,0.129946,0.129946,0.162758,0.243588,0.146508,0.319596,0.17653800000000003,0.13905800000000001,0.137498,0.087232,0.159298,0.184401,0.146198,0.17695100000000002,0.184071,0.177751,0.19091400000000003,0.17336000000000001,0.180637,0.16928100000000001,0.147266,0.08789200000000001,0.10453200000000001,0.09515200000000001,0.16425800000000002,0.129946,0.129946,0.08050600000000001,0.08805800000000001,0.102134,0.131754,0.083084,0.13567600000000002,0.398106,0.166526,0.161976,0.284721,0.232731,0.205161,0.169346,0.163726,0.19345600000000002,0.229526,0.09698600000000002,0.11346600000000001,0.16391800000000004,0.15919800000000003,0.137498,0.18826800000000002,0.228828,0.12101800000000001,0.229191,0.179401,0.293711,0.239621,0.14886100000000002,0.14176100000000003,0.197601,0.192421,0.171518,0.173048,0.16567800000000002,0.212431,0.17928100000000002,0.203821,0.17872100000000002,0.17872100000000002,0.197911,0.17872100000000002,0.188571,0.08942000000000001,0.13376600000000002,0.16993600000000003,0.16625600000000001,0.20411600000000002,0.13270600000000002,0.14630600000000002,0.21766400000000002,0.20589400000000002,0.223504,0.243954,0.209244,0.21080400000000002,0.21366400000000002,0.19373400000000002,0.11346600000000001,0.12101800000000001,0.10453800000000002,0.129946,0.18267,0.17523,0.18118,0.19531,0.18693,0.18996000000000002,0.330366,0.364596,0.367266,0.198686,0.215166,0.256216,0.201136,0.129946,0.185506,0.13262193,0.132616,0.137247,0.153727,0.11346600000000001,0.137498,0.11346600000000001,0.146426,0.137498,0.09698600000000002,0.129946,0.129946,0.16453800000000002,0.146428,0.210057,0.240377,0.218677,0.234437,0.235267,0.146426,0.162906,0.154026,0.166266,0.09599200000000001
AUL2-0A-A106,0.17923599999999998,0.157746,0.23113599999999998,0.174558,0.14407799999999998,0.15051799999999999,0.20352599999999998,0.200586,0.12991599999999998,0.167186,0.21250599999999997,0.12300599999999999,0.12357599999999999,0.13002599999999997,0.17159599999999997,0.21636599999999998,0.313006,0.18448799999999999,0.13667,0.14839000000000002,0.15544,0.10055,0.09396,0.14690000000000003,0.0,0.07119,0.06983,0.07353000000000001,0.15021,0.06972,0.06985000000000001,0.07077,0.0685,0.072342,0.073287,0.21240799999999999,0.15381799999999998,0.071324,0.128328,0.12004599999999999,0.12004599999999999,0.12004599999999999,0.12004599999999999,0.12004599999999999,0.12004599999999999,0.12004599999999999,0.127491,0.12004599999999999,0.12004599999999999,0.12004599999999999,0.12004599999999999,0.152858,0.23368799999999998,0.13660799999999998,0.30969599999999997,0.166638,0.129158,0.127598,0.077332,0.14939799999999998,0.174501,0.13629799999999997,0.167051,0.174171,0.16785099999999997,0.181014,0.16346,0.17073699999999997,0.159381,0.137366,0.077992,0.09463200000000001,0.085252,0.154358,0.12004599999999999,0.12004599999999999,0.070606,0.078158,0.09223400000000001,0.121854,0.073184,0.125776,0.388206,0.156626,0.152076,0.274821,0.22283099999999997,0.195261,0.15944599999999998,0.153826,0.183556,0.219626,0.087086,0.10356599999999999,0.15401800000000002,0.14929800000000001,0.127598,0.178368,0.21892799999999998,0.111118,0.21929099999999999,0.16950099999999999,0.283811,0.22972099999999998,0.138961,0.131861,0.18770099999999998,0.182521,0.16161799999999998,0.163148,0.155778,0.202531,0.169381,0.19392099999999998,0.168821,0.168821,0.18801099999999998,0.168821,0.17867099999999997,0.07952000000000001,0.12386599999999999,0.160036,0.156356,0.194216,0.122806,0.136406,0.207764,0.195994,0.213604,0.23405399999999998,0.199344,0.200904,0.203764,0.183834,0.10356599999999999,0.111118,0.094638,0.12004599999999999,0.17276999999999998,0.16532999999999998,0.17128,0.18541,0.17703,0.18006,0.320466,0.35469599999999996,0.35736599999999996,0.18878599999999998,0.20526599999999998,0.24631599999999998,0.191236,0.12004599999999999,0.17560599999999998,0.12272192999999999,0.12271599999999999,0.12734700000000002,0.143827,0.10356599999999999,0.127598,0.10356599999999999,0.13652599999999998,0.127598,0.087086,0.120046,0.120046,0.154638,0.13652799999999998,0.20015699999999997,0.230477,0.208777,0.224537,0.22536699999999998,0.13652599999999998,0.15300599999999998,0.14412599999999998,0.15636599999999998,0.086092
AUL2-0A-A118,0.113426,0.09193600000000002,0.165326,0.10874800000000001,0.078268,0.084708,0.137716,0.134776,0.064106,0.10137600000000001,0.146696,0.057196000000000004,0.057766000000000005,0.06421600000000001,0.105786,0.150556,0.247196,0.118678,0.07085999999999999,0.08258,0.08962999999999999,0.03474,0.02815,0.08109000000000001,0.07119,0.0,0.00402,0.007720000000000001,0.08439999999999999,0.00391,0.00404,0.00496,0.00269,0.006532,0.007476999999999999,0.146598,0.088008,0.005514,0.062518,0.054236000000000006,0.054236000000000006,0.054236000000000006,0.054236000000000006,0.054236000000000006,0.054236000000000006,0.054236000000000006,0.06168100000000001,0.054236000000000006,0.054236000000000006,0.054236000000000006,0.054236000000000006,0.08704800000000001,0.167878,0.070798,0.24388600000000002,0.100828,0.063348,0.061788,0.011522000000000001,0.083588,0.10869100000000001,0.070488,0.101241,0.10836100000000001,0.10204099999999999,0.115204,0.09765,0.10492699999999999,0.093571,0.07155600000000001,0.012182,0.028822,0.019442,0.088548,0.054236000000000006,0.054236000000000006,0.004796,0.012348,0.026424000000000003,0.056044000000000004,0.007374,0.059966000000000005,0.322396,0.09081600000000001,0.08626600000000001,0.209011,0.157021,0.129451,0.093636,0.08801600000000001,0.11774600000000002,0.153816,0.021276000000000003,0.037756000000000005,0.08820800000000001,0.083488,0.061788,0.11255799999999999,0.15311799999999998,0.045308,0.153481,0.103691,0.218001,0.163911,0.07315100000000001,0.066051,0.121891,0.11671100000000001,0.095808,0.09733800000000001,0.089968,0.136721,0.103571,0.128111,0.10301099999999999,0.10301099999999999,0.122201,0.10301099999999999,0.11286099999999999,0.01371,0.05805600000000001,0.094226,0.09054600000000002,0.12840600000000002,0.056996000000000005,0.070596,0.14195400000000002,0.13018400000000002,0.147794,0.168244,0.133534,0.13509400000000002,0.13795400000000002,0.118024,0.037756000000000005,0.045308,0.028828,0.054236000000000006,0.10696,0.09952,0.10547000000000001,0.11960000000000001,0.11122000000000001,0.11424999999999999,0.254656,0.288886,0.291556,0.122976,0.139456,0.180506,0.125426,0.054236000000000006,0.109796,0.056911930000000006,0.056906000000000005,0.06153700000000001,0.078017,0.037756000000000005,0.061788,0.037756000000000005,0.070716,0.061788,0.021276000000000003,0.054236000000000006,0.054236000000000006,0.088828,0.070718,0.134347,0.164667,0.142967,0.158727,0.159557,0.070716,0.087196,0.078316,0.090556,0.020282
AUL2-0A-A119,0.112066,0.09057600000000002,0.163966,0.10738800000000001,0.076908,0.083348,0.136356,0.133416,0.062746,0.10001600000000001,0.14533600000000002,0.055836000000000004,0.056406000000000005,0.06285600000000001,0.104426,0.149196,0.245836,0.117318,0.06949999999999999,0.08122,0.08826999999999999,0.03338,0.02679,0.07973000000000001,0.06983,0.00402,0.0,0.006360000000000001,0.08303999999999999,0.00255,0.00268,0.0036,0.00133,0.0051719999999999995,0.006116999999999999,0.145238,0.086648,0.004154,0.061158000000000004,0.052876000000000006,0.052876000000000006,0.052876000000000006,0.052876000000000006,0.052876000000000006,0.052876000000000006,0.052876000000000006,0.06032100000000001,0.052876000000000006,0.052876000000000006,0.052876000000000006,0.052876000000000006,0.08568800000000001,0.166518,0.069438,0.24252600000000002,0.099468,0.061988,0.060428,0.010162000000000001,0.082228,0.10733100000000001,0.069128,0.099881,0.10700100000000001,0.10068099999999999,0.113844,0.09629,0.10356699999999999,0.092211,0.07019600000000001,0.010822,0.027462,0.018082,0.087188,0.052876000000000006,0.052876000000000006,0.003436,0.010988,0.025064000000000003,0.054684,0.006014,0.058606000000000005,0.321036,0.08945600000000001,0.08490600000000001,0.207651,0.155661,0.128091,0.092276,0.08665600000000001,0.11638600000000002,0.152456,0.019916000000000003,0.036396000000000005,0.08684800000000001,0.082128,0.060428,0.11119799999999999,0.15175799999999998,0.043948,0.152121,0.102331,0.216641,0.162551,0.07179100000000001,0.064691,0.120531,0.11535100000000001,0.094448,0.09597800000000001,0.088608,0.135361,0.102211,0.126751,0.10165099999999999,0.10165099999999999,0.120841,0.10165099999999999,0.11150099999999999,0.01235,0.05669600000000001,0.092866,0.08918600000000002,0.12704600000000002,0.055636000000000005,0.069236,0.14059400000000002,0.12882400000000002,0.146434,0.166884,0.132174,0.13373400000000002,0.13659400000000002,0.116664,0.036396000000000005,0.043948,0.027468,0.052876000000000006,0.1056,0.09816,0.10411000000000001,0.11824000000000001,0.10986000000000001,0.11288999999999999,0.25329599999999997,0.28752599999999995,0.29019599999999995,0.121616,0.138096,0.179146,0.12406600000000001,0.052876000000000006,0.108436,0.055551930000000006,0.055546000000000005,0.06017700000000001,0.076657,0.036396000000000005,0.060428,0.036396000000000005,0.069356,0.060428,0.019916000000000003,0.052876000000000006,0.052876000000000006,0.087468,0.069358,0.132987,0.163307,0.141607,0.157367,0.158197,0.069356,0.085836,0.076956,0.089196,0.018922
AUL2-0A-A120,0.11576600000000001,0.09427600000000001,0.16766599999999998,0.111088,0.08060800000000001,0.08704800000000001,0.140056,0.13711600000000002,0.066446,0.103716,0.149036,0.059536000000000006,0.06010600000000001,0.066556,0.108126,0.15289599999999998,0.24953599999999998,0.121018,0.0732,0.08492000000000001,0.09197,0.03708,0.03049,0.08343000000000002,0.07353000000000001,0.007720000000000001,0.006360000000000001,0.0,0.08674,0.00625,0.00638,0.0073,0.005030000000000001,0.008872,0.009817,0.14893800000000001,0.09034800000000001,0.007854,0.064858,0.05657600000000001,0.05657600000000001,0.05657600000000001,0.05657600000000001,0.05657600000000001,0.05657600000000001,0.05657600000000001,0.06402100000000001,0.05657600000000001,0.05657600000000001,0.05657600000000001,0.05657600000000001,0.08938800000000001,0.17021799999999998,0.07313800000000001,0.246226,0.10316800000000001,0.065688,0.064128,0.013862,0.085928,0.111031,0.072828,0.103581,0.11070100000000001,0.104381,0.11754400000000001,0.09999,0.107267,0.095911,0.073896,0.014522,0.031162000000000002,0.021782,0.090888,0.05657600000000001,0.05657600000000001,0.007136,0.014688,0.028764,0.058384000000000005,0.009714,0.06230600000000001,0.324736,0.09315600000000002,0.08860600000000002,0.211351,0.15936099999999997,0.131791,0.095976,0.09035600000000002,0.12008600000000001,0.15615600000000002,0.023616,0.04009600000000001,0.09054800000000002,0.08582800000000002,0.064128,0.114898,0.15545799999999999,0.047648,0.155821,0.106031,0.220341,0.16625099999999998,0.075491,0.06839100000000001,0.124231,0.119051,0.09814800000000001,0.099678,0.092308,0.139061,0.105911,0.13045099999999998,0.105351,0.105351,0.124541,0.105351,0.115201,0.016050000000000002,0.060396000000000005,0.09656600000000001,0.09288600000000001,0.130746,0.05933600000000001,0.072936,0.14429400000000003,0.13252400000000003,0.150134,0.170584,0.135874,0.137434,0.14029400000000003,0.120364,0.04009600000000001,0.047648,0.031168,0.05657600000000001,0.10930000000000001,0.10186,0.10781,0.12194,0.11356000000000001,0.11659,0.256996,0.291226,0.293896,0.12531599999999998,0.14179599999999998,0.182846,0.127766,0.05657600000000001,0.11213600000000001,0.05925193000000001,0.05924600000000001,0.063877,0.08035700000000001,0.04009600000000001,0.064128,0.04009600000000001,0.07305600000000001,0.064128,0.023616,0.056576,0.056576,0.091168,0.07305800000000001,0.136687,0.16700700000000002,0.14530700000000002,0.16106700000000002,0.161897,0.07305600000000001,0.089536,0.080656,0.092896,0.022622
AUL2-0A-A121,0.19244599999999998,0.170956,0.24434599999999998,0.187768,0.15728799999999998,0.16372799999999998,0.21673599999999998,0.21379599999999999,0.14312599999999998,0.180396,0.22571599999999997,0.13621599999999998,0.136786,0.14323599999999997,0.18480599999999997,0.22957599999999997,0.32621599999999995,0.19769799999999998,0.14987999999999999,0.1616,0.16864999999999997,0.11375999999999999,0.10716999999999999,0.16011,0.15021,0.08439999999999999,0.08303999999999999,0.08674,0.0,0.08292999999999999,0.08306,0.08397999999999999,0.08170999999999999,0.08555199999999999,0.08649699999999999,0.22561799999999999,0.16702799999999998,0.08453399999999998,0.141538,0.13325599999999999,0.13325599999999999,0.13325599999999999,0.13325599999999999,0.13325599999999999,0.13325599999999999,0.13325599999999999,0.140701,0.13325599999999999,0.13325599999999999,0.13325599999999999,0.13325599999999999,0.166068,0.24689799999999998,0.14981799999999998,0.322906,0.179848,0.142368,0.140808,0.09054199999999998,0.16260799999999997,0.187711,0.14950799999999997,0.180261,0.187381,0.18106099999999997,0.194224,0.17667,0.18394699999999997,0.172591,0.150576,0.09120199999999999,0.107842,0.098462,0.167568,0.13325599999999999,0.13325599999999999,0.08381599999999999,0.09136799999999999,0.10544399999999998,0.135064,0.08639399999999998,0.138986,0.401416,0.169836,0.165286,0.288031,0.23604099999999997,0.208471,0.17265599999999998,0.167036,0.196766,0.232836,0.100296,0.11677599999999999,0.16722800000000002,0.162508,0.140808,0.191578,0.23213799999999998,0.124328,0.23250099999999999,0.18271099999999998,0.297021,0.24293099999999998,0.152171,0.145071,0.20091099999999998,0.195731,0.17482799999999998,0.176358,0.168988,0.215741,0.182591,0.20713099999999998,0.182031,0.182031,0.20122099999999998,0.182031,0.19188099999999997,0.09272999999999999,0.137076,0.173246,0.169566,0.207426,0.136016,0.149616,0.220974,0.209204,0.226814,0.24726399999999998,0.212554,0.214114,0.216974,0.197044,0.11677599999999999,0.124328,0.107848,0.13325599999999999,0.18597999999999998,0.17853999999999998,0.18449,0.19862,0.19024,0.19327,0.333676,0.36790599999999996,0.37057599999999996,0.20199599999999998,0.21847599999999998,0.259526,0.204446,0.13325599999999999,0.18881599999999998,0.13593192999999998,0.135926,0.140557,0.15703699999999998,0.11677599999999999,0.140808,0.11677599999999999,0.14973599999999998,0.140808,0.100296,0.13325599999999999,0.13325599999999999,0.167848,0.14973799999999998,0.21336699999999997,0.243687,0.221987,0.23774699999999999,0.23857699999999998,0.14973599999999998,0.16621599999999997,0.15733599999999998,0.16957599999999998,0.09930199999999999
AUL2-0A-A122,0.111956,0.090466,0.163856,0.10727800000000001,0.076798,0.083238,0.13624599999999998,0.13330599999999998,0.062636,0.099906,0.145226,0.055726,0.056296,0.062746,0.10431599999999999,0.149086,0.245726,0.117208,0.06939,0.08111,0.08815999999999999,0.03327,0.02668,0.07962000000000001,0.06972,0.00391,0.00255,0.00625,0.08292999999999999,0.0,0.0025700000000000002,0.00349,0.00122,0.005062,0.006007,0.145128,0.086538,0.004044,0.061048,0.052766,0.052766,0.052766,0.052766,0.052766,0.052766,0.052766,0.060211,0.052766,0.052766,0.052766,0.052766,0.085578,0.166408,0.069328,0.24241600000000002,0.099358,0.061878,0.060318000000000004,0.010052,0.082118,0.10722100000000001,0.069018,0.099771,0.10689100000000001,0.100571,0.113734,0.09618,0.103457,0.092101,0.070086,0.010712,0.027352,0.017972,0.087078,0.052766,0.052766,0.003326,0.010877999999999999,0.024954,0.054574000000000004,0.0059039999999999995,0.058496,0.320926,0.08934600000000001,0.08479600000000001,0.207541,0.155551,0.127981,0.092166,0.08654600000000001,0.116276,0.15234599999999998,0.019806,0.036286,0.08673800000000001,0.08201800000000001,0.060318000000000004,0.11108799999999999,0.15164799999999998,0.043838,0.152011,0.102221,0.216531,0.162441,0.071681,0.064581,0.12042099999999999,0.115241,0.094338,0.09586800000000001,0.08849800000000001,0.135251,0.102101,0.126641,0.10154099999999999,0.10154099999999999,0.120731,0.10154099999999999,0.11139099999999999,0.012240000000000001,0.056586,0.092756,0.089076,0.126936,0.055526,0.06912599999999999,0.14048400000000003,0.12871400000000002,0.146324,0.166774,0.13206400000000001,0.13362400000000002,0.13648400000000002,0.116554,0.036286,0.043838,0.027358,0.052766,0.10549,0.09805,0.10400000000000001,0.11813000000000001,0.10975000000000001,0.11277999999999999,0.25318599999999997,0.28741599999999995,0.29008599999999996,0.12150599999999999,0.137986,0.17903599999999997,0.123956,0.052766,0.108326,0.05544193,0.055436,0.06006700000000001,0.076547,0.036286,0.060318000000000004,0.036286,0.069246,0.060318000000000004,0.019806,0.05276600000000001,0.05276600000000001,0.087358,0.069248,0.132877,0.163197,0.141497,0.157257,0.158087,0.069246,0.085726,0.076846,0.089086,0.018812
AUL2-0A-A123,0.112086,0.09059600000000001,0.163986,0.107408,0.076928,0.083368,0.136376,0.133436,0.062766,0.10003600000000001,0.145356,0.055856,0.056426000000000004,0.062876,0.10444600000000001,0.149216,0.245856,0.117338,0.06952,0.08124,0.08829,0.0334,0.02681,0.07975000000000002,0.06985000000000001,0.00404,0.00268,0.00638,0.08306,0.0025700000000000002,0.0,0.00362,0.00135,0.005192,0.006137,0.145258,0.086668,0.004174,0.061178,0.052896000000000006,0.052896000000000006,0.052896000000000006,0.052896000000000006,0.052896000000000006,0.052896000000000006,0.052896000000000006,0.060341000000000006,0.052896000000000006,0.052896000000000006,0.052896000000000006,0.052896000000000006,0.085708,0.166538,0.069458,0.242546,0.09948800000000001,0.06200800000000001,0.060448,0.010182,0.082248,0.107351,0.069148,0.099901,0.107021,0.100701,0.113864,0.09631,0.103587,0.09223100000000001,0.070216,0.010842000000000001,0.027482000000000003,0.018102,0.08720800000000001,0.052896000000000006,0.052896000000000006,0.003456,0.011008,0.025084000000000002,0.054704,0.006033999999999999,0.058626000000000004,0.321056,0.089476,0.084926,0.207671,0.15568099999999999,0.128111,0.092296,0.086676,0.11640600000000001,0.152476,0.019936000000000002,0.036416000000000004,0.08686800000000001,0.08214800000000001,0.060448,0.111218,0.151778,0.04396800000000001,0.152141,0.102351,0.216661,0.162571,0.07181100000000001,0.064711,0.12055099999999999,0.115371,0.094468,0.095998,0.088628,0.135381,0.102231,0.126771,0.101671,0.101671,0.120861,0.101671,0.111521,0.01237,0.056716,0.09288600000000001,0.08920600000000001,0.127066,0.055656000000000004,0.06925600000000001,0.14061400000000002,0.12884400000000001,0.146454,0.166904,0.132194,0.133754,0.136614,0.11668400000000001,0.036416000000000004,0.04396800000000001,0.027488000000000002,0.052896000000000006,0.10562,0.09818,0.10413,0.11826,0.10988,0.11291,0.253316,0.28754599999999997,0.290216,0.121636,0.138116,0.179166,0.124086,0.052896000000000006,0.10845600000000001,0.055571930000000005,0.055566000000000004,0.06019700000000001,0.07667700000000001,0.036416000000000004,0.060448,0.036416000000000004,0.06937600000000001,0.060448,0.019936000000000002,0.052896000000000006,0.052896000000000006,0.08748800000000001,0.069378,0.133007,0.163327,0.141627,0.157387,0.158217,0.06937600000000001,0.08585600000000002,0.076976,0.089216,0.018942
BAL-AUL1-D4,0.108794,0.087304,0.160694,0.10411600000000001,0.07363600000000001,0.08007600000000001,0.13308399999999998,0.13014399999999998,0.059474,0.096744,0.142064,0.052564,0.053134,0.059584000000000005,0.101154,0.145924,0.242564,0.11404600000000001,0.0659,0.07762000000000001,0.08467,0.02978,0.02773,0.08067,0.07077,0.00496,0.0036,0.0073,0.08397999999999999,0.00349,0.00362,0.0,0.00227,0.0019,0.002845,0.141966,0.083376,0.000882,0.057886,0.049604,0.049604,0.049604,0.049604,0.049604,0.049604,0.049604,0.057049,0.049604,0.049604,0.049604,0.049604,0.082416,0.163246,0.066166,0.23925400000000002,0.096196,0.058716000000000004,0.057156000000000005,0.00689,0.078956,0.10405900000000001,0.065856,0.096609,0.10372900000000002,0.097409,0.110572,0.093018,0.100295,0.088939,0.066924,0.00755,0.024190000000000003,0.014809999999999999,0.083916,0.049604,0.049604,0.000164,0.007716,0.021792000000000002,0.051412,0.002742,0.055334,0.317764,0.08618400000000001,0.08163400000000001,0.204379,0.152389,0.12481900000000001,0.089004,0.08338400000000001,0.113114,0.14918399999999998,0.016644000000000003,0.033124,0.08357600000000001,0.07885600000000001,0.057156000000000005,0.107926,0.14848599999999998,0.040676000000000004,0.148849,0.09905900000000001,0.213369,0.159279,0.068519,0.061419,0.11725899999999999,0.112079,0.09117600000000001,0.09270600000000001,0.08533600000000001,0.132089,0.098939,0.123479,0.098379,0.098379,0.117569,0.098379,0.10822899999999999,0.01329,0.053424,0.08959400000000001,0.085914,0.123774,0.052364,0.065964,0.13732200000000003,0.12555200000000002,0.143162,0.163612,0.12890200000000002,0.13046200000000002,0.13332200000000002,0.113392,0.033124,0.040676000000000004,0.024196000000000002,0.049604,0.102328,0.094888,0.10083800000000001,0.11496800000000001,0.10658800000000002,0.109618,0.25002399999999997,0.28425399999999995,0.28692399999999996,0.11834399999999999,0.134824,0.17587399999999997,0.120794,0.049604,0.10516400000000001,0.05227993,0.052274,0.056905000000000004,0.073385,0.033124,0.057156000000000005,0.033124,0.066084,0.057156000000000005,0.016644000000000003,0.04960400000000001,0.04960400000000001,0.08419600000000001,0.066086,0.129715,0.160035,0.138335,0.154095,0.154925,0.066084,0.082564,0.073684,0.085924,0.01565
BAL-AUL2-D1,0.110736,0.089246,0.162636,0.10605800000000001,0.075578,0.08201800000000001,0.13502599999999998,0.13208599999999998,0.061416,0.098686,0.144006,0.054506,0.055076,0.061526000000000004,0.103096,0.147866,0.244506,0.11598800000000001,0.06817,0.07989,0.08693999999999999,0.03205,0.02546,0.07840000000000001,0.0685,0.00269,0.00133,0.005030000000000001,0.08170999999999999,0.00122,0.00135,0.00227,0.0,0.003842,0.004787,0.143908,0.085318,0.0028239999999999997,0.059828,0.051546,0.051546,0.051546,0.051546,0.051546,0.051546,0.051546,0.058991,0.051546,0.051546,0.051546,0.051546,0.084358,0.165188,0.068108,0.24119600000000002,0.098138,0.060658000000000004,0.059098000000000005,0.008832,0.080898,0.10600100000000001,0.067798,0.098551,0.10567100000000001,0.099351,0.112514,0.09496,0.102237,0.090881,0.068866,0.009492,0.026132000000000002,0.016752,0.085858,0.051546,0.051546,0.002106,0.009658,0.023734,0.053354,0.004684,0.057276,0.319706,0.08812600000000001,0.08357600000000001,0.206321,0.154331,0.126761,0.090946,0.08532600000000001,0.115056,0.15112599999999998,0.018586000000000002,0.035066,0.08551800000000001,0.08079800000000001,0.059098000000000005,0.109868,0.15042799999999998,0.042618,0.150791,0.10100100000000001,0.215311,0.161221,0.070461,0.063361,0.11920099999999999,0.114021,0.093118,0.09464800000000001,0.08727800000000001,0.134031,0.100881,0.125421,0.100321,0.100321,0.119511,0.100321,0.11017099999999999,0.01102,0.055366,0.091536,0.087856,0.125716,0.054306,0.067906,0.13926400000000003,0.12749400000000002,0.145104,0.165554,0.13084400000000002,0.13240400000000002,0.13526400000000002,0.115334,0.035066,0.042618,0.026138,0.051546,0.10427,0.09683,0.10278000000000001,0.11691000000000001,0.10853000000000002,0.11155999999999999,0.25196599999999997,0.28619599999999995,0.28886599999999996,0.12028599999999999,0.136766,0.17781599999999997,0.122736,0.051546,0.107106,0.05422193,0.054216,0.058847000000000003,0.075327,0.035066,0.059098000000000005,0.035066,0.068026,0.059098000000000005,0.018586000000000002,0.05154600000000001,0.05154600000000001,0.086138,0.068028,0.131657,0.161977,0.140277,0.156037,0.156867,0.068026,0.084506,0.075626,0.087866,0.017592
BAL-CENTEC-D2,0.110366,0.08887600000000001,0.162266,0.102216,0.07173600000000001,0.07817600000000001,0.134656,0.131716,0.061046,0.09831600000000001,0.143636,0.054136000000000004,0.054706000000000005,0.06115600000000001,0.10272600000000001,0.147496,0.244136,0.112146,0.0678,0.07952000000000001,0.08657,0.03168,0.029302,0.08224200000000001,0.072342,0.006532,0.0051719999999999995,0.008872,0.08555199999999999,0.005062,0.005192,0.0019,0.003842,0.0,0.004417,0.140066,0.081476,0.002454,0.059458000000000004,0.051176000000000006,0.051176000000000006,0.051176000000000006,0.051176000000000006,0.051176000000000006,0.051176000000000006,0.051176000000000006,0.058621000000000006,0.051176000000000006,0.051176000000000006,0.051176000000000006,0.051176000000000006,0.08398800000000001,0.164818,0.067738,0.240826,0.09429600000000002,0.056816000000000005,0.055256000000000007,0.0049900000000000005,0.07705600000000001,0.102159,0.067428,0.09470900000000002,0.101829,0.09550900000000001,0.10867200000000002,0.091118,0.09839500000000001,0.087039,0.068496,0.0056500000000000005,0.02229,0.01291,0.082016,0.051176000000000006,0.051176000000000006,0.001736,0.005816,0.023364000000000003,0.052984,0.004314,0.056906000000000005,0.319336,0.087756,0.083206,0.202479,0.15048899999999998,0.122919,0.090576,0.084956,0.11468600000000001,0.150756,0.018216000000000003,0.034696000000000005,0.08167600000000001,0.07695600000000001,0.055256000000000007,0.10602600000000001,0.146586,0.038776000000000005,0.146949,0.097159,0.211469,0.157379,0.07009100000000001,0.062991,0.11883099999999999,0.113651,0.08927600000000001,0.090806,0.08343600000000001,0.130189,0.09703900000000001,0.12157899999999999,0.09647900000000001,0.09647900000000001,0.115669,0.09647900000000001,0.106329,0.014862,0.054996,0.09116600000000001,0.08748600000000001,0.125346,0.053936000000000005,0.06753600000000001,0.13542200000000001,0.12365200000000001,0.141262,0.161712,0.127002,0.128562,0.131422,0.11149200000000001,0.034696000000000005,0.038776000000000005,0.022296000000000003,0.051176000000000006,0.10042800000000002,0.09298800000000002,0.098938,0.113068,0.104688,0.10771800000000001,0.251596,0.28582599999999997,0.288496,0.119916,0.136396,0.177446,0.122366,0.051176000000000006,0.10673600000000001,0.053851930000000006,0.053846000000000005,0.05847700000000001,0.07495700000000001,0.034696000000000005,0.055256000000000007,0.034696000000000005,0.06765600000000001,0.055256000000000007,0.018216000000000003,0.051176000000000006,0.051176000000000006,0.08229600000000001,0.067658,0.127815,0.158135,0.136435,0.152195,0.153025,0.06765600000000001,0.08413600000000002,0.075256,0.087496,0.01375
BAL-EADM-D3,0.11131100000000001,0.08982100000000001,0.163211,0.10602900000000001,0.075549,0.081989,0.135601,0.132661,0.061991000000000004,0.09926100000000002,0.14458100000000002,0.055081000000000005,0.055651000000000006,0.06210100000000001,0.10367100000000001,0.148441,0.245081,0.115959,0.068745,0.08046500000000001,0.087515,0.032625,0.030247,0.08318700000000001,0.073287,0.007476999999999999,0.006116999999999999,0.009817,0.08649699999999999,0.006007,0.006137,0.002845,0.004787,0.004417,0.0,0.143879,0.085289,0.001963,0.060403000000000005,0.05212100000000001,0.05212100000000001,0.05212100000000001,0.05212100000000001,0.05212100000000001,0.05212100000000001,0.05212100000000001,0.05956600000000001,0.05212100000000001,0.05212100000000001,0.05212100000000001,0.05212100000000001,0.08493300000000001,0.165763,0.06868300000000001,0.241771,0.098109,0.060629,0.059069,0.009407,0.080869,0.10597200000000001,0.068373,0.098522,0.10564200000000001,0.099322,0.112485,0.094931,0.102208,0.090852,0.069441,0.010067,0.026707,0.017327,0.085829,0.05212100000000001,0.05212100000000001,0.002681,0.009629,0.022873,0.052493,0.003823,0.05785100000000001,0.32028100000000004,0.088701,0.084151,0.206292,0.154302,0.126732,0.091521,0.085901,0.11563100000000001,0.151701,0.019161,0.035641000000000006,0.08548900000000001,0.08076900000000001,0.059069,0.10983899999999999,0.15039899999999998,0.042589,0.150762,0.100972,0.215282,0.161192,0.07103600000000002,0.063936,0.119776,0.114596,0.093089,0.09461900000000001,0.08724900000000001,0.134002,0.100852,0.125392,0.10029199999999999,0.10029199999999999,0.119482,0.10029199999999999,0.11014199999999999,0.015807,0.055941000000000005,0.09211100000000001,0.08843100000000001,0.12629100000000001,0.054881000000000006,0.06848100000000001,0.13923500000000003,0.12746500000000002,0.145075,0.165525,0.13081500000000001,0.13237500000000002,0.13523500000000002,0.115305,0.035641000000000006,0.042589,0.026109,0.05212100000000001,0.104241,0.096801,0.10275100000000001,0.11688100000000001,0.10850100000000001,0.11153099999999999,0.252541,0.286771,0.289441,0.120861,0.137341,0.178391,0.123311,0.05212100000000001,0.10768100000000001,0.05479693000000001,0.054791000000000006,0.054060000000000004,0.07054,0.035641000000000006,0.059069,0.035641000000000006,0.06860100000000001,0.059069,0.019161,0.052121,0.052121,0.086109,0.068603,0.131628,0.161948,0.140248,0.156008,0.156838,0.06860100000000001,0.08508100000000002,0.076201,0.088441,0.018167
BIB-2A-A16,0.19344,0.17195,0.24533999999999997,0.09881000000000001,0.06833,0.07477,0.21772999999999998,0.21478999999999998,0.14412,0.18139,0.22671,0.13721,0.13778,0.14423,0.1858,0.23056999999999997,0.32721,0.10874,0.207866,0.219586,0.226636,0.171746,0.169368,0.222308,0.21240799999999999,0.146598,0.145238,0.14893800000000001,0.22561799999999999,0.145128,0.145258,0.141966,0.143908,0.140066,0.143879,0.0,0.07807,0.141916,0.142532,0.13425,0.13425,0.13425,0.13425,0.13425,0.13425,0.13425,0.14169500000000002,0.13425,0.13425,0.13425,0.13425,0.167062,0.24789199999999997,0.150812,0.32389999999999997,0.15681,0.11932999999999999,0.11777,0.14505600000000002,0.07365000000000001,0.164673,0.150502,0.157223,0.16434300000000002,0.158023,0.171186,0.153632,0.160909,0.149553,0.15156999999999998,0.145716,0.162356,0.152976,0.07861,0.13425,0.13425,0.14180199999999998,0.13425,0.162826,0.192446,0.14377600000000001,0.13998,0.40241,0.17083,0.16628,0.264993,0.213003,0.18543300000000001,0.17365,0.16803,0.19776,0.23382999999999998,0.13425,0.11777,0.14419,0.13947,0.11777,0.16854,0.20909999999999998,0.10128999999999999,0.209463,0.159673,0.273983,0.219893,0.153165,0.146065,0.20190499999999997,0.19672499999999998,0.08587,0.0874,0.08003,0.192703,0.159553,0.184093,0.158993,0.158993,0.17818299999999998,0.158993,0.168843,0.154928,0.13807,0.17424,0.17056,0.20842,0.13701,0.15061,0.197936,0.186166,0.203776,0.22422599999999998,0.18951600000000002,0.19107600000000002,0.193936,0.174006,0.11777,0.10128999999999999,0.11777,0.11777,0.162942,0.155502,0.16145199999999998,0.17558200000000002,0.16720200000000002,0.170232,0.33466999999999997,0.36889999999999995,0.37156999999999996,0.20298999999999998,0.21946999999999997,0.26052,0.20543999999999998,0.13425,0.18981,0.13692593,0.13692,0.19793900000000003,0.21441900000000003,0.16721,0.11777,0.16721,0.13425,0.08481,0.15073,0.15073,0.15073,0.07889,0.150732,0.190329,0.22064899999999998,0.198949,0.21470899999999998,0.21553899999999998,0.15073,0.16721,0.15833,0.17057,0.153816
BLOQUED-0A-A21,0.13485,0.11335999999999999,0.18674999999999997,0.04022,0.00974,0.01618,0.15913999999999998,0.15619999999999998,0.08553,0.12279999999999999,0.16812,0.07862,0.07919000000000001,0.08564000000000001,0.12721,0.17197999999999997,0.26861999999999997,0.05014999999999999,0.14927600000000002,0.160996,0.168046,0.113156,0.11077799999999999,0.163718,0.15381799999999998,0.088008,0.086648,0.09034800000000001,0.16702799999999998,0.086538,0.086668,0.083376,0.085318,0.081476,0.085289,0.07807,0.0,0.08332600000000001,0.083942,0.07566,0.07566,0.07566,0.07566,0.07566,0.07566,0.07566,0.08310500000000001,0.07566,0.07566,0.07566,0.07566,0.10847199999999999,0.18930199999999997,0.092222,0.26531,0.09822,0.06074,0.05918,0.08646600000000002,0.01506,0.10608300000000001,0.091912,0.098633,0.10575300000000001,0.099433,0.112596,0.09504199999999999,0.102319,0.09096299999999999,0.09298000000000001,0.08712600000000001,0.103766,0.094386,0.02002,0.07566,0.07566,0.08321200000000001,0.07566,0.104236,0.133856,0.08518600000000001,0.08139,0.34382,0.11224,0.10769000000000001,0.20640299999999998,0.154413,0.126843,0.11506,0.10944000000000001,0.13917,0.17523999999999998,0.07566,0.05918,0.08560000000000001,0.08088000000000001,0.05918,0.10994999999999999,0.15050999999999998,0.0427,0.150873,0.101083,0.21539299999999997,0.161303,0.09457499999999999,0.087475,0.14331499999999997,0.13813499999999998,0.02728,0.028810000000000002,0.02144,0.134113,0.100963,0.125503,0.10040299999999999,0.10040299999999999,0.119593,0.10040299999999999,0.11025299999999999,0.09633800000000001,0.07948000000000001,0.11565,0.11196999999999999,0.14983,0.07842,0.09201999999999999,0.13934600000000003,0.12757600000000002,0.145186,0.16563599999999998,0.13092600000000001,0.13248600000000002,0.13534600000000002,0.11541599999999999,0.05918,0.0427,0.05918,0.05918,0.104352,0.096912,0.10286200000000001,0.11699200000000001,0.10861200000000001,0.11164199999999999,0.27608,0.31031,0.31298,0.14439999999999997,0.16087999999999997,0.20192999999999997,0.14684999999999998,0.07566,0.13122,0.07833593,0.07833000000000001,0.13934900000000003,0.15582900000000002,0.10862,0.05918,0.10862,0.07566,0.02622,0.09214,0.09214,0.09214,0.0203,0.092142,0.131739,0.162059,0.140359,0.15611899999999998,0.15694899999999998,0.09214,0.10862,0.09974,0.11198,0.095226
CB-EADMI-D6,0.109348,0.087858,0.161248,0.104066,0.07358600000000001,0.08002600000000001,0.13363799999999998,0.13069799999999998,0.060028,0.097298,0.142618,0.053118,0.053688,0.060138000000000004,0.10170799999999999,0.146478,0.243118,0.113996,0.066782,0.078502,0.08555199999999999,0.030662000000000002,0.028284,0.081224,0.071324,0.005514,0.004154,0.007854,0.08453399999999998,0.004044,0.004174,0.000882,0.0028239999999999997,0.002454,0.001963,0.141916,0.08332600000000001,0.0,0.05844,0.050158,0.050158,0.050158,0.050158,0.050158,0.050158,0.050158,0.057603,0.050158,0.050158,0.050158,0.050158,0.08297,0.1638,0.06672,0.23980800000000002,0.09614600000000001,0.058666,0.057106000000000004,0.007444,0.078906,0.104009,0.06641,0.096559,0.10367900000000001,0.097359,0.11052200000000001,0.092968,0.100245,0.088889,0.067478,0.008104,0.024744000000000002,0.015364,0.083866,0.050158,0.050158,0.000718,0.007666,0.02091,0.05053,0.00186,0.055888,0.318318,0.08673800000000001,0.08218800000000001,0.20432899999999998,0.152339,0.124769,0.089558,0.08393800000000001,0.113668,0.14973799999999998,0.017198,0.033678,0.08352600000000002,0.07880600000000001,0.057106000000000004,0.107876,0.14843599999999998,0.040626,0.14879900000000001,0.099009,0.21331899999999998,0.159229,0.069073,0.061973,0.11781299999999999,0.112633,0.09112600000000001,0.092656,0.085286,0.13203900000000002,0.098889,0.123429,0.098329,0.098329,0.117519,0.098329,0.108179,0.013844,0.053978,0.090148,0.086468,0.124328,0.052918,0.066518,0.137272,0.125502,0.14311200000000002,0.16356199999999999,0.12885200000000002,0.13041200000000003,0.133272,0.113342,0.033678,0.040626,0.024146,0.050158,0.10227800000000001,0.094838,0.100788,0.114918,0.10653800000000001,0.109568,0.25057799999999997,0.28480799999999995,0.28747799999999996,0.11889799999999999,0.135378,0.17642799999999997,0.121348,0.050158,0.105718,0.05283393,0.052828,0.056023,0.07250300000000001,0.033678,0.057106000000000004,0.033678,0.066638,0.057106000000000004,0.017198,0.05015800000000001,0.05015800000000001,0.084146,0.06664,0.129665,0.159985,0.138285,0.154045,0.15487499999999998,0.066638,0.083118,0.074238,0.086478,0.016204
CC-ADM-D40,0.067472,0.045982,0.11937199999999999,0.104682,0.074202,0.080642,0.091762,0.088822,0.018151999999999998,0.055422,0.100742,0.011241999999999999,0.011812,0.018262,0.059831999999999996,0.10460199999999999,0.201242,0.11461199999999999,0.123786,0.13550600000000002,0.142556,0.08766600000000001,0.085288,0.13822800000000002,0.128328,0.062518,0.061158000000000004,0.064858,0.141538,0.061048,0.061178,0.057886,0.059828,0.059458000000000004,0.060403000000000005,0.142532,0.083942,0.05844,0.0,0.008282,0.008282,0.008282,0.010093000000000001,0.010093000000000001,0.010093000000000001,0.010093000000000001,0.017538,0.010093000000000001,0.008282,0.010093000000000001,0.008282,0.02453,0.10536,0.00828,0.19793200000000002,0.096762,0.059282,0.057722,0.064448,0.07952200000000001,0.104625,0.00797,0.09717500000000001,0.104295,0.097975,0.11113800000000001,0.093584,0.100861,0.089505,0.025602,0.065108,0.081748,0.072368,0.084482,0.010093000000000001,0.008282,0.057722,0.057722,0.07935,0.10897,0.0603,0.015823000000000004,0.27825300000000003,0.046673000000000006,0.04212300000000001,0.204945,0.15295499999999998,0.125385,0.049492999999999995,0.04387300000000001,0.073603,0.109673,0.041242,0.024762,0.08414200000000001,0.079422,0.057722,0.10849199999999999,0.149052,0.041242,0.149415,0.09962499999999999,0.213935,0.159845,0.029008000000000003,0.021908,0.077748,0.07256800000000001,0.091742,0.093272,0.085902,0.132655,0.09950500000000001,0.12404499999999999,0.098945,0.098945,0.11813499999999999,0.098945,0.108795,0.070848,0.013913000000000002,0.050083,0.046403,0.084263,0.012853000000000002,0.026453,0.137888,0.126118,0.143728,0.164178,0.129468,0.131028,0.133888,0.113958,0.041242,0.041242,0.057722,0.024762,0.10289400000000001,0.09545400000000001,0.101404,0.115534,0.107154,0.110184,0.21051299999999998,0.244743,0.247413,0.077022,0.09350199999999999,0.13636299999999998,0.08128300000000001,0.008282,0.06384200000000001,0.01095793,0.010952,0.114463,0.130943,0.041242,0.057722,0.04305300000000001,0.041242,0.057722,0.057722,0.024762,0.026573000000000003,0.084762,0.008199999999999999,0.130281,0.160601,0.138901,0.154661,0.155491,0.026573000000000003,0.04305300000000001,0.034173,0.044601999999999996,0.073208
CC-AETUC-D30,0.05919,0.037700000000000004,0.11109,0.09640000000000001,0.06592,0.07236000000000001,0.08348,0.08054,0.009869999999999999,0.04714,0.09246,0.00296,0.0035299999999999997,0.009980000000000001,0.05155,0.09631999999999999,0.19296,0.10633000000000001,0.115504,0.127224,0.13427399999999998,0.07938400000000001,0.077006,0.129946,0.12004599999999999,0.054236000000000006,0.052876000000000006,0.05657600000000001,0.13325599999999999,0.052766,0.052896000000000006,0.049604,0.051546,0.051176000000000006,0.05212100000000001,0.13425,0.07566,0.050158,0.008282,0.0,0.0,0.0,0.007403,0.007403,0.007403,0.007403,0.013097999999999999,0.007403,0.0,0.007403,0.0,0.032812,0.11364199999999999,0.016562,0.18965,0.08848,0.051000000000000004,0.049440000000000005,0.056166,0.07124,0.096343,0.016252,0.088893,0.096013,0.089693,0.102856,0.085302,0.092579,0.081223,0.01732,0.05682600000000001,0.073466,0.064086,0.0762,0.007403,0.0,0.049440000000000005,0.049440000000000005,0.071068,0.100688,0.052018,0.013133,0.275563,0.043983,0.039433,0.19666299999999998,0.144673,0.117103,0.046803,0.041183000000000004,0.070913,0.106983,0.03296,0.01648,0.07586000000000001,0.07114000000000001,0.049440000000000005,0.10021,0.14076999999999998,0.03296,0.141133,0.09134300000000001,0.20565299999999997,0.151563,0.024568,0.017467999999999997,0.073308,0.068128,0.08346,0.08499000000000001,0.07762000000000001,0.124373,0.091223,0.11576299999999999,0.090663,0.090663,0.10985299999999999,0.090663,0.10051299999999999,0.06256600000000001,0.011223,0.047393000000000005,0.043713,0.081573,0.010163,0.023763,0.129606,0.11783600000000001,0.135446,0.15589599999999998,0.121186,0.12274600000000001,0.125606,0.105676,0.03296,0.03296,0.049440000000000005,0.01648,0.094612,0.087172,0.09312200000000001,0.107252,0.098872,0.10190199999999999,0.20782299999999998,0.24205299999999996,0.24472299999999997,0.06874,0.08521999999999999,0.133673,0.078593,0.0,0.055560000000000005,0.00267593,0.00267,0.106181,0.12266099999999999,0.03296,0.049440000000000005,0.040363,0.03296,0.049440000000000005,0.049440000000000005,0.01648,0.023883,0.07648,0.016481999999999997,0.121999,0.15231899999999998,0.13061899999999999,0.14637899999999998,0.14720899999999998,0.023883,0.040363,0.031483000000000004,0.03632,0.06492600000000001
CC-ARQUITECTURA-D107,0.05919,0.037700000000000004,0.11109,0.09640000000000001,0.06592,0.07236000000000001,0.08348,0.08054,0.009869999999999999,0.04714,0.09246,0.00296,0.0035299999999999997,0.009980000000000001,0.05155,0.09631999999999999,0.19296,0.10633000000000001,0.115504,0.127224,0.13427399999999998,0.07938400000000001,0.077006,0.129946,0.12004599999999999,0.054236000000000006,0.052876000000000006,0.05657600000000001,0.13325599999999999,0.052766,0.052896000000000006,0.049604,0.051546,0.051176000000000006,0.05212100000000001,0.13425,0.07566,0.050158,0.008282,0.0,0.0,0.0,0.007403,0.007403,0.007403,0.007403,0.013097999999999999,0.007403,0.0,0.007403,0.0,0.032812,0.11364199999999999,0.016562,0.18965,0.08848,0.051000000000000004,0.049440000000000005,0.056166,0.07124,0.096343,0.016252,0.088893,0.096013,0.089693,0.102856,0.085302,0.092579,0.081223,0.01732,0.05682600000000001,0.073466,0.064086,0.0762,0.007403,0.0,0.049440000000000005,0.049440000000000005,0.071068,0.100688,0.052018,0.013133,0.275563,0.043983,0.039433,0.19666299999999998,0.144673,0.117103,0.046803,0.041183000000000004,0.070913,0.106983,0.03296,0.01648,0.07586000000000001,0.07114000000000001,0.049440000000000005,0.10021,0.14076999999999998,0.03296,0.141133,0.09134300000000001,0.20565299999999997,0.151563,0.024568,0.017467999999999997,0.073308,0.068128,0.08346,0.08499000000000001,0.07762000000000001,0.124373,0.091223,0.11576299999999999,0.090663,0.090663,0.10985299999999999,0.090663,0.10051299999999999,0.06256600000000001,0.011223,0.047393000000000005,0.043713,0.081573,0.010163,0.023763,0.129606,0.11783600000000001,0.135446,0.15589599999999998,0.121186,0.12274600000000001,0.125606,0.105676,0.03296,0.03296,0.049440000000000005,0.01648,0.094612,0.087172,0.09312200000000001,0.107252,0.098872,0.10190199999999999,0.20782299999999998,0.24205299999999996,0.24472299999999997,0.06874,0.08521999999999999,0.133673,0.078593,0.0,0.055560000000000005,0.00267593,0.00267,0.106181,0.12266099999999999,0.03296,0.049440000000000005,0.040363,0.03296,0.049440000000000005,0.049440000000000005,0.01648,0.023883,0.07648,0.016481999999999997,0.121999,0.15231899999999998,0.13061899999999999,0.14637899999999998,0.14720899999999998,0.023883,0.040363,0.031483000000000004,0.03632,0.06492600000000001
CC-BIBLIOTECA-D112,0.05919,0.037700000000000004,0.11109,0.09640000000000001,0.06592,0.07236000000000001,0.08348,0.08054,0.009869999999999999,0.04714,0.09246,0.00296,0.0035299999999999997,0.009980000000000001,0.05155,0.09631999999999999,0.19296,0.10633000000000001,0.115504,0.127224,0.13427399999999998,0.07938400000000001,0.077006,0.129946,0.12004599999999999,0.054236000000000006,0.052876000000000006,0.05657600000000001,0.13325599999999999,0.052766,0.052896000000000006,0.049604,0.051546,0.051176000000000006,0.05212100000000001,0.13425,0.07566,0.050158,0.008282,0.0,0.0,0.0,0.007403,0.007403,0.007403,0.007403,0.013097999999999999,0.007403,0.0,0.007403,0.0,0.032812,0.11364199999999999,0.016562,0.18965,0.08848,0.051000000000000004,0.049440000000000005,0.056166,0.07124,0.096343,0.016252,0.088893,0.096013,0.089693,0.102856,0.085302,0.092579,0.081223,0.01732,0.05682600000000001,0.073466,0.064086,0.0762,0.007403,0.0,0.049440000000000005,0.049440000000000005,0.071068,0.100688,0.052018,0.013133,0.275563,0.043983,0.039433,0.19666299999999998,0.144673,0.117103,0.046803,0.041183000000000004,0.070913,0.106983,0.03296,0.01648,0.07586000000000001,0.07114000000000001,0.049440000000000005,0.10021,0.14076999999999998,0.03296,0.141133,0.09134300000000001,0.20565299999999997,0.151563,0.024568,0.017467999999999997,0.073308,0.068128,0.08346,0.08499000000000001,0.07762000000000001,0.124373,0.091223,0.11576299999999999,0.090663,0.090663,0.10985299999999999,0.090663,0.10051299999999999,0.06256600000000001,0.011223,0.047393000000000005,0.043713,0.081573,0.010163,0.023763,0.129606,0.11783600000000001,0.135446,0.15589599999999998,0.121186,0.12274600000000001,0.125606,0.105676,0.03296,0.03296,0.049440000000000005,0.01648,0.094612,0.087172,0.09312200000000001,0.107252,0.098872,0.10190199999999999,0.20782299999999998,0.24205299999999996,0.24472299999999997,0.06874,0.08521999999999999,0.133673,0.078593,0.0,0.055560000000000005,0.00267593,0.00267,0.106181,0.12266099999999999,0.03296,0.049440000000000005,0.040363,0.03296,0.049440000000000005,0.049440000000000005,0.01648,0.023883,0.07648,0.016481999999999997,0.121999,0.15231899999999998,0.13061899999999999,0.14637899999999998,0.14720899999999998,0.023883,0.040363,0.031483000000000004,0.03632,0.06492600000000001
CC-BLOQUE-IQ,0.066593,0.045103000000000004,0.11849299999999999,0.09640000000000001,0.06592,0.07236000000000001,0.09088299999999999,0.087943,0.017272999999999997,0.054543,0.09986300000000001,0.010363,0.010933,0.017383000000000003,0.058953,0.10372299999999998,0.20036299999999999,0.10633000000000001,0.115504,0.127224,0.13427399999999998,0.07938400000000001,0.077006,0.129946,0.12004599999999999,0.054236000000000006,0.052876000000000006,0.05657600000000001,0.13325599999999999,0.052766,0.052896000000000006,0.049604,0.051546,0.051176000000000006,0.05212100000000001,0.13425,0.07566,0.050158,0.010093000000000001,0.007403,0.007403,0.007403,0.0,0.0,0.0,0.0,0.007445,0.0,0.007403,0.0,0.007403,0.034623,0.115453,0.018373,0.197053,0.095883,0.058403000000000004,0.056843000000000005,0.056166,0.07124,0.103746,0.018063000000000003,0.096296,0.10341600000000001,0.097096,0.11025900000000001,0.09270500000000001,0.099982,0.08862600000000001,0.024723,0.05682600000000001,0.073466,0.064086,0.0762,0.0,0.007403,0.049440000000000005,0.049440000000000005,0.071068,0.100688,0.052018,0.005730000000000001,0.26816,0.03658,0.03203,0.204066,0.152076,0.124506,0.0394,0.033780000000000004,0.06351,0.09958,0.03296,0.01648,0.083263,0.078543,0.056843000000000005,0.10761299999999999,0.14817299999999997,0.040363,0.148536,0.098746,0.213056,0.158966,0.018915,0.011814999999999999,0.06765499999999999,0.062475,0.08346,0.08499000000000001,0.07762000000000001,0.131776,0.098626,0.123166,0.098066,0.098066,0.117256,0.098066,0.107916,0.06256600000000001,0.00382,0.039990000000000005,0.03631,0.07417,0.00276,0.01636,0.13700900000000002,0.12523900000000002,0.142849,0.163299,0.128589,0.13014900000000001,0.13300900000000002,0.11307900000000001,0.040363,0.03296,0.049440000000000005,0.023883,0.10201500000000001,0.094575,0.100525,0.114655,0.10627500000000001,0.109305,0.20042,0.23464999999999997,0.23731999999999998,0.07614299999999999,0.09262299999999998,0.12627,0.07119,0.007403,0.062963,0.01007893,0.010073,0.106181,0.12266099999999999,0.040363,0.056843000000000005,0.03296,0.040363,0.049440000000000005,0.049440000000000005,0.023883,0.01648,0.07648,0.018293,0.12940200000000002,0.159722,0.138022,0.153782,0.154612,0.01648,0.03296,0.02408,0.043723,0.06492600000000001
CC-ECONOMIA-D51,0.066593,0.045103000000000004,0.11849299999999999,0.09640000000000001,0.06592,0.07236000000000001,0.09088299999999999,0.087943,0.017272999999999997,0.054543,0.09986300000000001,0.010363,0.010933,0.017383000000000003,0.058953,0.10372299999999998,0.20036299999999999,0.10633000000000001,0.115504,0.127224,0.13427399999999998,0.07938400000000001,0.077006,0.129946,0.12004599999999999,0.054236000000000006,0.052876000000000006,0.05657600000000001,0.13325599999999999,0.052766,0.052896000000000006,0.049604,0.051546,0.051176000000000006,0.05212100000000001,0.13425,0.07566,0.050158,0.010093000000000001,0.007403,0.007403,0.007403,0.0,0.0,0.0,0.0,0.007445,0.0,0.007403,0.0,0.007403,0.034623,0.115453,0.018373,0.197053,0.095883,0.058403000000000004,0.056843000000000005,0.056166,0.07124,0.103746,0.018063000000000003,0.096296,0.10341600000000001,0.097096,0.11025900000000001,0.09270500000000001,0.099982,0.08862600000000001,0.024723,0.05682600000000001,0.073466,0.064086,0.0762,0.0,0.007403,0.049440000000000005,0.049440000000000005,0.071068,0.100688,0.052018,0.005730000000000001,0.26816,0.03658,0.03203,0.204066,0.152076,0.124506,0.0394,0.033780000000000004,0.06351,0.09958,0.03296,0.01648,0.083263,0.078543,0.056843000000000005,0.10761299999999999,0.14817299999999997,0.040363,0.148536,0.098746,0.213056,0.158966,0.018915,0.011814999999999999,0.06765499999999999,0.062475,0.08346,0.08499000000000001,0.07762000000000001,0.131776,0.098626,0.123166,0.098066,0.098066,0.117256,0.098066,0.107916,0.06256600000000001,0.00382,0.039990000000000005,0.03631,0.07417,0.00276,0.01636,0.13700900000000002,0.12523900000000002,0.142849,0.163299,0.128589,0.13014900000000001,0.13300900000000002,0.11307900000000001,0.040363,0.03296,0.049440000000000005,0.023883,0.10201500000000001,0.094575,0.100525,0.114655,0.10627500000000001,0.109305,0.20042,0.23464999999999997,0.23731999999999998,0.07614299999999999,0.09262299999999998,0.12627,0.07119,0.007403,0.062963,0.01007893,0.010073,0.106181,0.12266099999999999,0.040363,0.056843000000000005,0.03296,0.040363,0.049440000000000005,0.049440000000000005,0.023883,0.01648,0.07648,0.018293,0.12940200000000002,0.159722,0.138022,0.153782,0.154612,0.01648,0.03296,0.02408,0.043723,0.06492600000000001
CC-FILOSOFIA-A-D108,0.066593,0.045103000000000004,0.11849299999999999,0.09640000000000001,0.06592,0.07236000000000001,0.09088299999999999,0.087943,0.017272999999999997,0.054543,0.09986300000000001,0.010363,0.010933,0.017383000000000003,0.058953,0.10372299999999998,0.20036299999999999,0.10633000000000001,0.115504,0.127224,0.13427399999999998,0.07938400000000001,0.077006,0.129946,0.12004599999999999,0.054236000000000006,0.052876000000000006,0.05657600000000001,0.13325599999999999,0.052766,0.052896000000000006,0.049604,0.051546,0.051176000000000006,0.05212100000000001,0.13425,0.07566,0.050158,0.010093000000000001,0.007403,0.007403,0.007403,0.0,0.0,0.0,0.0,0.007445,0.0,0.007403,0.0,0.007403,0.034623,0.115453,0.018373,0.197053,0.095883,0.058403000000000004,0.056843000000000005,0.056166,0.07124,0.103746,0.018063000000000003,0.096296,0.10341600000000001,0.097096,0.11025900000000001,0.09270500000000001,0.099982,0.08862600000000001,0.024723,0.05682600000000001,0.073466,0.064086,0.0762,0.0,0.007403,0.049440000000000005,0.049440000000000005,0.071068,0.100688,0.052018,0.005730000000000001,0.26816,0.03658,0.03203,0.204066,0.152076,0.124506,0.0394,0.033780000000000004,0.06351,0.09958,0.03296,0.01648,0.083263,0.078543,0.056843000000000005,0.10761299999999999,0.14817299999999997,0.040363,0.148536,0.098746,0.213056,0.158966,0.018915,0.011814999999999999,0.06765499999999999,0.062475,0.08346,0.08499000000000001,0.07762000000000001,0.131776,0.098626,0.123166,0.098066,0.098066,0.117256,0.098066,0.107916,0.06256600000000001,0.00382,0.039990000000000005,0.03631,0.07417,0.00276,0.01636,0.13700900000000002,0.12523900000000002,0.142849,0.163299,0.128589,0.13014900000000001,0.13300900000000002,0.11307900000000001,0.040363,0.03296,0.049440000000000005,0.023883,0.10201500000000001,0.094575,0.100525,0.114655,0.10627500000000001,0.109305,0.20042,0.23464999999999997,0.23731999999999998,0.07614299999999999,0.09262299999999998,0.12627,0.07119,0.007403,0.062963,0.01007893,0.010073,0.106181,0.12266099999999999,0.040363,0.056843000000000005,0.03296,0.040363,0.049440000000000005,0.049440000000000005,0.023883,0.01648,0.07648,0.018293,0.12940200000000002,0.159722,0.138022,0.153782,0.154612,0.01648,0.03296,0.02408,0.043723,0.06492600000000001
CC-FILOSOFIA-B-D111,0.066593,0.045103000000000004,0.11849299999999999,0.09640000000000001,0.06592,0.07236000000000001,0.09088299999999999,0.087943,0.017272999999999997,0.054543,0.09986300000000001,0.010363,0.010933,0.017383000000000003,0.058953,0.10372299999999998,0.20036299999999999,0.10633000000000001,0.115504,0.127224,0.13427399999999998,0.07938400000000001,0.077006,0.129946,0.12004599999999999,0.054236000000000006,0.052876000000000006,0.05657600000000001,0.13325599999999999,0.052766,0.052896000000000006,0.049604,0.051546,0.051176000000000006,0.05212100000000001,0.13425,0.07566,0.050158,0.010093000000000001,0.007403,0.007403,0.007403,0.0,0.0,0.0,0.0,0.007445,0.0,0.007403,0.0,0.007403,0.034623,0.115453,0.018373,0.197053,0.095883,0.058403000000000004,0.056843000000000005,0.056166,0.07124,0.103746,0.018063000000000003,0.096296,0.10341600000000001,0.097096,0.11025900000000001,0.09270500000000001,0.099982,0.08862600000000001,0.024723,0.05682600000000001,0.073466,0.064086,0.0762,0.0,0.007403,0.049440000000000005,0.049440000000000005,0.071068,0.100688,0.052018,0.005730000000000001,0.26816,0.03658,0.03203,0.204066,0.152076,0.124506,0.0394,0.033780000000000004,0.06351,0.09958,0.03296,0.01648,0.083263,0.078543,0.056843000000000005,0.10761299999999999,0.14817299999999997,0.040363,0.148536,0.098746,0.213056,0.158966,0.018915,0.011814999999999999,0.06765499999999999,0.062475,0.08346,0.08499000000000001,0.07762000000000001,0.131776,0.098626,0.123166,0.098066,0.098066,0.117256,0.098066,0.107916,0.06256600000000001,0.00382,0.039990000000000005,0.03631,0.07417,0.00276,0.01636,0.13700900000000002,0.12523900000000002,0.142849,0.163299,0.128589,0.13014900000000001,0.13300900000000002,0.11307900000000001,0.040363,0.03296,0.049440000000000005,0.023883,0.10201500000000001,0.094575,0.100525,0.114655,0.10627500000000001,0.109305,0.20042,0.23464999999999997,0.23731999999999998,0.07614299999999999,0.09262299999999998,0.12627,0.07119,0.007403,0.062963,0.01007893,0.010073,0.106181,0.12266099999999999,0.040363,0.056843000000000005,0.03296,0.040363,0.049440000000000005,0.049440000000000005,0.023883,0.01648,0.07648,0.018293,0.12940200000000002,0.159722,0.138022,0.153782,0.154612,0.01648,0.03296,0.02408,0.043723,0.06492600000000001
CC-JURISPRUDENCIA-D110,0.07228799999999999,0.050798,0.12418799999999999,0.103845,0.07336500000000001,0.07980500000000001,0.096578,0.093638,0.022967999999999995,0.060238,0.105558,0.016058,0.016627999999999997,0.023078,0.064648,0.10941799999999999,0.206058,0.113775,0.122949,0.134669,0.14171899999999998,0.08682900000000002,0.084451,0.137391,0.127491,0.06168100000000001,0.06032100000000001,0.06402100000000001,0.140701,0.060211,0.060341000000000006,0.057049,0.058991,0.058621000000000006,0.05956600000000001,0.14169500000000002,0.08310500000000001,0.057603,0.017538,0.013097999999999999,0.013097999999999999,0.013097999999999999,0.007445,0.007445,0.007445,0.007445,0.0,0.007445,0.013097999999999999,0.007445,0.013097999999999999,0.042068,0.12289800000000001,0.025818,0.202748,0.101578,0.064098,0.06253800000000001,0.063611,0.078685,0.109441,0.025508000000000003,0.101991,0.109111,0.102791,0.11595400000000002,0.0984,0.105677,0.094321,0.030417999999999997,0.06427100000000001,0.08091100000000001,0.07153100000000001,0.083645,0.007445,0.013097999999999999,0.056885000000000005,0.056885000000000005,0.078513,0.108133,0.059463,0.013175000000000001,0.275605,0.044025,0.039475,0.20976099999999998,0.157771,0.130201,0.046845,0.041225000000000005,0.07095499999999999,0.10702500000000001,0.040405,0.023925000000000002,0.08895800000000001,0.08423800000000001,0.06253800000000001,0.11330799999999999,0.15386799999999998,0.046058,0.154231,0.104441,0.21875099999999997,0.164661,0.011470000000000001,0.00437,0.06021,0.05503,0.09090500000000001,0.092435,0.085065,0.137471,0.104321,0.128861,0.10376099999999999,0.10376099999999999,0.12295099999999999,0.10376099999999999,0.113611,0.070011,0.011265,0.047435000000000005,0.043755,0.081615,0.010205,0.023805,0.142704,0.130934,0.148544,0.16899399999999998,0.13428400000000001,0.13584400000000002,0.138704,0.118774,0.046058,0.040405,0.056885000000000005,0.029578,0.10771,0.10027,0.10622000000000001,0.12035,0.11197,0.115,0.207865,0.242095,0.244765,0.081838,0.09831799999999999,0.133715,0.07863500000000001,0.013097999999999999,0.068658,0.01577393,0.015767999999999997,0.113626,0.130106,0.046058,0.06253800000000001,0.040405,0.046058,0.056885000000000005,0.056885000000000005,0.029578,0.023925000000000002,0.083925,0.025738,0.13509700000000002,0.16541699999999998,0.14371699999999998,0.15947699999999998,0.16030699999999998,0.023925000000000002,0.040405,0.031525000000000004,0.049418,0.072371
CC-MONJAS-D126,0.066593,0.045103000000000004,0.11849299999999999,0.09640000000000001,0.06592,0.07236000000000001,0.09088299999999999,0.087943,0.017272999999999997,0.054543,0.09986300000000001,0.010363,0.010933,0.017383000000000003,0.058953,0.10372299999999998,0.20036299999999999,0.10633000000000001,0.115504,0.127224,0.13427399999999998,0.07938400000000001,0.077006,0.129946,0.12004599999999999,0.054236000000000006,0.052876000000000006,0.05657600000000001,0.13325599999999999,0.052766,0.052896000000000006,0.049604,0.051546,0.051176000000000006,0.05212100000000001,0.13425,0.07566,0.050158,0.010093000000000001,0.007403,0.007403,0.007403,0.0,0.0,0.0,0.0,0.007445,0.0,0.007403,0.0,0.007403,0.034623,0.115453,0.018373,0.197053,0.095883,0.058403000000000004,0.056843000000000005,0.056166,0.07124,0.103746,0.018063000000000003,0.096296,0.10341600000000001,0.097096,0.11025900000000001,0.09270500000000001,0.099982,0.08862600000000001,0.024723,0.05682600000000001,0.073466,0.064086,0.0762,0.0,0.007403,0.049440000000000005,0.049440000000000005,0.071068,0.100688,0.052018,0.005730000000000001,0.26816,0.03658,0.03203,0.204066,0.152076,0.124506,0.0394,0.033780000000000004,0.06351,0.09958,0.03296,0.01648,0.083263,0.078543,0.056843000000000005,0.10761299999999999,0.14817299999999997,0.040363,0.148536,0.098746,0.213056,0.158966,0.018915,0.011814999999999999,0.06765499999999999,0.062475,0.08346,0.08499000000000001,0.07762000000000001,0.131776,0.098626,0.123166,0.098066,0.098066,0.117256,0.098066,0.107916,0.06256600000000001,0.00382,0.039990000000000005,0.03631,0.07417,0.00276,0.01636,0.13700900000000002,0.12523900000000002,0.142849,0.163299,0.128589,0.13014900000000001,0.13300900000000002,0.11307900000000001,0.040363,0.03296,0.049440000000000005,0.023883,0.10201500000000001,0.094575,0.100525,0.114655,0.10627500000000001,0.109305,0.20042,0.23464999999999997,0.23731999999999998,0.07614299999999999,0.09262299999999998,0.12627,0.07119,0.007403,0.062963,0.01007893,0.010073,0.106181,0.12266099999999999,0.040363,0.056843000000000005,0.03296,0.040363,0.049440000000000005,0.049440000000000005,0.023883,0.01648,0.07648,0.018293,0.12940200000000002,0.159722,0.138022,0.153782,0.154612,0.01648,0.03296,0.02408,0.043723,0.06492600000000001
CC-PROMAS-D31,0.05919,0.037700000000000004,0.11109,0.09640000000000001,0.06592,0.07236000000000001,0.08348,0.08054,0.009869999999999999,0.04714,0.09246,0.00296,0.0035299999999999997,0.009980000000000001,0.05155,0.09631999999999999,0.19296,0.10633000000000001,0.115504,0.127224,0.13427399999999998,0.07938400000000001,0.077006,0.129946,0.12004599999999999,0.054236000000000006,0.052876000000000006,0.05657600000000001,0.13325599999999999,0.052766,0.052896000000000006,0.049604,0.051546,0.051176000000000006,0.05212100000000001,0.13425,0.07566,0.050158,0.008282,0.0,0.0,0.0,0.007403,0.007403,0.007403,0.007403,0.013097999999999999,0.007403,0.0,0.007403,0.0,0.032812,0.11364199999999999,0.016562,0.18965,0.08848,0.051000000000000004,0.049440000000000005,0.056166,0.07124,0.096343,0.016252,0.088893,0.096013,0.089693,0.102856,0.085302,0.092579,0.081223,0.01732,0.05682600000000001,0.073466,0.064086,0.0762,0.007403,0.0,0.049440000000000005,0.049440000000000005,0.071068,0.100688,0.052018,0.013133,0.275563,0.043983,0.039433,0.19666299999999998,0.144673,0.117103,0.046803,0.041183000000000004,0.070913,0.106983,0.03296,0.01648,0.07586000000000001,0.07114000000000001,0.049440000000000005,0.10021,0.14076999999999998,0.03296,0.141133,0.09134300000000001,0.20565299999999997,0.151563,0.024568,0.017467999999999997,0.073308,0.068128,0.08346,0.08499000000000001,0.07762000000000001,0.124373,0.091223,0.11576299999999999,0.090663,0.090663,0.10985299999999999,0.090663,0.10051299999999999,0.06256600000000001,0.011223,0.047393000000000005,0.043713,0.081573,0.010163,0.023763,0.129606,0.11783600000000001,0.135446,0.15589599999999998,0.121186,0.12274600000000001,0.125606,0.105676,0.03296,0.03296,0.049440000000000005,0.01648,0.094612,0.087172,0.09312200000000001,0.107252,0.098872,0.10190199999999999,0.20782299999999998,0.24205299999999996,0.24472299999999997,0.06874,0.08521999999999999,0.133673,0.078593,0.0,0.055560000000000005,0.00267593,0.00267,0.106181,0.12266099999999999,0.03296,0.049440000000000005,0.040363,0.03296,0.049440000000000005,0.049440000000000005,0.01648,0.023883,0.07648,0.016481999999999997,0.121999,0.15231899999999998,0.13061899999999999,0.14637899999999998,0.14720899999999998,0.023883,0.040363,0.031483000000000004,0.03632,0.06492600000000001
CC-PSICOLOGIA-D125,0.066593,0.045103000000000004,0.11849299999999999,0.09640000000000001,0.06592,0.07236000000000001,0.09088299999999999,0.087943,0.017272999999999997,0.054543,0.09986300000000001,0.010363,0.010933,0.017383000000000003,0.058953,0.10372299999999998,0.20036299999999999,0.10633000000000001,0.115504,0.127224,0.13427399999999998,0.07938400000000001,0.077006,0.129946,0.12004599999999999,0.054236000000000006,0.052876000000000006,0.05657600000000001,0.13325599999999999,0.052766,0.052896000000000006,0.049604,0.051546,0.051176000000000006,0.05212100000000001,0.13425,0.07566,0.050158,0.010093000000000001,0.007403,0.007403,0.007403,0.0,0.0,0.0,0.0,0.007445,0.0,0.007403,0.0,0.007403,0.034623,0.115453,0.018373,0.197053,0.095883,0.058403000000000004,0.056843000000000005,0.056166,0.07124,0.103746,0.018063000000000003,0.096296,0.10341600000000001,0.097096,0.11025900000000001,0.09270500000000001,0.099982,0.08862600000000001,0.024723,0.05682600000000001,0.073466,0.064086,0.0762,0.0,0.007403,0.049440000000000005,0.049440000000000005,0.071068,0.100688,0.052018,0.005730000000000001,0.26816,0.03658,0.03203,0.204066,0.152076,0.124506,0.0394,0.033780000000000004,0.06351,0.09958,0.03296,0.01648,0.083263,0.078543,0.056843000000000005,0.10761299999999999,0.14817299999999997,0.040363,0.148536,0.098746,0.213056,0.158966,0.018915,0.011814999999999999,0.06765499999999999,0.062475,0.08346,0.08499000000000001,0.07762000000000001,0.131776,0.098626,0.123166,0.098066,0.098066,0.117256,0.098066,0.107916,0.06256600000000001,0.00382,0.039990000000000005,0.03631,0.07417,0.00276,0.01636,0.13700900000000002,0.12523900000000002,0.142849,0.163299,0.128589,0.13014900000000001,0.13300900000000002,0.11307900000000001,0.040363,0.03296,0.049440000000000005,0.023883,0.10201500000000001,0.094575,0.100525,0.114655,0.10627500000000001,0.109305,0.20042,0.23464999999999997,0.23731999999999998,0.07614299999999999,0.09262299999999998,0.12627,0.07119,0.007403,0.062963,0.01007893,0.010073,0.106181,0.12266099999999999,0.040363,0.056843000000000005,0.03296,0.040363,0.049440000000000005,0.049440000000000005,0.023883,0.01648,0.07648,0.018293,0.12940200000000002,0.159722,0.138022,0.153782,0.154612,0.01648,0.03296,0.02408,0.043723,0.06492600000000001
CC-QUIMICA-D109,0.05919,0.037700000000000004,0.11109,0.09640000000000001,0.06592,0.07236000000000001,0.08348,0.08054,0.009869999999999999,0.04714,0.09246,0.00296,0.0035299999999999997,0.009980000000000001,0.05155,0.09631999999999999,0.19296,0.10633000000000001,0.115504,0.127224,0.13427399999999998,0.07938400000000001,0.077006,0.129946,0.12004599999999999,0.054236000000000006,0.052876000000000006,0.05657600000000001,0.13325599999999999,0.052766,0.052896000000000006,0.049604,0.051546,0.051176000000000006,0.05212100000000001,0.13425,0.07566,0.050158,0.008282,0.0,0.0,0.0,0.007403,0.007403,0.007403,0.007403,0.013097999999999999,0.007403,0.0,0.007403,0.0,0.032812,0.11364199999999999,0.016562,0.18965,0.08848,0.051000000000000004,0.049440000000000005,0.056166,0.07124,0.096343,0.016252,0.088893,0.096013,0.089693,0.102856,0.085302,0.092579,0.081223,0.01732,0.05682600000000001,0.073466,0.064086,0.0762,0.007403,0.0,0.049440000000000005,0.049440000000000005,0.071068,0.100688,0.052018,0.013133,0.275563,0.043983,0.039433,0.19666299999999998,0.144673,0.117103,0.046803,0.041183000000000004,0.070913,0.106983,0.03296,0.01648,0.07586000000000001,0.07114000000000001,0.049440000000000005,0.10021,0.14076999999999998,0.03296,0.141133,0.09134300000000001,0.20565299999999997,0.151563,0.024568,0.017467999999999997,0.073308,0.068128,0.08346,0.08499000000000001,0.07762000000000001,0.124373,0.091223,0.11576299999999999,0.090663,0.090663,0.10985299999999999,0.090663,0.10051299999999999,0.06256600000000001,0.011223,0.047393000000000005,0.043713,0.081573,0.010163,0.023763,0.129606,0.11783600000000001,0.135446,0.15589599999999998,0.121186,0.12274600000000001,0.125606,0.105676,0.03296,0.03296,0.049440000000000005,0.01648,0.094612,0.087172,0.09312200000000001,0.107252,0.098872,0.10190199999999999,0.20782299999999998,0.24205299999999996,0.24472299999999997,0.06874,0.08521999999999999,0.133673,0.078593,0.0,0.055560000000000005,0.00267593,0.00267,0.106181,0.12266099999999999,0.03296,0.049440000000000005,0.040363,0.03296,0.049440000000000005,0.049440000000000005,0.01648,0.023883,0.07648,0.016481999999999997,0.121999,0.15231899999999998,0.13061899999999999,0.14637899999999998,0.14720899999999998,0.023883,0.040363,0.031483000000000004,0.03632,0.06492600000000001
CCADM-2A-A43,0.092002,0.070512,0.143902,0.129212,0.09873199999999999,0.10517199999999999,0.116292,0.11335200000000001,0.042682,0.079952,0.125272,0.035772,0.036342,0.042792000000000004,0.08436199999999999,0.129132,0.225772,0.139142,0.148316,0.160036,0.16708599999999998,0.11219600000000002,0.109818,0.162758,0.152858,0.08704800000000001,0.08568800000000001,0.08938800000000001,0.166068,0.085578,0.085708,0.082416,0.084358,0.08398800000000001,0.08493300000000001,0.167062,0.10847199999999999,0.08297,0.02453,0.032812,0.032812,0.032812,0.034623,0.034623,0.034623,0.034623,0.042068,0.034623,0.032812,0.034623,0.032812,0.0,0.12989,0.03281,0.22246200000000002,0.12129200000000001,0.083812,0.082252,0.088978,0.10405199999999999,0.129155,0.0325,0.12170500000000001,0.128825,0.122505,0.135668,0.118114,0.125391,0.114035,0.050131999999999996,0.08963800000000001,0.10627800000000001,0.09689800000000001,0.109012,0.034623,0.032812,0.082252,0.082252,0.10388,0.1335,0.08483,0.040353,0.302783,0.071203,0.066653,0.22947499999999998,0.17748499999999998,0.149915,0.074023,0.068403,0.098133,0.13420300000000002,0.065772,0.049292,0.10867200000000002,0.10395200000000002,0.082252,0.133022,0.173582,0.065772,0.173945,0.12415499999999999,0.23846499999999998,0.18437499999999998,0.053538,0.046438,0.102278,0.097098,0.11627199999999999,0.11780199999999999,0.11043199999999999,0.157185,0.124035,0.14857499999999998,0.123475,0.123475,0.142665,0.123475,0.133325,0.095378,0.038443,0.07461300000000001,0.070933,0.108793,0.037383,0.050983,0.162418,0.150648,0.168258,0.188708,0.153998,0.155558,0.158418,0.138488,0.065772,0.065772,0.08225199999999999,0.049292,0.127424,0.11998400000000001,0.125934,0.140064,0.131684,0.134714,0.235043,0.269273,0.271943,0.101552,0.118032,0.160893,0.105813,0.032812,0.088372,0.03548793,0.035482,0.138993,0.155473,0.065772,0.08225199999999999,0.067583,0.065772,0.08225199999999999,0.082252,0.049292,0.051103,0.109292,0.032729999999999995,0.154811,0.185131,0.163431,0.179191,0.180021,0.051103,0.067583,0.058703000000000005,0.069132,0.097738
CCADM-2A-A44,0.17283199999999999,0.151342,0.224732,0.21004199999999998,0.17956199999999997,0.18600199999999997,0.197122,0.194182,0.123512,0.16078199999999998,0.206102,0.116602,0.117172,0.123622,0.165192,0.20996199999999998,0.306602,0.21997199999999997,0.229146,0.240866,0.24791599999999997,0.193026,0.19064799999999998,0.243588,0.23368799999999998,0.167878,0.166518,0.17021799999999998,0.24689799999999998,0.166408,0.166538,0.163246,0.165188,0.164818,0.165763,0.24789199999999997,0.18930199999999997,0.1638,0.10536,0.11364199999999999,0.11364199999999999,0.11364199999999999,0.115453,0.115453,0.115453,0.115453,0.12289800000000001,0.115453,0.11364199999999999,0.115453,0.11364199999999999,0.12989,0.0,0.11363999999999999,0.303292,0.202122,0.16464199999999998,0.163082,0.169808,0.184882,0.20998499999999998,0.11333,0.202535,0.20965499999999998,0.203335,0.216498,0.19894399999999998,0.206221,0.19486499999999998,0.130962,0.170468,0.187108,0.177728,0.18984199999999998,0.115453,0.11364199999999999,0.163082,0.163082,0.18470999999999999,0.21433,0.16565999999999997,0.121183,0.383613,0.152033,0.147483,0.31030499999999994,0.25831499999999996,0.23074499999999998,0.154853,0.149233,0.17896299999999998,0.215033,0.14660199999999998,0.130122,0.189502,0.184782,0.163082,0.213852,0.25441199999999997,0.14660199999999998,0.254775,0.20498499999999997,0.319295,0.26520499999999997,0.134368,0.127268,0.183108,0.177928,0.19710199999999997,0.19863199999999998,0.191262,0.23801499999999998,0.204865,0.22940499999999997,0.204305,0.204305,0.22349499999999997,0.204305,0.21415499999999998,0.17620799999999998,0.119273,0.155443,0.151763,0.189623,0.118213,0.131813,0.243248,0.231478,0.24908799999999998,0.26953799999999994,0.23482799999999998,0.236388,0.239248,0.21931799999999999,0.14660199999999998,0.14660199999999998,0.16308199999999998,0.130122,0.208254,0.200814,0.20676399999999998,0.22089399999999998,0.21251399999999998,0.21554399999999999,0.31587299999999996,0.35010299999999994,0.35277299999999995,0.182382,0.19886199999999998,0.241723,0.186643,0.11364199999999999,0.169202,0.11631793,0.116312,0.219823,0.23630299999999999,0.14660199999999998,0.16308199999999998,0.148413,0.14660199999999998,0.16308199999999998,0.163082,0.130122,0.131933,0.19012199999999999,0.11356,0.235641,0.265961,0.24426099999999998,0.26002099999999995,0.26085099999999994,0.131933,0.148413,0.139533,0.14996199999999998,0.178568
CCADM-2A-A45,0.075752,0.054262000000000005,0.127652,0.112962,0.082482,0.088922,0.10004199999999999,0.097102,0.026431999999999997,0.06370200000000001,0.10902200000000001,0.019522,0.020092,0.026542000000000003,0.068112,0.11288199999999998,0.20952199999999999,0.122892,0.132066,0.143786,0.15083599999999997,0.095946,0.09356800000000001,0.146508,0.13660799999999998,0.070798,0.069438,0.07313800000000001,0.14981799999999998,0.069328,0.069458,0.066166,0.068108,0.067738,0.06868300000000001,0.150812,0.092222,0.06672,0.00828,0.016562,0.016562,0.016562,0.018373,0.018373,0.018373,0.018373,0.025818,0.018373,0.016562,0.018373,0.016562,0.03281,0.11363999999999999,0.0,0.206212,0.105042,0.06756200000000001,0.066002,0.072728,0.087802,0.112905,0.01625,0.10545500000000001,0.11257500000000001,0.106255,0.11941800000000001,0.10186400000000001,0.109141,0.09778500000000001,0.033881999999999995,0.07338800000000001,0.090028,0.080648,0.09276200000000001,0.018373,0.016562,0.066002,0.066002,0.08763000000000001,0.11725,0.06858,0.024103,0.28653300000000004,0.054953,0.050403,0.213225,0.161235,0.133665,0.057773,0.052153000000000005,0.081883,0.117953,0.049522000000000004,0.033042,0.092422,0.087702,0.066002,0.11677199999999999,0.15733199999999997,0.049522000000000004,0.157695,0.107905,0.222215,0.168125,0.037288,0.030188,0.086028,0.080848,0.100022,0.101552,0.094182,0.140935,0.107785,0.132325,0.107225,0.107225,0.126415,0.107225,0.117075,0.079128,0.022193,0.058363000000000005,0.054683,0.092543,0.021133,0.034733,0.14616800000000002,0.13439800000000002,0.152008,0.172458,0.137748,0.13930800000000002,0.14216800000000002,0.12223800000000001,0.049522000000000004,0.049522000000000004,0.066002,0.033042,0.11117400000000001,0.103734,0.109684,0.12381400000000001,0.11543400000000001,0.118464,0.218793,0.253023,0.255693,0.08530199999999999,0.10178199999999998,0.144643,0.089563,0.016562,0.072122,0.01923793,0.019232,0.12274299999999999,0.13922299999999999,0.049522000000000004,0.066002,0.051333000000000004,0.049522000000000004,0.066002,0.066002,0.033042,0.034853,0.09304200000000001,0.016479999999999998,0.138561,0.168881,0.147181,0.162941,0.163771,0.034853,0.051333000000000004,0.042453000000000005,0.052882,0.081488
CCBIB-1A-A71,0.24884,0.22735000000000002,0.30074,0.28605,0.25557,0.26201,0.27313,0.27019000000000004,0.19952,0.23679,0.28211,0.19261,0.19318000000000002,0.19963,0.24120000000000003,0.28597,0.38261,0.29598,0.30515400000000004,0.316874,0.323924,0.269034,0.266656,0.319596,0.30969599999999997,0.24388600000000002,0.24252600000000002,0.246226,0.322906,0.24241600000000002,0.242546,0.23925400000000002,0.24119600000000002,0.240826,0.241771,0.32389999999999997,0.26531,0.23980800000000002,0.19793200000000002,0.18965,0.18965,0.18965,0.197053,0.197053,0.197053,0.197053,0.202748,0.197053,0.18965,0.197053,0.18965,0.22246200000000002,0.303292,0.206212,0.0,0.27813,0.24065,0.23909000000000002,0.245816,0.26089,0.285993,0.205902,0.278543,0.285663,0.279343,0.29250600000000004,0.274952,0.282229,0.27087300000000003,0.20697000000000002,0.24647600000000003,0.263116,0.253736,0.26585,0.197053,0.18965,0.23909000000000002,0.23909000000000002,0.260718,0.290338,0.241668,0.20278300000000002,0.465213,0.233633,0.229083,0.386313,0.334323,0.306753,0.23645300000000002,0.230833,0.260563,0.29663300000000004,0.22261,0.20613,0.26551,0.26079,0.23909000000000002,0.28986,0.33042,0.22261,0.330783,0.280993,0.39530299999999996,0.341213,0.21421800000000002,0.20711800000000002,0.262958,0.257778,0.27311,0.27464,0.26727,0.314023,0.280873,0.305413,0.280313,0.280313,0.29950299999999996,0.280313,0.290163,0.252216,0.20087300000000002,0.237043,0.23336300000000001,0.271223,0.19981300000000002,0.21341300000000002,0.319256,0.30748600000000004,0.325096,0.345546,0.310836,0.312396,0.315256,0.295326,0.22261,0.22261,0.23909,0.20613,0.284262,0.276822,0.282772,0.296902,0.288522,0.29155200000000003,0.39747299999999997,0.43170299999999995,0.43437299999999995,0.25839,0.27487,0.323323,0.268243,0.18965,0.24521,0.19232593,0.19232000000000002,0.295831,0.312311,0.22261,0.23909,0.23001300000000002,0.22261,0.23909,0.23909000000000002,0.20613,0.21353300000000003,0.26613,0.206132,0.311649,0.341969,0.320269,0.336029,0.336859,0.21353300000000003,0.23001300000000002,0.22113300000000002,0.22597,0.254576
CCJ-1A-A10,0.14767,0.12618000000000001,0.19957,0.11896000000000001,0.08848,0.09492,0.17196,0.16902,0.09835,0.13562000000000002,0.18094,0.09144000000000001,0.09201000000000001,0.09846,0.14003,0.1848,0.28144,0.12889,0.16209600000000002,0.17381600000000003,0.180866,0.125976,0.12359800000000001,0.17653800000000003,0.166638,0.100828,0.099468,0.10316800000000001,0.179848,0.099358,0.09948800000000001,0.096196,0.098138,0.09429600000000002,0.098109,0.15681,0.09822,0.09614600000000001,0.096762,0.08848,0.08848,0.08848,0.095883,0.095883,0.095883,0.095883,0.101578,0.095883,0.08848,0.095883,0.08848,0.12129200000000001,0.202122,0.105042,0.27813,0.0,0.0406,0.03904,0.09928600000000001,0.09380000000000001,0.11890300000000001,0.104732,0.11145300000000001,0.11857300000000001,0.112253,0.12541600000000003,0.10786200000000001,0.115139,0.10378300000000001,0.1058,0.09994600000000001,0.11658600000000001,0.10720600000000001,0.09876000000000001,0.095883,0.08848,0.096032,0.08848,0.11705600000000001,0.146676,0.09800600000000001,0.10161300000000001,0.364043,0.132463,0.127913,0.219223,0.167233,0.139663,0.135283,0.129663,0.159393,0.195463,0.08848,0.08848,0.09842000000000001,0.0937,0.07200000000000001,0.12277,0.16332999999999998,0.05552,0.163693,0.113903,0.228213,0.174123,0.11304800000000001,0.105948,0.161788,0.156608,0.10602,0.10755,0.10018,0.146933,0.11378300000000001,0.138323,0.113223,0.113223,0.132413,0.113223,0.123073,0.109158,0.099703,0.13587300000000002,0.132193,0.170053,0.09864300000000001,0.11224300000000001,0.15216600000000002,0.14039600000000002,0.158006,0.178456,0.143746,0.14530600000000002,0.14816600000000002,0.12823600000000002,0.07200000000000001,0.07200000000000001,0.07200000000000001,0.07200000000000001,0.11717200000000001,0.10973200000000001,0.11568200000000001,0.129812,0.12143200000000001,0.124462,0.296303,0.33053299999999997,0.33320299999999997,0.15722,0.1737,0.222153,0.167073,0.08848,0.14404,0.09115593000000001,0.09115000000000001,0.15216900000000003,0.16864900000000002,0.12143999999999999,0.07200000000000001,0.12144000000000002,0.08848,0.07200000000000001,0.10496000000000001,0.10496,0.112363,0.09904000000000002,0.104962,0.144559,0.174879,0.153179,0.168939,0.169769,0.112363,0.128843,0.119963,0.1248,0.108046
CCJ-1A-A11,0.11019000000000001,0.0887,0.16208999999999998,0.08148,0.051000000000000004,0.057440000000000005,0.13448,0.13154,0.06087,0.09814,0.14346,0.05396,0.05453,0.060980000000000006,0.10255,0.14731999999999998,0.24395999999999998,0.09140999999999999,0.124616,0.136336,0.14338599999999999,0.088496,0.086118,0.13905800000000001,0.129158,0.063348,0.061988,0.065688,0.142368,0.061878,0.06200800000000001,0.058716000000000004,0.060658000000000004,0.056816000000000005,0.060629,0.11932999999999999,0.06074,0.058666,0.059282,0.051000000000000004,0.051000000000000004,0.051000000000000004,0.058403000000000004,0.058403000000000004,0.058403000000000004,0.058403000000000004,0.064098,0.058403000000000004,0.051000000000000004,0.058403000000000004,0.051000000000000004,0.083812,0.16464199999999998,0.06756200000000001,0.24065,0.0406,0.0,0.00156,0.061806,0.05632,0.081423,0.067252,0.07397300000000001,0.081093,0.074773,0.08793600000000001,0.070382,0.077659,0.066303,0.06831999999999999,0.06246600000000001,0.07910600000000001,0.06972600000000001,0.06128,0.058403000000000004,0.051000000000000004,0.05855200000000001,0.051000000000000004,0.07957600000000001,0.10919599999999999,0.060526,0.064133,0.326563,0.09498300000000001,0.09043300000000001,0.181743,0.12975299999999998,0.102183,0.097803,0.09218300000000001,0.121913,0.15798299999999998,0.051000000000000004,0.051000000000000004,0.06094000000000001,0.056220000000000006,0.03452,0.08529,0.12585,0.01804,0.126213,0.07642299999999999,0.19073299999999999,0.136643,0.075568,0.068468,0.124308,0.11912799999999998,0.06854,0.07007,0.0627,0.109453,0.07630300000000001,0.10084299999999999,0.075743,0.075743,0.09493299999999999,0.075743,0.085593,0.071678,0.062223,0.09839300000000001,0.094713,0.132573,0.061163,0.074763,0.11468600000000001,0.10291600000000001,0.120526,0.140976,0.106266,0.107826,0.110686,0.090756,0.03452,0.03452,0.03452,0.03452,0.07969200000000001,0.07225200000000001,0.078202,0.092332,0.083952,0.086982,0.25882299999999997,0.29305299999999995,0.29572299999999996,0.11973999999999999,0.13621999999999998,0.18467299999999998,0.12959299999999999,0.051000000000000004,0.10656000000000002,0.053675930000000004,0.05367,0.11468900000000001,0.131169,0.08396,0.03452,0.08396,0.051000000000000004,0.03452,0.06748000000000001,0.06748000000000001,0.074883,0.061560000000000004,0.067482,0.10707900000000001,0.137399,0.115699,0.131459,0.132289,0.074883,0.091363,0.082483,0.08732000000000001,0.070566
CCJ-CJURIDICO-D4,0.10863,0.08714000000000001,0.16053,0.07992,0.049440000000000005,0.055880000000000006,0.13291999999999998,0.12997999999999998,0.05931,0.09658,0.1419,0.0524,0.05297,0.05942000000000001,0.10099,0.14576,0.2424,0.08985,0.12305600000000001,0.134776,0.141826,0.08693600000000001,0.084558,0.137498,0.127598,0.061788,0.060428,0.064128,0.140808,0.060318000000000004,0.060448,0.057156000000000005,0.059098000000000005,0.055256000000000007,0.059069,0.11777,0.05918,0.057106000000000004,0.057722,0.049440000000000005,0.049440000000000005,0.049440000000000005,0.056843000000000005,0.056843000000000005,0.056843000000000005,0.056843000000000005,0.06253800000000001,0.056843000000000005,0.049440000000000005,0.056843000000000005,0.049440000000000005,0.082252,0.163082,0.066002,0.23909000000000002,0.03904,0.00156,0.0,0.06024600000000001,0.05476,0.079863,0.065692,0.072413,0.079533,0.073213,0.08637600000000001,0.068822,0.076099,0.064743,0.06676,0.060906,0.077546,0.068166,0.05972,0.056843000000000005,0.049440000000000005,0.056992,0.049440000000000005,0.078016,0.107636,0.058966000000000005,0.062573,0.325003,0.093423,0.08887300000000001,0.18018299999999998,0.128193,0.100623,0.096243,0.09062300000000001,0.120353,0.15642299999999998,0.049440000000000005,0.049440000000000005,0.05938000000000001,0.05466000000000001,0.03296,0.08373,0.12428999999999998,0.01648,0.124653,0.074863,0.18917299999999998,0.135083,0.074008,0.066908,0.122748,0.11756799999999999,0.06698000000000001,0.06851,0.06114,0.107893,0.074743,0.099283,0.074183,0.074183,0.093373,0.074183,0.084033,0.07011800000000001,0.06066300000000001,0.096833,0.09315300000000001,0.131013,0.059603,0.073203,0.11312600000000002,0.10135600000000002,0.118966,0.13941599999999998,0.10470600000000001,0.10626600000000001,0.10912600000000001,0.089196,0.03296,0.03296,0.03296,0.03296,0.07813200000000001,0.070692,0.076642,0.090772,0.082392,0.085422,0.25726299999999996,0.29149299999999995,0.29416299999999995,0.11818,0.13466,0.18311299999999997,0.128033,0.049440000000000005,0.10500000000000001,0.052115930000000005,0.052110000000000004,0.11312900000000002,0.12960900000000003,0.0824,0.03296,0.0824,0.049440000000000005,0.03296,0.06592,0.06592,0.073323,0.060000000000000005,0.06592200000000001,0.105519,0.13583900000000002,0.114139,0.129899,0.13072899999999998,0.073323,0.089803,0.080923,0.08576,0.06900600000000001
CEA-0A-A108,0.115356,0.093866,0.167256,0.10720600000000001,0.07672600000000002,0.08316600000000002,0.139646,0.136706,0.066036,0.10330600000000001,0.148626,0.059126,0.059696,0.066146,0.107716,0.15248599999999998,0.249126,0.117136,0.07279,0.08451,0.09155999999999999,0.03667,0.034292,0.087232,0.077332,0.011522000000000001,0.010162000000000001,0.013862,0.09054199999999998,0.010052,0.010182,0.00689,0.008832,0.0049900000000000005,0.009407,0.14505600000000002,0.08646600000000002,0.007444,0.064448,0.056166,0.056166,0.056166,0.056166,0.056166,0.056166,0.056166,0.063611,0.056166,0.056166,0.056166,0.056166,0.088978,0.169808,0.072728,0.245816,0.09928600000000001,0.061806,0.06024600000000001,0.0,0.08204600000000001,0.10714900000000001,0.072418,0.09969900000000001,0.10681900000000001,0.100499,0.11366200000000001,0.096108,0.103385,0.092029,0.073486,0.01064,0.027280000000000002,0.0179,0.087006,0.056166,0.056166,0.006726,0.010806,0.028354,0.057974000000000005,0.009304,0.061896,0.324326,0.092746,0.088196,0.20746900000000001,0.15547899999999998,0.127909,0.095566,0.089946,0.119676,0.155746,0.023206,0.039686,0.086666,0.081946,0.06024600000000001,0.111016,0.151576,0.043766,0.151939,0.102149,0.216459,0.16236899999999999,0.07508100000000001,0.067981,0.12382099999999999,0.118641,0.09426600000000002,0.095796,0.088426,0.135179,0.10202900000000001,0.126569,0.101469,0.101469,0.120659,0.101469,0.111319,0.019852,0.059986,0.096156,0.092476,0.130336,0.058926,0.07252600000000001,0.14041200000000004,0.12864200000000003,0.146252,0.16670200000000002,0.131992,0.133552,0.13641200000000003,0.116482,0.039686,0.043766,0.027286,0.056166,0.10541800000000001,0.09797800000000001,0.103928,0.11805800000000001,0.10967800000000001,0.112708,0.256586,0.29081599999999996,0.29348599999999997,0.12490599999999999,0.14138599999999998,0.182436,0.127356,0.056166,0.111726,0.05884193,0.058836,0.06346700000000001,0.07994700000000002,0.039686,0.06024600000000001,0.039686,0.072646,0.06024600000000001,0.023206,0.05616600000000001,0.05616600000000001,0.087286,0.07264799999999999,0.132805,0.16312500000000002,0.14142500000000002,0.15718500000000002,0.15801500000000002,0.072646,0.08912600000000001,0.080246,0.092486,0.01874
CEN-1A-A20,0.13043,0.10894,0.18233,0.0358,0.00532,0.01176,0.15471999999999997,0.15177999999999997,0.08111,0.11838,0.1637,0.0742,0.07477,0.08122000000000001,0.12279,0.16756,0.2642,0.04572999999999999,0.144856,0.156576,0.163626,0.10873600000000001,0.106358,0.159298,0.14939799999999998,0.083588,0.082228,0.085928,0.16260799999999997,0.082118,0.082248,0.078956,0.080898,0.07705600000000001,0.080869,0.07365000000000001,0.01506,0.078906,0.07952200000000001,0.07124,0.07124,0.07124,0.07124,0.07124,0.07124,0.07124,0.078685,0.07124,0.07124,0.07124,0.07124,0.10405199999999999,0.184882,0.087802,0.26089,0.09380000000000001,0.05632,0.05476,0.08204600000000001,0.0,0.101663,0.087492,0.094213,0.101333,0.095013,0.10817600000000001,0.090622,0.097899,0.086543,0.08856,0.082706,0.099346,0.089966,0.0156,0.07124,0.07124,0.078792,0.07124,0.099816,0.129436,0.080766,0.07697000000000001,0.3394,0.10782000000000001,0.10327000000000001,0.20198299999999997,0.149993,0.122423,0.11064,0.10502000000000002,0.13474999999999998,0.17081999999999997,0.07124,0.05476,0.08118,0.07646,0.05476,0.10553,0.14609,0.03828,0.146453,0.096663,0.21097299999999997,0.156883,0.090155,0.083055,0.138895,0.13371499999999997,0.02286,0.024390000000000002,0.01702,0.129693,0.096543,0.121083,0.095983,0.095983,0.115173,0.095983,0.105833,0.09191800000000001,0.07506000000000002,0.11123000000000001,0.10754999999999999,0.14540999999999998,0.07400000000000001,0.0876,0.13492600000000002,0.12315600000000002,0.140766,0.16121599999999997,0.126506,0.128066,0.13092600000000001,0.110996,0.05476,0.03828,0.05476,0.05476,0.099932,0.092492,0.098442,0.112572,0.104192,0.107222,0.27165999999999996,0.30588999999999994,0.30855999999999995,0.13998,0.15646,0.19750999999999996,0.14243,0.07124,0.12680000000000002,0.07391593,0.07391,0.13492900000000002,0.15140900000000002,0.10420000000000001,0.05476,0.10420000000000001,0.07124,0.0218,0.08772,0.08772,0.08772,0.01588,0.08772200000000001,0.12731900000000002,0.157639,0.135939,0.15169899999999997,0.15252899999999997,0.08772,0.10420000000000001,0.09532,0.10756,0.09080600000000001
CENDIA-0A-A19,0.155533,0.134043,0.20743299999999998,0.12682300000000002,0.09634300000000001,0.10278300000000001,0.17982299999999998,0.17688299999999998,0.106213,0.143483,0.188803,0.099303,0.09987299999999999,0.106323,0.147893,0.19266299999999997,0.289303,0.136753,0.16995900000000003,0.181679,0.188729,0.133839,0.131461,0.184401,0.174501,0.10869100000000001,0.10733100000000001,0.111031,0.187711,0.10722100000000001,0.107351,0.10405900000000001,0.10600100000000001,0.102159,0.10597200000000001,0.164673,0.10608300000000001,0.104009,0.104625,0.096343,0.096343,0.096343,0.103746,0.103746,0.103746,0.103746,0.109441,0.103746,0.096343,0.103746,0.096343,0.129155,0.20998499999999998,0.112905,0.285993,0.11890300000000001,0.081423,0.079863,0.10714900000000001,0.101663,0.0,0.112595,0.02279,0.029910000000000003,0.0066500000000000005,0.03675300000000001,0.019199,0.026476,0.015120000000000001,0.11366299999999999,0.107809,0.124449,0.115069,0.106623,0.103746,0.096343,0.103895,0.09634300000000001,0.124919,0.15453899999999998,0.105869,0.10947599999999999,0.37190599999999996,0.140326,0.135776,0.13056,0.07857,0.051000000000000004,0.143146,0.137526,0.167256,0.20332599999999998,0.09634300000000001,0.096343,0.10628300000000002,0.10156300000000001,0.079863,0.130633,0.17119299999999998,0.063383,0.05809,0.0083,0.12261,0.06852,0.12091099999999999,0.113811,0.169651,0.16447099999999998,0.11388300000000001,0.115413,0.108043,0.05827,0.025120000000000003,0.04966,0.024560000000000002,0.024560000000000002,0.04375,0.024560000000000002,0.034409999999999996,0.11702100000000001,0.107566,0.143736,0.140056,0.177916,0.10650599999999999,0.12010599999999999,0.063503,0.05173300000000001,0.069343,0.08979300000000001,0.055083,0.056643,0.05950300000000001,0.039573000000000004,0.079863,0.079863,0.079863,0.07986299999999999,0.028509000000000003,0.021069,0.027019,0.041149000000000005,0.032769000000000006,0.035799,0.30416599999999994,0.3383959999999999,0.341066,0.16508299999999998,0.18156299999999997,0.23001599999999997,0.17493599999999998,0.096343,0.151903,0.09901893,0.09901299999999999,0.160032,0.17651200000000003,0.129303,0.046903,0.129303,0.063383,0.079863,0.112823,0.112823,0.120226,0.106903,0.112825,0.055896,0.08621599999999999,0.06451599999999999,0.08027600000000001,0.08110600000000001,0.120226,0.136706,0.127826,0.132663,0.11590900000000001
CMED-0A-A42,0.075442,0.053952,0.12734199999999998,0.112652,0.082172,0.088612,0.099732,0.096792,0.026122,0.063392,0.108712,0.019212,0.019781999999999998,0.026232,0.067802,0.11257199999999999,0.20921199999999998,0.122582,0.13175599999999998,0.143476,0.15052599999999997,0.09563600000000001,0.09325800000000001,0.146198,0.13629799999999997,0.070488,0.069128,0.072828,0.14950799999999997,0.069018,0.069148,0.065856,0.067798,0.067428,0.068373,0.150502,0.091912,0.06641,0.00797,0.016252,0.016252,0.016252,0.018063000000000003,0.018063000000000003,0.018063000000000003,0.018063000000000003,0.025508000000000003,0.018063000000000003,0.016252,0.018063000000000003,0.016252,0.0325,0.11333,0.01625,0.205902,0.104732,0.067252,0.065692,0.072418,0.087492,0.112595,0.0,0.105145,0.112265,0.105945,0.119108,0.101554,0.108831,0.097475,0.033572,0.073078,0.08971799999999999,0.08033799999999999,0.092452,0.018063000000000003,0.016252,0.065692,0.065692,0.08732000000000001,0.11694,0.06827,0.023793,0.286223,0.054643000000000004,0.050093000000000006,0.212915,0.16092499999999998,0.133355,0.057463,0.05184300000000001,0.081573,0.117643,0.049212,0.032732,0.092112,0.087392,0.065692,0.116462,0.15702199999999997,0.049212,0.157385,0.107595,0.221905,0.167815,0.036978000000000004,0.029878000000000002,0.08571799999999999,0.080538,0.099712,0.101242,0.093872,0.140625,0.107475,0.132015,0.106915,0.106915,0.126105,0.106915,0.116765,0.078818,0.021883000000000003,0.05805300000000001,0.054373000000000005,0.09223300000000001,0.020823,0.034423,0.14585800000000002,0.134088,0.151698,0.172148,0.137438,0.138998,0.141858,0.12192800000000001,0.049212,0.049212,0.065692,0.032732,0.110864,0.103424,0.109374,0.123504,0.115124,0.118154,0.21848299999999998,0.25271299999999997,0.25538299999999997,0.084992,0.10147199999999999,0.144333,0.089253,0.016252,0.071812,0.01892793,0.018921999999999998,0.122433,0.138913,0.049212,0.065692,0.051023000000000006,0.049212,0.065692,0.065692,0.032732,0.034543000000000004,0.09273200000000001,0.016169999999999997,0.138251,0.168571,0.146871,0.162631,0.163461,0.034543000000000004,0.051023000000000006,0.04214300000000001,0.052571999999999994,0.081178
CP-EADMINA1-D6,0.14808300000000002,0.126593,0.199983,0.119373,0.088893,0.095333,0.172373,0.169433,0.098763,0.13603300000000002,0.181353,0.091853,0.092423,0.09887300000000002,0.14044299999999998,0.185213,0.28185299999999996,0.129303,0.16250900000000001,0.17422900000000002,0.18127900000000002,0.12638900000000003,0.124011,0.17695100000000002,0.167051,0.101241,0.099881,0.103581,0.180261,0.099771,0.099901,0.096609,0.098551,0.09470900000000002,0.098522,0.157223,0.098633,0.096559,0.09717500000000001,0.088893,0.088893,0.088893,0.096296,0.096296,0.096296,0.096296,0.101991,0.096296,0.088893,0.096296,0.088893,0.12170500000000001,0.202535,0.10545500000000001,0.278543,0.11145300000000001,0.07397300000000001,0.072413,0.09969900000000001,0.094213,0.02279,0.105145,0.0,0.02246,0.01614,0.029303000000000003,0.011749,0.019026,0.007670000000000001,0.106213,0.100359,0.116999,0.107619,0.09917300000000001,0.096296,0.088893,0.096445,0.088893,0.117469,0.147089,0.098419,0.102026,0.364456,0.132876,0.128326,0.12311,0.07111999999999999,0.043550000000000005,0.13569599999999998,0.13007600000000002,0.159806,0.195876,0.088893,0.088893,0.098833,0.094113,0.072413,0.123183,0.16374299999999997,0.055933000000000004,0.06758,0.01779,0.1321,0.07801,0.113461,0.106361,0.16220099999999998,0.157021,0.106433,0.107963,0.100593,0.03548,0.00233,0.02687,0.00177,0.00177,0.02096,0.00177,0.011619999999999998,0.10957100000000002,0.10011600000000001,0.13628600000000002,0.132606,0.170466,0.099056,0.112656,0.056053000000000006,0.04428300000000001,0.061893000000000004,0.082343,0.047633,0.049193,0.05205300000000001,0.032123000000000006,0.072413,0.072413,0.072413,0.072413,0.021059,0.013619000000000001,0.019569,0.033699,0.025319,0.028349,0.296716,0.33094599999999996,0.33361599999999997,0.157633,0.174113,0.22256599999999999,0.167486,0.088893,0.144453,0.09156893,0.091563,0.15258200000000002,0.16906200000000005,0.12185300000000002,0.039453,0.12185300000000002,0.055933000000000004,0.072413,0.10537300000000001,0.10537300000000001,0.112776,0.09945300000000001,0.105375,0.048446,0.078766,0.057066,0.072826,0.073656,0.112776,0.129256,0.120376,0.12521300000000002,0.10845900000000001
CP-ENFERMERIA-D1,0.155203,0.133713,0.20710299999999998,0.12649300000000002,0.09601300000000001,0.10245300000000002,0.17949299999999999,0.176553,0.105883,0.143153,0.188473,0.098973,0.09954299999999999,0.105993,0.147563,0.19233299999999998,0.288973,0.13642300000000002,0.16962900000000003,0.181349,0.188399,0.13350900000000002,0.131131,0.184071,0.174171,0.10836100000000001,0.10700100000000001,0.11070100000000001,0.187381,0.10689100000000001,0.107021,0.10372900000000002,0.10567100000000001,0.101829,0.10564200000000001,0.16434300000000002,0.10575300000000001,0.10367900000000001,0.104295,0.096013,0.096013,0.096013,0.10341600000000001,0.10341600000000001,0.10341600000000001,0.10341600000000001,0.109111,0.10341600000000001,0.096013,0.10341600000000001,0.096013,0.128825,0.20965499999999998,0.11257500000000001,0.285663,0.11857300000000001,0.081093,0.079533,0.10681900000000001,0.101333,0.029910000000000003,0.112265,0.02246,0.0,0.023260000000000003,0.036423000000000004,0.018869,0.026146000000000003,0.014790000000000001,0.11333299999999999,0.107479,0.12411900000000001,0.11473900000000001,0.106293,0.10341600000000001,0.096013,0.103565,0.09601300000000001,0.124589,0.15420899999999998,0.10553900000000001,0.10914599999999999,0.371576,0.139996,0.135446,0.10064999999999999,0.048659999999999995,0.02109,0.142816,0.137196,0.166926,0.20299599999999998,0.09601300000000001,0.096013,0.10595300000000002,0.10123300000000002,0.079533,0.130303,0.170863,0.063053,0.0747,0.02491,0.13922,0.08513,0.120581,0.113481,0.169321,0.16414099999999998,0.11355300000000002,0.115083,0.107713,0.057940000000000005,0.02479,0.04933,0.02423,0.02423,0.04342,0.02423,0.03408,0.11669100000000002,0.107236,0.143406,0.13972600000000002,0.177586,0.10617599999999999,0.119776,0.063173,0.051403000000000004,0.06901299999999999,0.089463,0.054752999999999996,0.056312999999999995,0.059173,0.039243,0.079533,0.079533,0.079533,0.07953299999999999,0.028179000000000003,0.020739,0.026689,0.040819,0.032439,0.035469,0.303836,0.338066,0.34073599999999993,0.16475299999999998,0.18123299999999998,0.22968599999999997,0.17460599999999998,0.096013,0.151573,0.09868893000000001,0.09868299999999999,0.159702,0.17618200000000003,0.128973,0.046573,0.128973,0.063053,0.079533,0.11249300000000001,0.11249300000000001,0.119896,0.106573,0.112495,0.055566000000000004,0.08588599999999999,0.06418599999999999,0.079946,0.080776,0.119896,0.136376,0.127496,0.132333,0.11557900000000002
CP-INVESTIGACION-D5,0.148883,0.127393,0.200783,0.120173,0.089693,0.096133,0.17317299999999997,0.17023299999999997,0.099563,0.13683299999999998,0.182153,0.092653,0.093223,0.09967300000000001,0.141243,0.18601299999999998,0.282653,0.130103,0.163309,0.175029,0.182079,0.127189,0.12481099999999999,0.177751,0.16785099999999997,0.10204099999999999,0.10068099999999999,0.104381,0.18106099999999997,0.100571,0.100701,0.097409,0.099351,0.09550900000000001,0.099322,0.158023,0.099433,0.097359,0.097975,0.089693,0.089693,0.089693,0.097096,0.097096,0.097096,0.097096,0.102791,0.097096,0.089693,0.097096,0.089693,0.122505,0.203335,0.106255,0.279343,0.112253,0.074773,0.073213,0.100499,0.095013,0.0066500000000000005,0.105945,0.01614,0.023260000000000003,0.0,0.030103000000000005,0.012549000000000001,0.019826,0.00847,0.107013,0.101159,0.117799,0.108419,0.099973,0.097096,0.089693,0.097245,0.089693,0.118269,0.147889,0.099219,0.102826,0.36525599999999997,0.13367600000000002,0.12912600000000002,0.12390999999999999,0.07192,0.04435,0.136496,0.130876,0.160606,0.19667599999999996,0.089693,0.089693,0.099633,0.094913,0.073213,0.123983,0.164543,0.056733,0.05144,0.00165,0.11596000000000001,0.061869999999999994,0.114261,0.10716099999999999,0.163001,0.157821,0.107233,0.108763,0.101393,0.05162,0.01847,0.04301,0.017910000000000002,0.017910000000000002,0.0371,0.017910000000000002,0.02776,0.11037100000000001,0.100916,0.13708599999999999,0.133406,0.17126599999999997,0.099856,0.113456,0.056853,0.045083000000000005,0.062693,0.08314300000000001,0.048433,0.049992999999999996,0.052853000000000004,0.032923,0.073213,0.073213,0.073213,0.073213,0.021859000000000003,0.014419000000000001,0.020368999999999998,0.034499,0.026119000000000003,0.029149,0.29751599999999995,0.33174599999999993,0.33441599999999994,0.158433,0.17491299999999999,0.22336599999999995,0.168286,0.089693,0.14525300000000002,0.09236893,0.092363,0.15338200000000002,0.169862,0.12265300000000001,0.040253,0.12265300000000001,0.056733,0.073213,0.106173,0.106173,0.113576,0.10025300000000001,0.10617499999999999,0.049246,0.079566,0.057865999999999994,0.07362600000000001,0.07445600000000001,0.113576,0.130056,0.12117599999999999,0.126013,0.10925900000000001
CP-ODONTOLOGIA-D4,0.16204600000000002,0.14055600000000001,0.213946,0.133336,0.102856,0.109296,0.186336,0.183396,0.112726,0.14999600000000002,0.195316,0.10581600000000001,0.10638600000000001,0.11283600000000002,0.154406,0.199176,0.29581599999999997,0.143266,0.17647200000000002,0.18819200000000003,0.19524200000000003,0.14035200000000003,0.13797399999999999,0.19091400000000003,0.181014,0.115204,0.113844,0.11754400000000001,0.194224,0.113734,0.113864,0.110572,0.112514,0.10867200000000002,0.112485,0.171186,0.112596,0.11052200000000001,0.11113800000000001,0.102856,0.102856,0.102856,0.11025900000000001,0.11025900000000001,0.11025900000000001,0.11025900000000001,0.11595400000000002,0.11025900000000001,0.102856,0.11025900000000001,0.102856,0.135668,0.216498,0.11941800000000001,0.29250600000000004,0.12541600000000003,0.08793600000000001,0.08637600000000001,0.11366200000000001,0.10817600000000001,0.03675300000000001,0.119108,0.029303000000000003,0.036423000000000004,0.030103000000000005,0.0,0.025712000000000002,0.032989000000000004,0.021633000000000003,0.120176,0.11432200000000001,0.13096200000000002,0.12158200000000001,0.11313600000000001,0.11025900000000001,0.102856,0.110408,0.102856,0.131432,0.161052,0.11238200000000001,0.11598900000000001,0.378419,0.146839,0.142289,0.137073,0.08508299999999999,0.05751300000000001,0.149659,0.14403900000000003,0.173769,0.209839,0.102856,0.102856,0.11279600000000001,0.108076,0.08637600000000001,0.137146,0.17770599999999998,0.06989600000000001,0.081543,0.031753,0.146063,0.091973,0.127424,0.120324,0.176164,0.170984,0.120396,0.121926,0.114556,0.06478300000000001,0.031633,0.056173,0.031073000000000003,0.031073000000000003,0.050263,0.031073000000000003,0.040923,0.12353400000000002,0.11407900000000001,0.15024900000000002,0.146569,0.184429,0.11301900000000001,0.126619,0.02675,0.01498,0.03259,0.05304,0.01833,0.019889999999999998,0.02275,0.00282,0.08637600000000001,0.08637600000000001,0.08637600000000001,0.08637600000000001,0.035022000000000005,0.027582000000000002,0.033532000000000006,0.047662,0.039282000000000004,0.042312,0.310679,0.34490899999999997,0.34757899999999997,0.171596,0.188076,0.236529,0.181449,0.102856,0.158416,0.10553193000000001,0.10552600000000001,0.16654500000000003,0.18302500000000005,0.13581600000000002,0.053416000000000005,0.13581600000000002,0.06989600000000001,0.08637600000000001,0.11933600000000001,0.11933600000000001,0.126739,0.11341600000000002,0.11933800000000001,0.062409000000000006,0.09272899999999999,0.071029,0.086789,0.087619,0.126739,0.14321899999999999,0.134339,0.13917600000000002,0.12242200000000002
CP-POSGRADO-D2,0.144492,0.123002,0.19639199999999998,0.115782,0.08530199999999999,0.09174199999999999,0.168782,0.165842,0.095172,0.132442,0.177762,0.08826200000000001,0.088832,0.095282,0.136852,0.18162199999999998,0.278262,0.125712,0.158918,0.170638,0.177688,0.12279800000000002,0.12042,0.17336000000000001,0.16346,0.09765,0.09629,0.09999,0.17667,0.09618,0.09631,0.093018,0.09496,0.091118,0.094931,0.153632,0.09504199999999999,0.092968,0.093584,0.085302,0.085302,0.085302,0.09270500000000001,0.09270500000000001,0.09270500000000001,0.09270500000000001,0.0984,0.09270500000000001,0.085302,0.09270500000000001,0.085302,0.118114,0.19894399999999998,0.10186400000000001,0.274952,0.10786200000000001,0.070382,0.068822,0.096108,0.090622,0.019199,0.101554,0.011749,0.018869,0.012549000000000001,0.025712000000000002,0.0,0.015435,0.004079,0.10262199999999999,0.09676799999999999,0.11340800000000001,0.10402800000000001,0.095582,0.09270500000000001,0.085302,0.09285399999999999,0.085302,0.11387800000000001,0.143498,0.094828,0.098435,0.360865,0.129285,0.12473500000000001,0.11951899999999999,0.06752899999999999,0.039959,0.132105,0.12648500000000001,0.156215,0.19228499999999998,0.085302,0.085302,0.09524200000000001,0.090522,0.068822,0.119592,0.160152,0.052342,0.063989,0.014199,0.128509,0.074419,0.10987,0.10277,0.15861,0.15342999999999998,0.10284199999999999,0.10437199999999999,0.09700199999999999,0.047229,0.014079000000000001,0.038619,0.013519,0.013519,0.032709,0.013519,0.023368999999999997,0.10598000000000002,0.096525,0.132695,0.129015,0.166875,0.095465,0.109065,0.05246200000000001,0.040692000000000006,0.058302,0.078752,0.044042,0.045602,0.048462000000000005,0.028532000000000002,0.068822,0.068822,0.068822,0.068822,0.00931,0.0018700000000000001,0.00782,0.02195,0.01357,0.0166,0.29312499999999997,0.32735499999999995,0.33002499999999996,0.15404199999999998,0.17052199999999998,0.21897499999999998,0.16389499999999999,0.085302,0.14086200000000001,0.08797793000000001,0.087972,0.148991,0.16547100000000003,0.118262,0.035862,0.118262,0.052342,0.068822,0.10178200000000001,0.10178200000000001,0.109185,0.095862,0.101784,0.044855,0.07517499999999999,0.053474999999999995,0.069235,0.070065,0.109185,0.125665,0.116785,0.12162200000000001,0.10486800000000002
CP-TECMEDICO-D3,0.151769,0.130279,0.203669,0.123059,0.092579,0.099019,0.17605899999999997,0.17311899999999997,0.102449,0.13971899999999998,0.185039,0.095539,0.096109,0.10255900000000001,0.144129,0.18889899999999998,0.285539,0.132989,0.166195,0.177915,0.184965,0.130075,0.127697,0.180637,0.17073699999999997,0.10492699999999999,0.10356699999999999,0.107267,0.18394699999999997,0.103457,0.103587,0.100295,0.102237,0.09839500000000001,0.102208,0.160909,0.102319,0.100245,0.100861,0.092579,0.092579,0.092579,0.099982,0.099982,0.099982,0.099982,0.105677,0.099982,0.092579,0.099982,0.092579,0.125391,0.206221,0.109141,0.282229,0.115139,0.077659,0.076099,0.103385,0.097899,0.026476,0.108831,0.019026,0.026146000000000003,0.019826,0.032989000000000004,0.015435,0.0,0.011356,0.109899,0.104045,0.120685,0.111305,0.102859,0.099982,0.092579,0.100131,0.092579,0.121155,0.150775,0.102105,0.105712,0.36814199999999997,0.13656200000000002,0.13201200000000002,0.126796,0.074806,0.047236,0.139382,0.133762,0.163492,0.19956199999999996,0.092579,0.092579,0.102519,0.097799,0.076099,0.126869,0.167429,0.059619,0.071266,0.021476000000000002,0.13578600000000002,0.081696,0.117147,0.11004699999999999,0.165887,0.160707,0.110119,0.111649,0.104279,0.054506,0.021356,0.045896,0.020796000000000002,0.020796000000000002,0.039986,0.020796000000000002,0.030646,0.11325700000000001,0.103802,0.13997199999999999,0.136292,0.17415199999999997,0.102742,0.116342,0.059739,0.047969000000000005,0.065579,0.08602900000000001,0.051319,0.052878999999999995,0.055739000000000004,0.035809,0.076099,0.076099,0.076099,0.076099,0.024745000000000003,0.017305,0.023254999999999998,0.037385,0.029005000000000003,0.032035,0.30040199999999995,0.33463199999999993,0.33730199999999994,0.161319,0.17779899999999998,0.22625199999999995,0.171172,0.092579,0.14813900000000002,0.09525493,0.095249,0.15626800000000002,0.172748,0.125539,0.043139,0.125539,0.059619,0.076099,0.109059,0.109059,0.116462,0.10313900000000001,0.10906099999999999,0.02942,0.05974,0.03804,0.0538,0.054630000000000005,0.116462,0.132942,0.12406199999999999,0.12889899999999999,0.11214500000000001
CPAR-C10,0.140413,0.118923,0.19231299999999998,0.111703,0.08122299999999999,0.08766299999999999,0.164703,0.161763,0.09109300000000001,0.128363,0.173683,0.08418300000000001,0.084753,0.091203,0.132773,0.17754299999999998,0.27418299999999995,0.12163299999999999,0.154839,0.166559,0.173609,0.11871900000000002,0.116341,0.16928100000000001,0.159381,0.093571,0.092211,0.095911,0.172591,0.092101,0.09223100000000001,0.088939,0.090881,0.087039,0.090852,0.149553,0.09096299999999999,0.088889,0.089505,0.081223,0.081223,0.081223,0.08862600000000001,0.08862600000000001,0.08862600000000001,0.08862600000000001,0.094321,0.08862600000000001,0.081223,0.08862600000000001,0.081223,0.114035,0.19486499999999998,0.09778500000000001,0.27087300000000003,0.10378300000000001,0.066303,0.064743,0.092029,0.086543,0.015120000000000001,0.097475,0.007670000000000001,0.014790000000000001,0.00847,0.021633000000000003,0.004079,0.011356,0.0,0.09854299999999999,0.092689,0.10932900000000001,0.09994900000000001,0.091503,0.08862600000000001,0.081223,0.08877499999999999,0.081223,0.10979900000000001,0.139419,0.090749,0.094356,0.356786,0.125206,0.12065600000000001,0.11543999999999999,0.06344999999999999,0.03588,0.128026,0.12240600000000001,0.152136,0.18820599999999998,0.081223,0.081223,0.09116300000000001,0.086443,0.064743,0.115513,0.156073,0.048263,0.05991,0.01012,0.12443000000000001,0.07034,0.105791,0.098691,0.154531,0.14935099999999998,0.09876299999999999,0.100293,0.09292299999999999,0.04315,0.01,0.03454,0.00944,0.00944,0.02863,0.00944,0.019289999999999998,0.10190100000000002,0.092446,0.128616,0.124936,0.162796,0.091386,0.104986,0.04838300000000001,0.03661300000000001,0.054223,0.074673,0.039963,0.041523,0.044383000000000006,0.024453000000000003,0.064743,0.064743,0.064743,0.064743,0.013389000000000002,0.005949,0.011899,0.026029000000000004,0.017649,0.020679,0.28904599999999997,0.32327599999999995,0.32594599999999996,0.14996299999999999,0.16644299999999998,0.21489599999999998,0.15981599999999999,0.081223,0.13678300000000002,0.08389893000000001,0.083893,0.144912,0.16139200000000004,0.114183,0.031783,0.114183,0.048263,0.064743,0.09770300000000001,0.09770300000000001,0.105106,0.091783,0.097705,0.040776,0.07109599999999999,0.049395999999999995,0.065156,0.065986,0.105106,0.121586,0.112706,0.11754300000000001,0.10078900000000002
CREDU-0B-A94,0.07651,0.05502,0.12841,0.11372,0.08324000000000001,0.08968000000000001,0.1008,0.09786,0.02719,0.06446,0.10978,0.02028,0.020849999999999997,0.027299999999999998,0.06887,0.11363999999999999,0.21028,0.12365,0.132824,0.144544,0.15159399999999998,0.09670400000000001,0.094326,0.147266,0.137366,0.07155600000000001,0.07019600000000001,0.073896,0.150576,0.070086,0.070216,0.066924,0.068866,0.068496,0.069441,0.15156999999999998,0.09298000000000001,0.067478,0.025602,0.01732,0.01732,0.01732,0.024723,0.024723,0.024723,0.024723,0.030417999999999997,0.024723,0.01732,0.024723,0.01732,0.050131999999999996,0.130962,0.033881999999999995,0.20697000000000002,0.1058,0.06831999999999999,0.06676,0.073486,0.08856,0.11366299999999999,0.033572,0.106213,0.11333299999999999,0.107013,0.120176,0.10262199999999999,0.109899,0.09854299999999999,0.0,0.074146,0.090786,0.081406,0.09351999999999999,0.024723,0.01732,0.06676,0.06676,0.088388,0.118008,0.069338,0.030453,0.292883,0.061302999999999996,0.056753,0.21398299999999998,0.16199299999999997,0.134423,0.064123,0.058503,0.088233,0.124303,0.05028,0.0338,0.09318000000000001,0.08846000000000001,0.06676,0.11753,0.15808999999999998,0.05028,0.15845299999999998,0.108663,0.22297299999999998,0.16888299999999998,0.041887999999999995,0.034788,0.090628,0.085448,0.10078000000000001,0.10231,0.09494,0.14169299999999999,0.108543,0.13308299999999998,0.107983,0.107983,0.12717299999999998,0.107983,0.117833,0.079886,0.028543,0.064713,0.061033000000000004,0.09889300000000001,0.027483,0.041082999999999995,0.146926,0.135156,0.15276599999999999,0.17321599999999998,0.138506,0.140066,0.142926,0.122996,0.05028,0.05028,0.06676,0.0338,0.111932,0.104492,0.110442,0.12457199999999999,0.11619199999999999,0.119222,0.22514299999999998,0.25937299999999996,0.26204299999999997,0.08606,0.10253999999999999,0.150993,0.095913,0.01732,0.07288,0.01999593,0.019989999999999997,0.123501,0.139981,0.05028,0.06676,0.057683000000000005,0.05028,0.06676,0.06676,0.0338,0.041203000000000004,0.0938,0.033802,0.139319,0.16963899999999998,0.147939,0.16369899999999998,0.16452899999999998,0.041203000000000004,0.057683000000000005,0.048803000000000006,0.05363999999999999,0.082246
CTBLOQ1-0A-A101,0.11601600000000001,0.09452600000000001,0.167916,0.107866,0.07738600000000001,0.08382600000000001,0.140306,0.137366,0.066696,0.103966,0.149286,0.059786000000000006,0.06035600000000001,0.066806,0.108376,0.153146,0.249786,0.117796,0.07345,0.08517000000000001,0.09222,0.03733,0.034952,0.08789200000000001,0.077992,0.012182,0.010822,0.014522,0.09120199999999999,0.010712,0.010842000000000001,0.00755,0.009492,0.0056500000000000005,0.010067,0.145716,0.08712600000000001,0.008104,0.065108,0.05682600000000001,0.05682600000000001,0.05682600000000001,0.05682600000000001,0.05682600000000001,0.05682600000000001,0.05682600000000001,0.06427100000000001,0.05682600000000001,0.05682600000000001,0.05682600000000001,0.05682600000000001,0.08963800000000001,0.170468,0.07338800000000001,0.24647600000000003,0.09994600000000001,0.06246600000000001,0.060906,0.01064,0.082706,0.107809,0.073078,0.100359,0.107479,0.101159,0.11432200000000001,0.09676799999999999,0.104045,0.092689,0.074146,0.0,0.02794,0.01856,0.087666,0.05682600000000001,0.05682600000000001,0.007386,0.011466,0.029014,0.058634000000000006,0.009964,0.062556,0.324986,0.09340600000000002,0.08885600000000002,0.208129,0.15613899999999997,0.128569,0.096226,0.09060600000000002,0.12033600000000001,0.156406,0.023866000000000002,0.04034600000000001,0.08732600000000001,0.08260600000000001,0.060906,0.111676,0.15223599999999998,0.04442600000000001,0.15259899999999998,0.102809,0.217119,0.16302899999999998,0.075741,0.06864100000000001,0.124481,0.119301,0.09492600000000001,0.096456,0.089086,0.135839,0.102689,0.12722899999999998,0.102129,0.102129,0.121319,0.102129,0.111979,0.020512000000000002,0.060646000000000005,0.09681600000000001,0.09313600000000001,0.130996,0.05958600000000001,0.073186,0.14107200000000003,0.12930200000000003,0.146912,0.167362,0.132652,0.134212,0.13707200000000003,0.117142,0.04034600000000001,0.04442600000000001,0.027946000000000002,0.05682600000000001,0.106078,0.098638,0.104588,0.118718,0.110338,0.113368,0.257246,0.29147599999999996,0.29414599999999996,0.125566,0.142046,0.18309599999999998,0.12801600000000002,0.05682600000000001,0.11238600000000001,0.05950193000000001,0.05949600000000001,0.064127,0.08060700000000001,0.04034600000000001,0.060906,0.04034600000000001,0.07330600000000001,0.060906,0.023866000000000002,0.056826,0.056826,0.087946,0.07330800000000001,0.133465,0.16378500000000001,0.14208500000000002,0.157845,0.158675,0.07330600000000001,0.089786,0.080906,0.093146,0.0194
CTBLOQ2-0A-A102,0.132656,0.11116600000000001,0.184556,0.124506,0.094026,0.100466,0.156946,0.154006,0.083336,0.120606,0.16592600000000002,0.07642600000000001,0.07699600000000001,0.083446,0.12501600000000002,0.169786,0.266426,0.134436,0.09009,0.10181000000000001,0.10886,0.053970000000000004,0.051592,0.10453200000000001,0.09463200000000001,0.028822,0.027462,0.031162000000000002,0.107842,0.027352,0.027482000000000003,0.024190000000000003,0.026132000000000002,0.02229,0.026707,0.162356,0.103766,0.024744000000000002,0.081748,0.073466,0.073466,0.073466,0.073466,0.073466,0.073466,0.073466,0.08091100000000001,0.073466,0.073466,0.073466,0.073466,0.10627800000000001,0.187108,0.090028,0.263116,0.11658600000000001,0.07910600000000001,0.077546,0.027280000000000002,0.099346,0.124449,0.08971799999999999,0.116999,0.12411900000000001,0.117799,0.13096200000000002,0.11340800000000001,0.120685,0.10932900000000001,0.090786,0.02794,0.0,0.0352,0.10430600000000001,0.073466,0.073466,0.024026000000000002,0.028106,0.045654,0.07527400000000001,0.026604000000000003,0.079196,0.341626,0.110046,0.105496,0.224769,0.172779,0.145209,0.112866,0.10724600000000001,0.13697600000000001,0.173046,0.040506,0.056986,0.103966,0.099246,0.077546,0.12831599999999999,0.16887599999999997,0.061066,0.169239,0.119449,0.233759,0.179669,0.092381,0.085281,0.141121,0.135941,0.111566,0.113096,0.105726,0.152479,0.119329,0.143869,0.118769,0.118769,0.137959,0.118769,0.12861899999999998,0.037152000000000004,0.07728600000000001,0.113456,0.10977600000000001,0.14763600000000002,0.076226,0.089826,0.15771200000000002,0.14594200000000002,0.163552,0.184002,0.149292,0.150852,0.15371200000000002,0.133782,0.056986,0.061066,0.044586,0.073466,0.12271800000000001,0.115278,0.121228,0.135358,0.126978,0.130008,0.27388599999999996,0.30811599999999995,0.31078599999999995,0.142206,0.158686,0.199736,0.144656,0.073466,0.129026,0.07614193000000001,0.07613600000000001,0.080767,0.097247,0.056986,0.077546,0.056986,0.089946,0.077546,0.040506,0.073466,0.073466,0.10458600000000001,0.089948,0.150105,0.180425,0.158725,0.174485,0.175315,0.089946,0.10642599999999999,0.097546,0.109786,0.03604
CTBLOQ3-0A-A103,0.123276,0.10178600000000002,0.175176,0.115126,0.084646,0.091086,0.147566,0.144626,0.073956,0.111226,0.15654600000000002,0.06704600000000001,0.06761600000000001,0.074066,0.115636,0.160406,0.257046,0.125056,0.08071,0.09243000000000001,0.09947999999999999,0.044590000000000005,0.042212,0.09515200000000001,0.085252,0.019442,0.018082,0.021782,0.098462,0.017972,0.018102,0.014809999999999999,0.016752,0.01291,0.017327,0.152976,0.094386,0.015364,0.072368,0.064086,0.064086,0.064086,0.064086,0.064086,0.064086,0.064086,0.07153100000000001,0.064086,0.064086,0.064086,0.064086,0.09689800000000001,0.177728,0.080648,0.253736,0.10720600000000001,0.06972600000000001,0.068166,0.0179,0.089966,0.115069,0.08033799999999999,0.107619,0.11473900000000001,0.108419,0.12158200000000001,0.10402800000000001,0.111305,0.09994900000000001,0.081406,0.01856,0.0352,0.0,0.09492600000000001,0.064086,0.064086,0.014646,0.018726,0.036274,0.06589400000000001,0.017224,0.069816,0.332246,0.100666,0.09611600000000001,0.215389,0.163399,0.135829,0.103486,0.09786600000000001,0.12759600000000001,0.163666,0.031126,0.047606,0.094586,0.089866,0.068166,0.118936,0.15949599999999997,0.051686,0.159859,0.110069,0.224379,0.170289,0.083001,0.075901,0.131741,0.126561,0.102186,0.103716,0.096346,0.143099,0.109949,0.134489,0.109389,0.109389,0.128579,0.109389,0.119239,0.027771999999999998,0.06790600000000001,0.104076,0.10039600000000001,0.13825600000000002,0.066846,0.080446,0.14833200000000002,0.13656200000000002,0.154172,0.174622,0.139912,0.14147200000000001,0.14433200000000002,0.12440200000000001,0.047606,0.051686,0.035206,0.064086,0.11333800000000001,0.105898,0.111848,0.125978,0.11759800000000001,0.120628,0.26450599999999996,0.29873599999999995,0.30140599999999995,0.132826,0.149306,0.190356,0.135276,0.064086,0.119646,0.06676193000000001,0.06675600000000001,0.071387,0.087867,0.047606,0.068166,0.047606,0.080566,0.068166,0.031126,0.064086,0.064086,0.09520600000000001,0.080568,0.140725,0.171045,0.149345,0.165105,0.165935,0.080566,0.097046,0.088166,0.100406,0.02666
DAN-1A-A11,0.13539,0.1139,0.18728999999999998,0.04076,0.01028,0.01672,0.15968,0.15674,0.08607000000000001,0.12334,0.16866,0.07916000000000001,0.07973,0.08618,0.12775,0.17251999999999998,0.26915999999999995,0.05068999999999999,0.149816,0.161536,0.168586,0.11369600000000002,0.111318,0.16425800000000002,0.154358,0.088548,0.087188,0.090888,0.167568,0.087078,0.08720800000000001,0.083916,0.085858,0.082016,0.085829,0.07861,0.02002,0.083866,0.084482,0.0762,0.0762,0.0762,0.0762,0.0762,0.0762,0.0762,0.083645,0.0762,0.0762,0.0762,0.0762,0.109012,0.18984199999999998,0.09276200000000001,0.26585,0.09876000000000001,0.06128,0.05972,0.087006,0.0156,0.106623,0.092452,0.09917300000000001,0.106293,0.099973,0.11313600000000001,0.095582,0.102859,0.091503,0.09351999999999999,0.087666,0.10430600000000001,0.09492600000000001,0.0,0.0762,0.0762,0.083752,0.0762,0.10477600000000001,0.134396,0.085726,0.08193,0.34436,0.11278000000000002,0.10823000000000002,0.206943,0.154953,0.127383,0.11560000000000001,0.10998000000000002,0.13971,0.17578,0.0762,0.05972,0.08614000000000001,0.08142,0.05972,0.11049,0.15105,0.04324,0.151413,0.10162299999999999,0.21593299999999999,0.16184300000000001,0.095115,0.08801500000000001,0.14385499999999998,0.138675,0.027819999999999998,0.02935,0.02198,0.134653,0.10150300000000001,0.126043,0.100943,0.100943,0.12013299999999999,0.100943,0.110793,0.09687800000000002,0.08002000000000001,0.11619000000000002,0.11251,0.15037,0.07896,0.09256,0.139886,0.128116,0.145726,0.166176,0.131466,0.133026,0.135886,0.115956,0.05972,0.04324,0.05972,0.05972,0.10489200000000001,0.09745200000000001,0.103402,0.117532,0.109152,0.112182,0.27662,0.31084999999999996,0.31351999999999997,0.14493999999999999,0.16141999999999998,0.20246999999999998,0.14739,0.0762,0.13176000000000002,0.07887593000000001,0.07887,0.139889,0.15636900000000004,0.10916000000000001,0.05972,0.10916000000000001,0.0762,0.02676,0.09268000000000001,0.09268000000000001,0.09268000000000001,0.020839999999999997,0.09268200000000001,0.132279,0.162599,0.140899,0.156659,0.157489,0.09268000000000001,0.10916000000000001,0.10028000000000001,0.11252000000000001,0.09576600000000002
DATCC-2A-C2,0.066593,0.045103000000000004,0.11849299999999999,0.09640000000000001,0.06592,0.07236000000000001,0.09088299999999999,0.087943,0.017272999999999997,0.054543,0.09986300000000001,0.010363,0.010933,0.017383000000000003,0.058953,0.10372299999999998,0.20036299999999999,0.10633000000000001,0.115504,0.127224,0.13427399999999998,0.07938400000000001,0.077006,0.129946,0.12004599999999999,0.054236000000000006,0.052876000000000006,0.05657600000000001,0.13325599999999999,0.052766,0.052896000000000006,0.049604,0.051546,0.051176000000000006,0.05212100000000001,0.13425,0.07566,0.050158,0.010093000000000001,0.007403,0.007403,0.007403,0.0,0.0,0.0,0.0,0.007445,0.0,0.007403,0.0,0.007403,0.034623,0.115453,0.018373,0.197053,0.095883,0.058403000000000004,0.056843000000000005,0.056166,0.07124,0.103746,0.018063000000000003,0.096296,0.10341600000000001,0.097096,0.11025900000000001,0.09270500000000001,0.099982,0.08862600000000001,0.024723,0.05682600000000001,0.073466,0.064086,0.0762,0.0,0.007403,0.049440000000000005,0.049440000000000005,0.071068,0.100688,0.052018,0.005730000000000001,0.26816,0.03658,0.03203,0.204066,0.152076,0.124506,0.0394,0.033780000000000004,0.06351,0.09958,0.03296,0.01648,0.083263,0.078543,0.056843000000000005,0.10761299999999999,0.14817299999999997,0.040363,0.148536,0.098746,0.213056,0.158966,0.018915,0.011814999999999999,0.06765499999999999,0.062475,0.08346,0.08499000000000001,0.07762000000000001,0.131776,0.098626,0.123166,0.098066,0.098066,0.117256,0.098066,0.107916,0.06256600000000001,0.00382,0.039990000000000005,0.03631,0.07417,0.00276,0.01636,0.13700900000000002,0.12523900000000002,0.142849,0.163299,0.128589,0.13014900000000001,0.13300900000000002,0.11307900000000001,0.040363,0.03296,0.049440000000000005,0.023883,0.10201500000000001,0.094575,0.100525,0.114655,0.10627500000000001,0.109305,0.20042,0.23464999999999997,0.23731999999999998,0.07614299999999999,0.09262299999999998,0.12627,0.07119,0.007403,0.062963,0.01007893,0.010073,0.106181,0.12266099999999999,0.040363,0.056843000000000005,0.03296,0.040363,0.049440000000000005,0.049440000000000005,0.023883,0.01648,0.07648,0.018293,0.12940200000000002,0.159722,0.138022,0.153782,0.154612,0.01648,0.03296,0.02408,0.043723,0.06492600000000001
DATCC-2A-C3,0.05919,0.037700000000000004,0.11109,0.09640000000000001,0.06592,0.07236000000000001,0.08348,0.08054,0.009869999999999999,0.04714,0.09246,0.00296,0.0035299999999999997,0.009980000000000001,0.05155,0.09631999999999999,0.19296,0.10633000000000001,0.115504,0.127224,0.13427399999999998,0.07938400000000001,0.077006,0.129946,0.12004599999999999,0.054236000000000006,0.052876000000000006,0.05657600000000001,0.13325599999999999,0.052766,0.052896000000000006,0.049604,0.051546,0.051176000000000006,0.05212100000000001,0.13425,0.07566,0.050158,0.008282,0.0,0.0,0.0,0.007403,0.007403,0.007403,0.007403,0.013097999999999999,0.007403,0.0,0.007403,0.0,0.032812,0.11364199999999999,0.016562,0.18965,0.08848,0.051000000000000004,0.049440000000000005,0.056166,0.07124,0.096343,0.016252,0.088893,0.096013,0.089693,0.102856,0.085302,0.092579,0.081223,0.01732,0.05682600000000001,0.073466,0.064086,0.0762,0.007403,0.0,0.049440000000000005,0.049440000000000005,0.071068,0.100688,0.052018,0.013133,0.275563,0.043983,0.039433,0.19666299999999998,0.144673,0.117103,0.046803,0.041183000000000004,0.070913,0.106983,0.03296,0.01648,0.07586000000000001,0.07114000000000001,0.049440000000000005,0.10021,0.14076999999999998,0.03296,0.141133,0.09134300000000001,0.20565299999999997,0.151563,0.024568,0.017467999999999997,0.073308,0.068128,0.08346,0.08499000000000001,0.07762000000000001,0.124373,0.091223,0.11576299999999999,0.090663,0.090663,0.10985299999999999,0.090663,0.10051299999999999,0.06256600000000001,0.011223,0.047393000000000005,0.043713,0.081573,0.010163,0.023763,0.129606,0.11783600000000001,0.135446,0.15589599999999998,0.121186,0.12274600000000001,0.125606,0.105676,0.03296,0.03296,0.049440000000000005,0.01648,0.094612,0.087172,0.09312200000000001,0.107252,0.098872,0.10190199999999999,0.20782299999999998,0.24205299999999996,0.24472299999999997,0.06874,0.08521999999999999,0.133673,0.078593,0.0,0.055560000000000005,0.00267593,0.00267,0.106181,0.12266099999999999,0.03296,0.049440000000000005,0.040363,0.03296,0.049440000000000005,0.049440000000000005,0.01648,0.023883,0.07648,0.016481999999999997,0.121999,0.15231899999999998,0.13061899999999999,0.14637899999999998,0.14720899999999998,0.023883,0.040363,0.031483000000000004,0.03632,0.06492600000000001
DT-0A-C12,0.10863,0.08714000000000001,0.16053,0.103952,0.07347200000000001,0.07991200000000001,0.13291999999999998,0.12997999999999998,0.05931,0.09658,0.1419,0.0524,0.05297,0.05942000000000001,0.10099,0.14576,0.2424,0.113882,0.066064,0.077784,0.08483399999999999,0.029944000000000002,0.027566,0.08050600000000001,0.070606,0.004796,0.003436,0.007136,0.08381599999999999,0.003326,0.003456,0.000164,0.002106,0.001736,0.002681,0.14180199999999998,0.08321200000000001,0.000718,0.057722,0.049440000000000005,0.049440000000000005,0.049440000000000005,0.049440000000000005,0.049440000000000005,0.049440000000000005,0.049440000000000005,0.056885000000000005,0.049440000000000005,0.049440000000000005,0.049440000000000005,0.049440000000000005,0.082252,0.163082,0.066002,0.23909000000000002,0.096032,0.05855200000000001,0.056992,0.006726,0.078792,0.103895,0.065692,0.096445,0.103565,0.097245,0.110408,0.09285399999999999,0.100131,0.08877499999999999,0.06676,0.007386,0.024026000000000002,0.014646,0.083752,0.049440000000000005,0.049440000000000005,0.0,0.007552,0.021628,0.051248,0.002578,0.055170000000000004,0.3176,0.08602000000000001,0.08147000000000001,0.20421499999999998,0.152225,0.124655,0.08884,0.08322000000000002,0.11295000000000001,0.14901999999999999,0.01648,0.03296,0.08341200000000001,0.07869200000000001,0.056992,0.107762,0.14832199999999998,0.040512000000000006,0.148685,0.098895,0.21320499999999998,0.159115,0.068355,0.061255000000000004,0.11709499999999999,0.111915,0.09101200000000001,0.092542,0.085172,0.13192500000000001,0.098775,0.123315,0.098215,0.098215,0.117405,0.098215,0.108065,0.013126,0.05326,0.08943000000000001,0.08575,0.12361,0.0522,0.0658,0.137158,0.125388,0.14299800000000001,0.16344799999999998,0.12873800000000002,0.13029800000000002,0.133158,0.113228,0.03296,0.040512000000000006,0.024032,0.049440000000000005,0.102164,0.094724,0.100674,0.114804,0.106424,0.109454,0.24985999999999997,0.28408999999999995,0.28675999999999996,0.11818,0.13466,0.17570999999999998,0.12063,0.049440000000000005,0.10500000000000001,0.052115930000000005,0.052110000000000004,0.05674100000000001,0.07322100000000001,0.03296,0.056992,0.03296,0.06592,0.056992,0.01648,0.049440000000000005,0.049440000000000005,0.084032,0.06592200000000001,0.129551,0.15987099999999999,0.138171,0.15393099999999998,0.15476099999999998,0.06592,0.0824,0.07352,0.08576,0.015486
DT-0A-C13,0.10863,0.08714000000000001,0.16053,0.09640000000000001,0.06592,0.07236000000000001,0.13291999999999998,0.12997999999999998,0.05931,0.09658,0.1419,0.0524,0.05297,0.05942000000000001,0.10099,0.14576,0.2424,0.10633000000000001,0.073616,0.08533600000000001,0.092386,0.037496,0.035117999999999996,0.08805800000000001,0.078158,0.012348,0.010988,0.014688,0.09136799999999999,0.010877999999999999,0.011008,0.007716,0.009658,0.005816,0.009629,0.13425,0.07566,0.007666,0.057722,0.049440000000000005,0.049440000000000005,0.049440000000000005,0.049440000000000005,0.049440000000000005,0.049440000000000005,0.049440000000000005,0.056885000000000005,0.049440000000000005,0.049440000000000005,0.049440000000000005,0.049440000000000005,0.082252,0.163082,0.066002,0.23909000000000002,0.08848,0.051000000000000004,0.049440000000000005,0.010806,0.07124,0.09634300000000001,0.065692,0.088893,0.09601300000000001,0.089693,0.102856,0.085302,0.092579,0.081223,0.06676,0.011466,0.028106,0.018726,0.0762,0.049440000000000005,0.049440000000000005,0.007552,0.0,0.028576,0.058196,0.009526,0.055170000000000004,0.3176,0.08602000000000001,0.08147000000000001,0.196663,0.144673,0.11710300000000001,0.08884,0.08322000000000002,0.11295000000000001,0.14901999999999999,0.01648,0.03296,0.07586000000000001,0.07114000000000001,0.049440000000000005,0.10021,0.14076999999999998,0.03296,0.141133,0.09134300000000001,0.205653,0.151563,0.068355,0.061255000000000004,0.11709499999999999,0.111915,0.08346,0.08499000000000001,0.07762000000000001,0.12437300000000001,0.091223,0.115763,0.090663,0.090663,0.109853,0.090663,0.10051299999999999,0.020678000000000002,0.05326,0.08943000000000001,0.08575,0.12361,0.0522,0.0658,0.12960600000000003,0.11783600000000002,0.135446,0.155896,0.12118600000000002,0.12274600000000002,0.12560600000000002,0.105676,0.03296,0.03296,0.01648,0.049440000000000005,0.094612,0.087172,0.09312200000000001,0.10725200000000001,0.09887200000000002,0.10190199999999999,0.24985999999999997,0.28408999999999995,0.28675999999999996,0.11818,0.13466,0.17570999999999998,0.12063,0.049440000000000005,0.10500000000000001,0.052115930000000005,0.052110000000000004,0.06368900000000001,0.08016900000000002,0.03296,0.049440000000000005,0.03296,0.06592,0.049440000000000005,0.01648,0.049440000000000005,0.049440000000000005,0.07648,0.06592200000000001,0.121999,0.152319,0.130619,0.146379,0.147209,0.06592,0.0824,0.07352,0.08576,0.019566
EA-0A-A114,0.130258,0.108768,0.182158,0.124976,0.094496,0.100936,0.154548,0.151608,0.08093800000000001,0.11820800000000001,0.163528,0.07402800000000001,0.074598,0.08104800000000001,0.122618,0.16738799999999998,0.264028,0.134906,0.08769199999999999,0.099412,0.106462,0.05157200000000001,0.049194,0.102134,0.09223400000000001,0.026424000000000003,0.025064000000000003,0.028764,0.10544399999999998,0.024954,0.025084000000000002,0.021792000000000002,0.023734,0.023364000000000003,0.022873,0.162826,0.104236,0.02091,0.07935,0.071068,0.071068,0.071068,0.071068,0.071068,0.071068,0.071068,0.078513,0.071068,0.071068,0.071068,0.071068,0.10388,0.18470999999999999,0.08763000000000001,0.260718,0.11705600000000001,0.07957600000000001,0.078016,0.028354,0.099816,0.124919,0.08732000000000001,0.117469,0.124589,0.118269,0.131432,0.11387800000000001,0.121155,0.10979900000000001,0.088388,0.029014,0.045654,0.036274,0.10477600000000001,0.071068,0.071068,0.021628,0.028576,0.0,0.07144,0.022770000000000002,0.076798,0.33922800000000003,0.10764800000000001,0.10309800000000001,0.225239,0.173249,0.145679,0.11046800000000001,0.10484800000000001,0.134578,0.170648,0.038108,0.054588000000000005,0.104436,0.099716,0.078016,0.128786,0.169346,0.061536,0.169709,0.119919,0.234229,0.180139,0.08998300000000001,0.08288300000000001,0.13872299999999999,0.133543,0.112036,0.113566,0.106196,0.152949,0.119799,0.144339,0.119239,0.119239,0.138429,0.119239,0.129089,0.034754,0.07488800000000001,0.11105800000000002,0.107378,0.145238,0.073828,0.087428,0.15818200000000002,0.14641200000000001,0.164022,0.184472,0.149762,0.151322,0.154182,0.134252,0.054588000000000005,0.061536,0.045056,0.071068,0.123188,0.115748,0.121698,0.135828,0.127448,0.13047799999999998,0.271488,0.305718,0.308388,0.139808,0.15628799999999998,0.19733799999999999,0.142258,0.071068,0.12662800000000002,0.07374393,0.073738,0.076933,0.093413,0.054588000000000005,0.078016,0.054588000000000005,0.08754800000000001,0.078016,0.038108,0.071068,0.071068,0.10505600000000001,0.08755,0.15057500000000001,0.180895,0.159195,0.174955,0.175785,0.08754800000000001,0.10402800000000001,0.09514800000000001,0.10738800000000001,0.037114
EA-1A-A115,0.159878,0.138388,0.211778,0.154596,0.124116,0.130556,0.184168,0.181228,0.110558,0.14782800000000001,0.193148,0.103648,0.104218,0.110668,0.15223799999999998,0.197008,0.293648,0.164526,0.117312,0.129032,0.13608199999999998,0.081192,0.078814,0.131754,0.121854,0.056044000000000004,0.054684,0.058384000000000005,0.135064,0.054574000000000004,0.054704,0.051412,0.053354,0.052984,0.052493,0.192446,0.133856,0.05053,0.10897,0.100688,0.100688,0.100688,0.100688,0.100688,0.100688,0.100688,0.108133,0.100688,0.100688,0.100688,0.100688,0.1335,0.21433,0.11725,0.290338,0.146676,0.10919599999999999,0.107636,0.057974000000000005,0.129436,0.15453899999999998,0.11694,0.147089,0.15420899999999998,0.147889,0.161052,0.143498,0.150775,0.139419,0.118008,0.058634000000000006,0.07527400000000001,0.06589400000000001,0.134396,0.100688,0.100688,0.051248,0.058196,0.07144,0.0,0.05239,0.10641800000000001,0.368848,0.137268,0.132718,0.254859,0.20286899999999997,0.17529899999999998,0.140088,0.134468,0.164198,0.200268,0.06772800000000001,0.084208,0.134056,0.129336,0.107636,0.158406,0.19896599999999998,0.09115599999999999,0.19932899999999998,0.14953899999999998,0.263849,0.20975899999999997,0.11960300000000001,0.112503,0.168343,0.163163,0.141656,0.14318599999999998,0.135816,0.18256899999999998,0.149419,0.17395899999999997,0.148859,0.148859,0.168049,0.148859,0.158709,0.064374,0.104508,0.14067800000000003,0.136998,0.174858,0.10344800000000001,0.11704800000000001,0.18780200000000002,0.17603200000000002,0.19364199999999998,0.214092,0.17938199999999999,0.180942,0.18380200000000002,0.163872,0.084208,0.09115599999999999,0.07467599999999999,0.100688,0.152808,0.145368,0.151318,0.16544799999999998,0.15706799999999999,0.160098,0.301108,0.33533799999999997,0.338008,0.169428,0.185908,0.226958,0.171878,0.100688,0.156248,0.10336393,0.103358,0.10655300000000001,0.123033,0.084208,0.107636,0.084208,0.117168,0.107636,0.06772800000000001,0.10068800000000001,0.10068800000000001,0.134676,0.11717,0.180195,0.210515,0.188815,0.204575,0.205405,0.11716800000000001,0.13364800000000002,0.124768,0.137008,0.066734
EA-1A-A116,0.111208,0.089718,0.16310799999999998,0.105926,0.07544600000000001,0.08188600000000001,0.135498,0.132558,0.061888,0.099158,0.144478,0.054978,0.055548,0.061998000000000004,0.103568,0.14833799999999997,0.24497799999999997,0.115856,0.068642,0.080362,0.08741199999999999,0.032522,0.030144,0.083084,0.073184,0.007374,0.006014,0.009714,0.08639399999999998,0.0059039999999999995,0.006033999999999999,0.002742,0.004684,0.004314,0.003823,0.14377600000000001,0.08518600000000001,0.00186,0.0603,0.052018,0.052018,0.052018,0.052018,0.052018,0.052018,0.052018,0.059463,0.052018,0.052018,0.052018,0.052018,0.08483,0.16565999999999997,0.06858,0.241668,0.09800600000000001,0.060526,0.058966000000000005,0.009304,0.080766,0.105869,0.06827,0.098419,0.10553900000000001,0.099219,0.11238200000000001,0.094828,0.102105,0.090749,0.069338,0.009964,0.026604000000000003,0.017224,0.085726,0.052018,0.052018,0.002578,0.009526,0.022770000000000002,0.05239,0.0,0.057748,0.320178,0.08859800000000001,0.08404800000000001,0.206189,0.15419899999999997,0.126629,0.091418,0.08579800000000001,0.115528,0.151598,0.019058000000000002,0.035538,0.08538600000000002,0.08066600000000002,0.058966000000000005,0.109736,0.15029599999999999,0.042486,0.150659,0.100869,0.215179,0.16108899999999998,0.070933,0.063833,0.11967299999999999,0.114493,0.09298600000000001,0.094516,0.087146,0.133899,0.100749,0.12528899999999998,0.100189,0.100189,0.119379,0.100189,0.110039,0.015704,0.055838,0.092008,0.088328,0.126188,0.054778,0.068378,0.13913200000000003,0.12736200000000003,0.144972,0.165422,0.130712,0.132272,0.13513200000000003,0.115202,0.035538,0.042486,0.026006,0.052018,0.10413800000000001,0.096698,0.102648,0.116778,0.10839800000000001,0.111428,0.252438,0.286668,0.289338,0.12075799999999999,0.137238,0.178288,0.123208,0.052018,0.10757800000000001,0.05469393,0.054688,0.057883000000000004,0.07436300000000001,0.035538,0.058966000000000005,0.035538,0.068498,0.058966000000000005,0.019058000000000002,0.05201800000000001,0.05201800000000001,0.086006,0.0685,0.131525,0.16184500000000002,0.14014500000000002,0.15590500000000002,0.156735,0.068498,0.084978,0.076098,0.088338,0.018064
ECOK1-1A-A101,0.072323,0.050833,0.12422299999999999,0.10213,0.07165,0.07809,0.096613,0.093673,0.023003,0.060273,0.105593,0.016093,0.016663,0.023113,0.064683,0.109453,0.206093,0.11205999999999999,0.12123400000000001,0.13295400000000002,0.140004,0.08511400000000002,0.082736,0.13567600000000002,0.125776,0.059966000000000005,0.058606000000000005,0.06230600000000001,0.138986,0.058496,0.058626000000000004,0.055334,0.057276,0.056906000000000005,0.05785100000000001,0.13998,0.08139,0.055888,0.015823000000000004,0.013133,0.013133,0.013133,0.005730000000000001,0.005730000000000001,0.005730000000000001,0.005730000000000001,0.013175000000000001,0.005730000000000001,0.013133,0.005730000000000001,0.013133,0.040353,0.121183,0.024103,0.20278300000000002,0.10161300000000001,0.064133,0.062573,0.061896,0.07697000000000001,0.10947599999999999,0.023793,0.102026,0.10914599999999999,0.102826,0.11598900000000001,0.098435,0.105712,0.094356,0.030453,0.062556,0.079196,0.069816,0.08193,0.005730000000000001,0.013133,0.055170000000000004,0.055170000000000004,0.076798,0.10641800000000001,0.057748,0.0,0.27389,0.04231,0.03776,0.20979599999999998,0.15780599999999997,0.130236,0.045129999999999997,0.03951,0.06924,0.10531,0.03869,0.02221,0.08899300000000002,0.08427300000000001,0.062573,0.113343,0.15390299999999998,0.046093,0.154266,0.104476,0.21878599999999998,0.16469599999999998,0.024645,0.017544999999999998,0.07338499999999999,0.068205,0.08919,0.09072,0.08335000000000001,0.137506,0.104356,0.12889599999999998,0.103796,0.103796,0.12298599999999998,0.103796,0.113646,0.068296,0.009550000000000001,0.045720000000000004,0.04204,0.0799,0.008490000000000001,0.02209,0.142739,0.130969,0.148579,0.16902899999999998,0.134319,0.135879,0.138739,0.118809,0.046093,0.03869,0.055170000000000004,0.029613,0.10774500000000001,0.100305,0.106255,0.12038499999999999,0.112005,0.115035,0.20615,0.24037999999999998,0.24305,0.081873,0.098353,0.132,0.07692,0.013133,0.068693,0.015808930000000002,0.015803,0.11191100000000001,0.128391,0.046093,0.062573,0.03869,0.046093,0.055170000000000004,0.055170000000000004,0.029613,0.02221,0.08221,0.024023000000000003,0.135132,0.165452,0.143752,0.159512,0.16034199999999998,0.02221,0.03869,0.02981,0.049453,0.070656
ECOK1-1A-A102,0.334753,0.313263,0.386653,0.36456,0.33408,0.34052,0.359043,0.356103,0.285433,0.322703,0.368023,0.278523,0.279093,0.285543,0.327113,0.37188299999999996,0.468523,0.37449,0.383664,0.395384,0.40243399999999996,0.347544,0.34516600000000003,0.398106,0.388206,0.322396,0.321036,0.324736,0.401416,0.320926,0.321056,0.317764,0.319706,0.319336,0.32028100000000004,0.40241,0.34382,0.318318,0.27825300000000003,0.275563,0.275563,0.275563,0.26816,0.26816,0.26816,0.26816,0.275605,0.26816,0.275563,0.26816,0.275563,0.302783,0.383613,0.28653300000000004,0.465213,0.364043,0.326563,0.325003,0.324326,0.3394,0.37190599999999996,0.286223,0.364456,0.371576,0.36525599999999997,0.378419,0.360865,0.36814199999999997,0.356786,0.292883,0.324986,0.341626,0.332246,0.34436,0.26816,0.275563,0.3176,0.3176,0.33922800000000003,0.368848,0.320178,0.27389,0.0,0.30474,0.30019,0.472226,0.42023599999999994,0.39266599999999996,0.30756,0.30194,0.33167,0.36774,0.30112,0.28464,0.351423,0.346703,0.325003,0.375773,0.41633299999999995,0.308523,0.41669599999999996,0.36690599999999995,0.481216,0.427126,0.287075,0.27997500000000003,0.335815,0.330635,0.35162,0.35314999999999996,0.34578,0.39993599999999996,0.366786,0.39132599999999995,0.366226,0.366226,0.385416,0.366226,0.37607599999999997,0.330726,0.27198,0.30815000000000003,0.30447,0.34233,0.27092,0.28452,0.405169,0.393399,0.41100899999999996,0.431459,0.396749,0.398309,0.401169,0.381239,0.308523,0.30112,0.3176,0.292043,0.370175,0.362735,0.368685,0.382815,0.37443499999999996,0.377465,0.46858,0.50281,0.5054799999999999,0.344303,0.36078299999999996,0.39443,0.33935000000000004,0.275563,0.331123,0.27823893,0.278233,0.37434100000000003,0.39082100000000003,0.308523,0.325003,0.30112,0.308523,0.3176,0.3176,0.292043,0.28464,0.34464,0.286453,0.39756199999999997,0.427882,0.406182,0.421942,0.422772,0.28464,0.30112,0.29224,0.311883,0.333086
ECOK2-1A-A52,0.103173,0.081683,0.155073,0.13298000000000001,0.10250000000000001,0.10894000000000001,0.127463,0.124523,0.053853,0.09112300000000001,0.136443,0.046943,0.047513,0.053963000000000004,0.095533,0.14030299999999998,0.236943,0.14291,0.152084,0.163804,0.17085399999999998,0.11596400000000001,0.113586,0.166526,0.156626,0.09081600000000001,0.08945600000000001,0.09315600000000002,0.169836,0.08934600000000001,0.089476,0.08618400000000001,0.08812600000000001,0.087756,0.088701,0.17083,0.11224,0.08673800000000001,0.046673000000000006,0.043983,0.043983,0.043983,0.03658,0.03658,0.03658,0.03658,0.044025,0.03658,0.043983,0.03658,0.043983,0.071203,0.152033,0.054953,0.233633,0.132463,0.09498300000000001,0.093423,0.092746,0.10782000000000001,0.140326,0.054643000000000004,0.132876,0.139996,0.13367600000000002,0.146839,0.129285,0.13656200000000002,0.125206,0.061302999999999996,0.09340600000000002,0.110046,0.100666,0.11278000000000002,0.03658,0.043983,0.08602000000000001,0.08602000000000001,0.10764800000000001,0.137268,0.08859800000000001,0.04231,0.30474,0.0,0.06861,0.240646,0.188656,0.161086,0.07597999999999999,0.07036,0.10009,0.13616,0.06954,0.05306,0.119843,0.115123,0.093423,0.144193,0.18475299999999997,0.07694300000000001,0.185116,0.135326,0.249636,0.195546,0.055495,0.048395,0.104235,0.099055,0.12004000000000001,0.12157000000000001,0.11420000000000001,0.168356,0.135206,0.159746,0.134646,0.134646,0.153836,0.134646,0.144496,0.09914600000000001,0.0404,0.07657,0.07289000000000001,0.11075000000000002,0.03934,0.05294,0.17358900000000002,0.16181900000000002,0.179429,0.199879,0.165169,0.16672900000000002,0.16958900000000002,0.14965900000000001,0.07694300000000001,0.06954,0.08602000000000001,0.060463,0.13859500000000002,0.13115500000000002,0.137105,0.151235,0.142855,0.145885,0.237,0.27122999999999997,0.2739,0.11272299999999999,0.12920299999999998,0.16285,0.10777,0.043983,0.099543,0.04665893,0.046653,0.142761,0.159241,0.07694300000000001,0.093423,0.06954,0.07694300000000001,0.08602000000000001,0.08602000000000001,0.060463,0.05306,0.11306000000000002,0.054873000000000005,0.16598200000000002,0.196302,0.174602,0.190362,0.191192,0.05306,0.06954,0.060660000000000006,0.080303,0.10150600000000001
ECOK3-0A-A63,0.098623,0.07713300000000001,0.150523,0.12843000000000002,0.09795000000000001,0.10439000000000001,0.122913,0.119973,0.049303,0.08657300000000001,0.131893,0.042393,0.042963,0.049413000000000006,0.09098300000000001,0.13575299999999998,0.232393,0.13836,0.147534,0.159254,0.16630399999999998,0.11141400000000001,0.10903600000000001,0.161976,0.152076,0.08626600000000001,0.08490600000000001,0.08860600000000002,0.165286,0.08479600000000001,0.084926,0.08163400000000001,0.08357600000000001,0.083206,0.084151,0.16628,0.10769000000000001,0.08218800000000001,0.04212300000000001,0.039433,0.039433,0.039433,0.03203,0.03203,0.03203,0.03203,0.039475,0.03203,0.039433,0.03203,0.039433,0.066653,0.147483,0.050403,0.229083,0.127913,0.09043300000000001,0.08887300000000001,0.088196,0.10327000000000001,0.135776,0.050093000000000006,0.128326,0.135446,0.12912600000000002,0.142289,0.12473500000000001,0.13201200000000002,0.12065600000000001,0.056753,0.08885600000000002,0.105496,0.09611600000000001,0.10823000000000002,0.03203,0.039433,0.08147000000000001,0.08147000000000001,0.10309800000000001,0.132718,0.08404800000000001,0.03776,0.30019,0.06861,0.0,0.236096,0.184106,0.156536,0.07143,0.06581000000000001,0.09554,0.13161,0.06499,0.048510000000000005,0.115293,0.110573,0.08887300000000001,0.139643,0.18020299999999997,0.07239300000000001,0.180566,0.130776,0.245086,0.190996,0.050945000000000004,0.043845,0.099685,0.094505,0.11549000000000001,0.11702000000000001,0.10965000000000001,0.163806,0.130656,0.155196,0.130096,0.130096,0.149286,0.130096,0.13994600000000001,0.09459600000000001,0.03585,0.07202,0.06834000000000001,0.10620000000000002,0.03479,0.04839,0.16903900000000002,0.15726900000000002,0.174879,0.195329,0.160619,0.16217900000000002,0.16503900000000002,0.14510900000000002,0.07239300000000001,0.06499,0.08147000000000001,0.055913000000000004,0.13404500000000003,0.12660500000000002,0.132555,0.146685,0.138305,0.141335,0.23245,0.26668,0.26935,0.10817299999999999,0.12465299999999999,0.1583,0.10322,0.039433,0.09499300000000001,0.04210893,0.042103,0.138211,0.154691,0.07239300000000001,0.08887300000000001,0.06499,0.07239300000000001,0.08147000000000001,0.08147000000000001,0.055913000000000004,0.048510000000000005,0.10851000000000002,0.05032300000000001,0.16143200000000002,0.191752,0.170052,0.185812,0.186642,0.048510000000000005,0.06499,0.05611000000000001,0.075753,0.09695600000000001
ENF-2B-A122,0.255853,0.234363,0.30775299999999994,0.22714299999999998,0.19666299999999998,0.20310299999999998,0.280143,0.277203,0.206533,0.243803,0.289123,0.199623,0.20019299999999998,0.206643,0.248213,0.292983,0.38962299999999994,0.23707299999999998,0.270279,0.281999,0.289049,0.234159,0.231781,0.284721,0.274821,0.209011,0.207651,0.211351,0.288031,0.207541,0.207671,0.204379,0.206321,0.202479,0.206292,0.264993,0.20640299999999998,0.20432899999999998,0.204945,0.19666299999999998,0.19666299999999998,0.19666299999999998,0.204066,0.204066,0.204066,0.204066,0.20976099999999998,0.204066,0.19666299999999998,0.204066,0.19666299999999998,0.22947499999999998,0.31030499999999994,0.213225,0.386313,0.219223,0.181743,0.18018299999999998,0.20746900000000001,0.20198299999999997,0.13056,0.212915,0.12311,0.10064999999999999,0.12390999999999999,0.137073,0.11951899999999999,0.126796,0.11543999999999999,0.21398299999999998,0.208129,0.224769,0.215389,0.206943,0.204066,0.19666299999999998,0.20421499999999998,0.196663,0.225239,0.254859,0.206189,0.20979599999999998,0.472226,0.240646,0.236096,0.0,0.05199,0.12173999999999999,0.243466,0.237846,0.267576,0.30364599999999997,0.196663,0.19666299999999998,0.206603,0.201883,0.18018299999999998,0.230953,0.271513,0.163703,0.17535,0.12556,0.23987,0.18578,0.22123099999999998,0.214131,0.26997099999999996,0.264791,0.21420299999999998,0.21573299999999998,0.208363,0.15859,0.12544,0.14998,0.12487999999999999,0.12487999999999999,0.14407,0.12487999999999999,0.13473,0.217341,0.207886,0.244056,0.24037599999999998,0.278236,0.20682599999999998,0.22042599999999998,0.163823,0.152053,0.16966299999999998,0.190113,0.15540299999999999,0.156963,0.159823,0.139893,0.18018299999999998,0.18018299999999998,0.18018299999999998,0.18018299999999998,0.128829,0.121389,0.127339,0.14146899999999998,0.13308899999999999,0.136119,0.40448599999999996,0.43871599999999994,0.44138599999999995,0.26540299999999994,0.281883,0.33033599999999996,0.27525599999999995,0.19666299999999998,0.252223,0.19933893,0.19933299999999998,0.26035200000000003,0.276832,0.229623,0.147223,0.229623,0.163703,0.18018299999999998,0.213143,0.213143,0.220546,0.207223,0.21314499999999997,0.156216,0.18653599999999998,0.16483599999999998,0.180596,0.181426,0.220546,0.237026,0.228146,0.232983,0.216229
ENF-2B-A22,0.203863,0.18237299999999998,0.25576299999999996,0.175153,0.144673,0.151113,0.22815299999999997,0.22521299999999997,0.15454299999999999,0.19181299999999998,0.23713299999999998,0.147633,0.14820299999999997,0.15465299999999998,0.19622299999999998,0.24099299999999996,0.33763299999999996,0.185083,0.218289,0.230009,0.237059,0.182169,0.17979099999999998,0.232731,0.22283099999999997,0.157021,0.155661,0.15936099999999997,0.23604099999999997,0.155551,0.15568099999999999,0.152389,0.154331,0.15048899999999998,0.154302,0.213003,0.154413,0.152339,0.15295499999999998,0.144673,0.144673,0.144673,0.152076,0.152076,0.152076,0.152076,0.157771,0.152076,0.144673,0.152076,0.144673,0.17748499999999998,0.25831499999999996,0.161235,0.334323,0.167233,0.12975299999999998,0.128193,0.15547899999999998,0.149993,0.07857,0.16092499999999998,0.07111999999999999,0.048659999999999995,0.07192,0.08508299999999999,0.06752899999999999,0.074806,0.06344999999999999,0.16199299999999997,0.15613899999999997,0.172779,0.163399,0.154953,0.152076,0.144673,0.152225,0.144673,0.173249,0.20286899999999997,0.15419899999999997,0.15780599999999997,0.42023599999999994,0.188656,0.184106,0.05199,0.0,0.06974999999999999,0.19147599999999998,0.185856,0.21558599999999997,0.251656,0.144673,0.144673,0.154613,0.149893,0.128193,0.17896299999999998,0.21952299999999997,0.11171299999999998,0.12336,0.07357,0.18788,0.13379,0.16924099999999997,0.16214099999999998,0.21798099999999998,0.21280099999999996,0.162213,0.163743,0.156373,0.1066,0.07344999999999999,0.09799,0.07289,0.07289,0.09208,0.07289,0.08274,0.165351,0.15589599999999998,0.192066,0.188386,0.22624599999999997,0.15483599999999997,0.16843599999999997,0.111833,0.100063,0.11767299999999999,0.138123,0.10341299999999999,0.104973,0.107833,0.087903,0.128193,0.128193,0.128193,0.12819299999999997,0.07683899999999999,0.06939899999999999,0.075349,0.08947899999999999,0.08109899999999999,0.084129,0.3524959999999999,0.3867259999999999,0.38939599999999996,0.21341299999999996,0.22989299999999996,0.278346,0.22326599999999996,0.144673,0.200233,0.14734893,0.14734299999999997,0.208362,0.22484200000000001,0.17763299999999999,0.09523299999999998,0.17763299999999999,0.11171299999999998,0.128193,0.161153,0.161153,0.16855599999999998,0.155233,0.161155,0.10422599999999999,0.134546,0.11284599999999999,0.128606,0.129436,0.16855599999999998,0.18503599999999998,0.17615599999999998,0.180993,0.164239
ENF-3A-A21,0.176293,0.154803,0.22819299999999998,0.14758300000000002,0.11710300000000001,0.12354300000000001,0.20058299999999998,0.19764299999999999,0.126973,0.164243,0.209563,0.120063,0.12063299999999999,0.127083,0.168653,0.21342299999999997,0.310063,0.15751300000000001,0.19071900000000003,0.202439,0.209489,0.15459900000000001,0.152221,0.205161,0.195261,0.129451,0.128091,0.131791,0.208471,0.127981,0.128111,0.12481900000000001,0.126761,0.122919,0.126732,0.18543300000000001,0.126843,0.124769,0.125385,0.117103,0.117103,0.117103,0.124506,0.124506,0.124506,0.124506,0.130201,0.124506,0.117103,0.124506,0.117103,0.149915,0.23074499999999998,0.133665,0.306753,0.139663,0.102183,0.100623,0.127909,0.122423,0.051000000000000004,0.133355,0.043550000000000005,0.02109,0.04435,0.05751300000000001,0.039959,0.047236,0.03588,0.134423,0.128569,0.145209,0.135829,0.127383,0.124506,0.117103,0.124655,0.11710300000000001,0.145679,0.17529899999999998,0.126629,0.130236,0.39266599999999996,0.161086,0.156536,0.12173999999999999,0.06974999999999999,0.0,0.163906,0.158286,0.188016,0.22408599999999998,0.11710300000000001,0.117103,0.12704300000000002,0.12232300000000002,0.100623,0.151393,0.19195299999999998,0.084143,0.09579,0.046,0.16031,0.10622000000000001,0.141671,0.134571,0.190411,0.18523099999999998,0.134643,0.136173,0.128803,0.07903,0.045880000000000004,0.07042000000000001,0.04532,0.04532,0.06451,0.04532,0.05517,0.13778100000000001,0.128326,0.164496,0.16081600000000001,0.198676,0.127266,0.140866,0.084263,0.072493,0.09010299999999999,0.11055300000000001,0.075843,0.077403,0.080263,0.060333000000000005,0.100623,0.100623,0.100623,0.10062299999999999,0.04926900000000001,0.041829000000000005,0.047779,0.061909000000000006,0.05352900000000001,0.056559,0.32492599999999994,0.3591559999999999,0.361826,0.18584299999999998,0.20232299999999998,0.250776,0.19569599999999998,0.117103,0.172663,0.11977893,0.11977299999999999,0.180792,0.19727200000000003,0.150063,0.067663,0.150063,0.084143,0.100623,0.133583,0.133583,0.140986,0.127663,0.133585,0.076656,0.10697599999999999,0.08527599999999999,0.10103600000000001,0.10186600000000001,0.140986,0.157466,0.148586,0.153423,0.136669
FILOA-0B-A56,0.105993,0.084503,0.15789299999999998,0.1358,0.10532,0.11176,0.13028299999999998,0.12734299999999998,0.056672999999999994,0.093943,0.139263,0.049762999999999995,0.050332999999999996,0.056783,0.098353,0.143123,0.239763,0.14573,0.154904,0.166624,0.173674,0.11878400000000001,0.11640600000000001,0.169346,0.15944599999999998,0.093636,0.092276,0.095976,0.17265599999999998,0.092166,0.092296,0.089004,0.090946,0.090576,0.091521,0.17365,0.11506,0.089558,0.049492999999999995,0.046803,0.046803,0.046803,0.0394,0.0394,0.0394,0.0394,0.046845,0.0394,0.046803,0.0394,0.046803,0.074023,0.154853,0.057773,0.23645300000000002,0.135283,0.097803,0.096243,0.095566,0.11064,0.143146,0.057463,0.13569599999999998,0.142816,0.136496,0.149659,0.132105,0.139382,0.128026,0.064123,0.096226,0.112866,0.103486,0.11560000000000001,0.0394,0.046803,0.08884,0.08884,0.11046800000000001,0.140088,0.091418,0.045129999999999997,0.30756,0.07597999999999999,0.07143,0.243466,0.19147599999999998,0.163906,0.0,0.07318,0.10291,0.13898,0.07236000000000001,0.05588,0.12266300000000001,0.117943,0.096243,0.147013,0.187573,0.079763,0.187936,0.138146,0.252456,0.198366,0.058315,0.051215,0.10705499999999998,0.101875,0.12286,0.12439,0.11702,0.171176,0.13802599999999998,0.162566,0.13746599999999998,0.13746599999999998,0.156656,0.13746599999999998,0.147316,0.101966,0.043219999999999995,0.07939,0.07571,0.11357,0.042159999999999996,0.05576,0.176409,0.164639,0.182249,0.202699,0.167989,0.169549,0.172409,0.152479,0.079763,0.07236000000000001,0.08884,0.063283,0.141415,0.133975,0.139925,0.154055,0.145675,0.14870499999999998,0.23981999999999998,0.27404999999999996,0.27671999999999997,0.11554299999999999,0.132023,0.16566999999999998,0.11059,0.046803,0.10236300000000001,0.04947893,0.049472999999999996,0.14558100000000002,0.162061,0.079763,0.096243,0.07236000000000001,0.079763,0.08884,0.08884,0.063283,0.05588,0.11588000000000001,0.057692999999999994,0.168802,0.199122,0.177422,0.193182,0.194012,0.05588,0.07236000000000001,0.06348,0.083123,0.104326
FILOA-2A-A55,0.100373,0.07888300000000001,0.152273,0.13018000000000002,0.09970000000000001,0.10614000000000001,0.124663,0.121723,0.051053,0.08832300000000001,0.133643,0.044143,0.044713,0.05116300000000001,0.09273300000000001,0.137503,0.234143,0.14011,0.149284,0.161004,0.16805399999999998,0.11316400000000001,0.11078600000000001,0.163726,0.153826,0.08801600000000001,0.08665600000000001,0.09035600000000002,0.167036,0.08654600000000001,0.086676,0.08338400000000001,0.08532600000000001,0.084956,0.085901,0.16803,0.10944000000000001,0.08393800000000001,0.04387300000000001,0.041183000000000004,0.041183000000000004,0.041183000000000004,0.033780000000000004,0.033780000000000004,0.033780000000000004,0.033780000000000004,0.041225000000000005,0.033780000000000004,0.041183000000000004,0.033780000000000004,0.041183000000000004,0.068403,0.149233,0.052153000000000005,0.230833,0.129663,0.09218300000000001,0.09062300000000001,0.089946,0.10502000000000002,0.137526,0.05184300000000001,0.13007600000000002,0.137196,0.130876,0.14403900000000003,0.12648500000000001,0.133762,0.12240600000000001,0.058503,0.09060600000000002,0.10724600000000001,0.09786600000000001,0.10998000000000002,0.033780000000000004,0.041183000000000004,0.08322000000000002,0.08322000000000002,0.10484800000000001,0.134468,0.08579800000000001,0.03951,0.30194,0.07036,0.06581000000000001,0.237846,0.185856,0.158286,0.07318,0.0,0.09729,0.13336,0.06674000000000001,0.050260000000000006,0.11704300000000001,0.112323,0.09062300000000001,0.141393,0.18195299999999998,0.07414300000000001,0.182316,0.132526,0.246836,0.192746,0.052695000000000006,0.045595000000000004,0.101435,0.09625500000000001,0.11724000000000001,0.11877000000000001,0.11140000000000001,0.165556,0.13240600000000002,0.156946,0.13184600000000002,0.13184600000000002,0.151036,0.13184600000000002,0.141696,0.09634600000000001,0.0376,0.07377,0.07009000000000001,0.10795000000000002,0.03654,0.050140000000000004,0.17078900000000002,0.15901900000000002,0.176629,0.197079,0.162369,0.16392900000000002,0.16678900000000002,0.14685900000000002,0.07414300000000001,0.06674000000000001,0.08322000000000002,0.057663000000000006,0.135795,0.128355,0.134305,0.148435,0.140055,0.14308500000000002,0.2342,0.26843,0.2711,0.10992299999999999,0.126403,0.16005,0.10497000000000001,0.041183000000000004,0.09674300000000001,0.043858930000000004,0.043853,0.139961,0.156441,0.07414300000000001,0.09062300000000001,0.06674000000000001,0.07414300000000001,0.08322000000000002,0.08322000000000002,0.057663000000000006,0.050260000000000006,0.11026000000000002,0.05207300000000001,0.163182,0.193502,0.171802,0.187562,0.188392,0.050260000000000006,0.06674000000000001,0.05786000000000001,0.077503,0.09870600000000002
FILOB-1B-A58,0.130103,0.108613,0.18200299999999997,0.15991,0.12943,0.13587,0.154393,0.151453,0.08078300000000001,0.118053,0.163373,0.07387300000000001,0.07444300000000001,0.080893,0.122463,0.167233,0.263873,0.16984,0.179014,0.19073400000000001,0.197784,0.14289400000000002,0.140516,0.19345600000000002,0.183556,0.11774600000000002,0.11638600000000002,0.12008600000000001,0.196766,0.116276,0.11640600000000001,0.113114,0.115056,0.11468600000000001,0.11563100000000001,0.19776,0.13917,0.113668,0.073603,0.070913,0.070913,0.070913,0.06351,0.06351,0.06351,0.06351,0.07095499999999999,0.06351,0.070913,0.06351,0.070913,0.098133,0.17896299999999998,0.081883,0.260563,0.159393,0.121913,0.120353,0.119676,0.13474999999999998,0.167256,0.081573,0.159806,0.166926,0.160606,0.173769,0.156215,0.163492,0.152136,0.088233,0.12033600000000001,0.13697600000000001,0.12759600000000001,0.13971,0.06351,0.070913,0.11295000000000001,0.11295000000000001,0.134578,0.164198,0.115528,0.06924,0.33167,0.10009,0.09554,0.267576,0.21558599999999997,0.188016,0.10291,0.09729,0.0,0.16309,0.09647,0.07999,0.14677300000000001,0.142053,0.120353,0.171123,0.21168299999999998,0.103873,0.21204599999999998,0.16225599999999998,0.276566,0.22247599999999998,0.082425,0.075325,0.13116499999999998,0.125985,0.14697,0.1485,0.14113,0.195286,0.162136,0.18667599999999998,0.161576,0.161576,0.18076599999999998,0.161576,0.171426,0.12607600000000002,0.06733,0.10350000000000001,0.09981999999999999,0.13768,0.06627,0.07987,0.200519,0.188749,0.206359,0.22680899999999998,0.192099,0.193659,0.196519,0.176589,0.103873,0.09647,0.11295,0.087393,0.165525,0.158085,0.164035,0.178165,0.169785,0.172815,0.26393,0.29816,0.30083,0.139653,0.156133,0.18978,0.1347,0.070913,0.126473,0.07358893000000001,0.07358300000000001,0.169691,0.186171,0.103873,0.12035299999999999,0.09647,0.103873,0.11295,0.11295000000000001,0.087393,0.07999,0.13999,0.081803,0.192912,0.22323199999999999,0.201532,0.21729199999999999,0.21812199999999998,0.07999,0.09647,0.08759,0.107233,0.128436
FILOB-2A-A57,0.166173,0.144683,0.218073,0.19598,0.16549999999999998,0.17193999999999998,0.190463,0.187523,0.116853,0.154123,0.19944299999999998,0.109943,0.110513,0.116963,0.15853299999999998,0.20330299999999998,0.29994299999999996,0.20590999999999998,0.215084,0.226804,0.23385399999999998,0.178964,0.176586,0.229526,0.219626,0.153816,0.152456,0.15615600000000002,0.232836,0.15234599999999998,0.152476,0.14918399999999998,0.15112599999999998,0.150756,0.151701,0.23382999999999998,0.17523999999999998,0.14973799999999998,0.109673,0.106983,0.106983,0.106983,0.09958,0.09958,0.09958,0.09958,0.10702500000000001,0.09958,0.106983,0.09958,0.106983,0.13420300000000002,0.215033,0.117953,0.29663300000000004,0.195463,0.15798299999999998,0.15642299999999998,0.155746,0.17081999999999997,0.20332599999999998,0.117643,0.195876,0.20299599999999998,0.19667599999999996,0.209839,0.19228499999999998,0.19956199999999996,0.18820599999999998,0.124303,0.156406,0.173046,0.163666,0.17578,0.09958,0.106983,0.14901999999999999,0.14901999999999999,0.170648,0.200268,0.151598,0.10531,0.36774,0.13616,0.13161,0.30364599999999997,0.251656,0.22408599999999998,0.13898,0.13336,0.16309,0.0,0.13254,0.11606,0.182843,0.178123,0.15642299999999998,0.207193,0.24775299999999997,0.13994299999999998,0.24811599999999998,0.19832599999999997,0.31263599999999997,0.25854599999999994,0.118495,0.111395,0.167235,0.162055,0.18303999999999998,0.18456999999999998,0.1772,0.23135599999999998,0.198206,0.22274599999999997,0.197646,0.197646,0.21683599999999997,0.197646,0.20749599999999996,0.162146,0.1034,0.13957,0.13589,0.17375000000000002,0.10234,0.11594,0.236589,0.224819,0.24242899999999998,0.262879,0.22816899999999998,0.229729,0.232589,0.212659,0.13994299999999998,0.13254,0.14901999999999999,0.12346299999999999,0.20159499999999997,0.19415499999999997,0.20010499999999998,0.21423499999999998,0.20585499999999998,0.208885,0.3,0.33422999999999997,0.3369,0.175723,0.19220299999999998,0.22585,0.17077,0.106983,0.162543,0.10965893,0.109653,0.205761,0.222241,0.13994299999999998,0.15642299999999998,0.13254,0.13994299999999998,0.14901999999999999,0.14901999999999999,0.12346299999999999,0.11606,0.17606,0.117873,0.22898199999999996,0.259302,0.23760199999999998,0.253362,0.254192,0.11606,0.13254,0.12365999999999999,0.14330299999999999,0.16450599999999999
FORTIGATE-1800F-BALZAY,0.09215000000000001,0.07066,0.14404999999999998,0.09640000000000001,0.06592,0.07236000000000001,0.11643999999999999,0.11349999999999999,0.04283,0.0801,0.12542,0.03592,0.03649,0.042940000000000006,0.08451,0.12927999999999998,0.22591999999999998,0.10633000000000001,0.082544,0.09426400000000001,0.10131399999999999,0.04642400000000001,0.044046,0.09698600000000002,0.087086,0.021276000000000003,0.019916000000000003,0.023616,0.100296,0.019806,0.019936000000000002,0.016644000000000003,0.018586000000000002,0.018216000000000003,0.019161,0.13425,0.07566,0.017198,0.041242,0.03296,0.03296,0.03296,0.03296,0.03296,0.03296,0.03296,0.040405,0.03296,0.03296,0.03296,0.03296,0.065772,0.14660199999999998,0.049522000000000004,0.22261,0.08848,0.051000000000000004,0.049440000000000005,0.023206,0.07124,0.09634300000000001,0.049212,0.088893,0.09601300000000001,0.089693,0.102856,0.085302,0.092579,0.081223,0.05028,0.023866000000000002,0.040506,0.031126,0.0762,0.03296,0.03296,0.01648,0.01648,0.038108,0.06772800000000001,0.019058000000000002,0.03869,0.30112,0.06954,0.06499,0.196663,0.144673,0.11710300000000001,0.07236000000000001,0.06674000000000001,0.09647,0.13254,0.0,0.01648,0.07586000000000001,0.07114000000000001,0.049440000000000005,0.10021,0.14076999999999998,0.03296,0.141133,0.09134300000000001,0.205653,0.151563,0.051875000000000004,0.044775,0.10061499999999998,0.09543499999999999,0.08346,0.08499000000000001,0.07762000000000001,0.12437300000000001,0.091223,0.115763,0.090663,0.090663,0.109853,0.090663,0.10051299999999999,0.029606,0.03678000000000001,0.07295000000000001,0.06927,0.10713,0.03572,0.04932,0.12960600000000003,0.11783600000000002,0.135446,0.155896,0.12118600000000002,0.12274600000000002,0.12560600000000002,0.105676,0.01648,0.03296,0.01648,0.03296,0.094612,0.087172,0.09312200000000001,0.10725200000000001,0.09887200000000002,0.10190199999999999,0.23337999999999998,0.26760999999999996,0.27027999999999996,0.10169999999999998,0.11817999999999998,0.15922999999999998,0.10414999999999999,0.03296,0.08852000000000002,0.03563593,0.03563,0.07322100000000001,0.089701,0.049440000000000005,0.049440000000000005,0.049440000000000005,0.049440000000000005,0.049440000000000005,0.03296,0.049440000000000005,0.049440000000000005,0.07648,0.049442,0.121999,0.152319,0.130619,0.146379,0.147209,0.049440000000000005,0.06592,0.05704000000000001,0.06928000000000001,0.031966
FORTIGATE-1800F-CENTRAL,0.07567,0.054180000000000006,0.12757,0.07992,0.049440000000000005,0.055880000000000006,0.09996,0.09702,0.02635,0.06362000000000001,0.10894000000000001,0.019440000000000002,0.02001,0.026460000000000004,0.06803000000000001,0.11279999999999998,0.20944,0.08985,0.099024,0.11074400000000001,0.11779399999999998,0.06290400000000002,0.060526,0.11346600000000001,0.10356599999999999,0.037756000000000005,0.036396000000000005,0.04009600000000001,0.11677599999999999,0.036286,0.036416000000000004,0.033124,0.035066,0.034696000000000005,0.035641000000000006,0.11777,0.05918,0.033678,0.024762,0.01648,0.01648,0.01648,0.01648,0.01648,0.01648,0.01648,0.023925000000000002,0.01648,0.01648,0.01648,0.01648,0.049292,0.130122,0.033042,0.20613,0.08848,0.051000000000000004,0.049440000000000005,0.039686,0.05476,0.096343,0.032732,0.088893,0.096013,0.089693,0.102856,0.085302,0.092579,0.081223,0.0338,0.04034600000000001,0.056986,0.047606,0.05972,0.01648,0.01648,0.03296,0.03296,0.054588000000000005,0.084208,0.035538,0.02221,0.28464,0.05306,0.048510000000000005,0.19666299999999998,0.144673,0.117103,0.05588,0.050260000000000006,0.07999,0.11606,0.01648,0.0,0.07586000000000001,0.07114000000000001,0.049440000000000005,0.10021,0.14076999999999998,0.03296,0.141133,0.09134300000000001,0.20565299999999997,0.151563,0.035395,0.028295,0.08413499999999999,0.078955,0.06698000000000001,0.06851,0.06114,0.124373,0.091223,0.11576299999999999,0.090663,0.090663,0.10985299999999999,0.090663,0.10051299999999999,0.046086,0.020300000000000002,0.056470000000000006,0.052790000000000004,0.09065000000000001,0.01924,0.03284,0.129606,0.11783600000000001,0.135446,0.15589599999999998,0.121186,0.12274600000000001,0.125606,0.105676,0.03296,0.01648,0.03296,0.01648,0.094612,0.087172,0.09312200000000001,0.107252,0.098872,0.10190199999999999,0.21689999999999998,0.25112999999999996,0.25379999999999997,0.08521999999999999,0.10169999999999998,0.14275,0.08767,0.01648,0.07204,0.01915593,0.01915,0.089701,0.106181,0.049440000000000005,0.049440000000000005,0.049440000000000005,0.03296,0.03296,0.049440000000000005,0.03296,0.03296,0.060000000000000005,0.032962,0.121999,0.15231899999999998,0.13061899999999999,0.14637899999999998,0.14720899999999998,0.03296,0.049440000000000005,0.040560000000000006,0.0528,0.048446
HOS-0A-A10,0.13505,0.11356000000000002,0.18695,0.10634000000000002,0.07586000000000001,0.08230000000000001,0.15934,0.1564,0.08573,0.12300000000000001,0.16832000000000003,0.07882000000000002,0.07939000000000002,0.08584000000000001,0.12741000000000002,0.17218,0.26882,0.11627000000000001,0.14947600000000003,0.16119600000000003,0.168246,0.11335600000000001,0.11097800000000001,0.16391800000000004,0.15401800000000002,0.08820800000000001,0.08684800000000001,0.09054800000000002,0.16722800000000002,0.08673800000000001,0.08686800000000001,0.08357600000000001,0.08551800000000001,0.08167600000000001,0.08548900000000001,0.14419,0.08560000000000001,0.08352600000000002,0.08414200000000001,0.07586000000000001,0.07586000000000001,0.07586000000000001,0.083263,0.083263,0.083263,0.083263,0.08895800000000001,0.083263,0.07586000000000001,0.083263,0.07586000000000001,0.10867200000000002,0.189502,0.092422,0.26551,0.09842000000000001,0.06094000000000001,0.05938000000000001,0.086666,0.08118,0.10628300000000002,0.092112,0.098833,0.10595300000000002,0.099633,0.11279600000000001,0.09524200000000001,0.102519,0.09116300000000001,0.09318000000000001,0.08732600000000001,0.103966,0.094586,0.08614000000000001,0.083263,0.07586000000000001,0.08341200000000001,0.07586000000000001,0.104436,0.134056,0.08538600000000002,0.08899300000000002,0.351423,0.119843,0.115293,0.206603,0.154613,0.12704300000000002,0.12266300000000001,0.11704300000000001,0.14677300000000001,0.182843,0.07586000000000001,0.07586000000000001,0.0,0.04812,0.026420000000000003,0.07719000000000001,0.11775,0.04290000000000001,0.151073,0.10128300000000001,0.215593,0.161503,0.10042800000000002,0.09332800000000001,0.14916800000000002,0.143988,0.09340000000000001,0.09493000000000001,0.08756000000000001,0.13431300000000002,0.101163,0.125703,0.100603,0.100603,0.11979300000000001,0.100603,0.110453,0.09653800000000001,0.08708300000000001,0.12325300000000002,0.11957300000000001,0.15743300000000002,0.08602300000000002,0.09962300000000002,0.13954600000000003,0.12777600000000003,0.14538600000000002,0.165836,0.13112600000000002,0.13268600000000003,0.13554600000000003,0.11561600000000001,0.05938000000000001,0.05938000000000001,0.05938000000000001,0.05938000000000001,0.104552,0.097112,0.10306200000000001,0.11719200000000002,0.10881200000000002,0.111842,0.28368299999999996,0.31791299999999995,0.32058299999999995,0.1446,0.16108,0.209533,0.154453,0.07586000000000001,0.13142,0.07853593000000002,0.07853000000000002,0.13954900000000003,0.15602900000000003,0.10882,0.05938000000000001,0.10882,0.07586000000000001,0.05938000000000001,0.09234,0.09234,0.09974300000000001,0.08642000000000001,0.09234200000000001,0.131939,0.16225900000000001,0.14055900000000002,0.156319,0.157149,0.09974300000000001,0.11622300000000002,0.10734300000000001,0.11218,0.09542600000000001
HOS-0A-A13,0.13033,0.10884000000000002,0.18223,0.10162000000000002,0.07114000000000001,0.07758000000000001,0.15462,0.15168,0.08101,0.11828000000000001,0.16360000000000002,0.07410000000000001,0.07467000000000001,0.08112000000000001,0.12269000000000001,0.16746,0.2641,0.11155000000000001,0.14475600000000002,0.15647600000000003,0.163526,0.10863600000000001,0.106258,0.15919800000000003,0.14929800000000001,0.083488,0.082128,0.08582800000000002,0.162508,0.08201800000000001,0.08214800000000001,0.07885600000000001,0.08079800000000001,0.07695600000000001,0.08076900000000001,0.13947,0.08088000000000001,0.07880600000000001,0.079422,0.07114000000000001,0.07114000000000001,0.07114000000000001,0.078543,0.078543,0.078543,0.078543,0.08423800000000001,0.078543,0.07114000000000001,0.078543,0.07114000000000001,0.10395200000000002,0.184782,0.087702,0.26079,0.0937,0.056220000000000006,0.05466000000000001,0.081946,0.07646,0.10156300000000001,0.087392,0.094113,0.10123300000000002,0.094913,0.108076,0.090522,0.097799,0.086443,0.08846000000000001,0.08260600000000001,0.099246,0.089866,0.08142,0.078543,0.07114000000000001,0.07869200000000001,0.07114000000000001,0.099716,0.129336,0.08066600000000002,0.08427300000000001,0.346703,0.115123,0.110573,0.201883,0.149893,0.12232300000000002,0.117943,0.112323,0.142053,0.178123,0.07114000000000001,0.07114000000000001,0.04812,0.0,0.0217,0.07247,0.11302999999999999,0.038180000000000006,0.146353,0.09656300000000001,0.210873,0.156783,0.09570800000000002,0.088608,0.14444800000000002,0.139268,0.08868000000000001,0.09021000000000001,0.08284000000000001,0.129593,0.096443,0.12098300000000001,0.095883,0.095883,0.11507300000000001,0.095883,0.105733,0.09181800000000001,0.082363,0.11853300000000001,0.11485300000000001,0.15271300000000002,0.08130300000000001,0.09490300000000002,0.13482600000000003,0.12305600000000003,0.140666,0.161116,0.12640600000000002,0.12796600000000002,0.13082600000000003,0.11089600000000001,0.05466000000000001,0.05466000000000001,0.05466000000000001,0.05466000000000001,0.099832,0.092392,0.09834200000000001,0.11247200000000002,0.10409200000000002,0.107122,0.27896299999999996,0.31319299999999994,0.31586299999999995,0.13988,0.15636,0.204813,0.149733,0.07114000000000001,0.1267,0.07381593000000002,0.07381000000000001,0.13482900000000003,0.15130900000000003,0.1041,0.05466000000000001,0.1041,0.07114000000000001,0.05466000000000001,0.08762,0.08762,0.09502300000000001,0.08170000000000001,0.087622,0.127219,0.157539,0.13583900000000002,0.151599,0.152429,0.09502300000000001,0.11150300000000002,0.102623,0.10746,0.09070600000000001
HOS-0A-D05,0.10863,0.08714000000000001,0.16053,0.07992,0.049440000000000005,0.055880000000000006,0.13291999999999998,0.12997999999999998,0.05931,0.09658,0.1419,0.0524,0.05297,0.05942000000000001,0.10099,0.14576,0.2424,0.08985,0.12305600000000001,0.134776,0.141826,0.08693600000000001,0.084558,0.137498,0.127598,0.061788,0.060428,0.064128,0.140808,0.060318000000000004,0.060448,0.057156000000000005,0.059098000000000005,0.055256000000000007,0.059069,0.11777,0.05918,0.057106000000000004,0.057722,0.049440000000000005,0.049440000000000005,0.049440000000000005,0.056843000000000005,0.056843000000000005,0.056843000000000005,0.056843000000000005,0.06253800000000001,0.056843000000000005,0.049440000000000005,0.056843000000000005,0.049440000000000005,0.082252,0.163082,0.066002,0.23909000000000002,0.07200000000000001,0.03452,0.03296,0.06024600000000001,0.05476,0.079863,0.065692,0.072413,0.079533,0.073213,0.08637600000000001,0.068822,0.076099,0.064743,0.06676,0.060906,0.077546,0.068166,0.05972,0.056843000000000005,0.049440000000000005,0.056992,0.049440000000000005,0.078016,0.107636,0.058966000000000005,0.062573,0.325003,0.093423,0.08887300000000001,0.18018299999999998,0.128193,0.100623,0.096243,0.09062300000000001,0.120353,0.15642299999999998,0.049440000000000005,0.049440000000000005,0.026420000000000003,0.0217,0.0,0.05077,0.09133,0.01648,0.124653,0.074863,0.18917299999999998,0.135083,0.074008,0.066908,0.122748,0.11756799999999999,0.06698000000000001,0.06851,0.06114,0.107893,0.074743,0.099283,0.074183,0.074183,0.093373,0.074183,0.084033,0.07011800000000001,0.06066300000000001,0.096833,0.09315300000000001,0.131013,0.059603,0.073203,0.11312600000000002,0.10135600000000002,0.118966,0.13941599999999998,0.10470600000000001,0.10626600000000001,0.10912600000000001,0.089196,0.03296,0.03296,0.03296,0.03296,0.07813200000000001,0.070692,0.076642,0.090772,0.082392,0.085422,0.25726299999999996,0.29149299999999995,0.29416299999999995,0.11818,0.13466,0.18311299999999997,0.128033,0.049440000000000005,0.10500000000000001,0.052115930000000005,0.052110000000000004,0.11312900000000002,0.12960900000000003,0.0824,0.03296,0.0824,0.049440000000000005,0.03296,0.06592,0.06592,0.073323,0.060000000000000005,0.06592200000000001,0.105519,0.13583900000000002,0.114139,0.129899,0.13072899999999998,0.073323,0.089803,0.080923,0.08576,0.06900600000000001
HOS-1A-A12,0.1594,0.13791,0.2113,0.13069,0.10021,0.10665,0.18369,0.18075,0.11008,0.14734999999999998,0.19267,0.10317,0.10374,0.11019,0.15176,0.19652999999999998,0.29317,0.14062,0.173826,0.18554600000000002,0.192596,0.137706,0.135328,0.18826800000000002,0.178368,0.11255799999999999,0.11119799999999999,0.114898,0.191578,0.11108799999999999,0.111218,0.107926,0.109868,0.10602600000000001,0.10983899999999999,0.16854,0.10994999999999999,0.107876,0.10849199999999999,0.10021,0.10021,0.10021,0.10761299999999999,0.10761299999999999,0.10761299999999999,0.10761299999999999,0.11330799999999999,0.10761299999999999,0.10021,0.10761299999999999,0.10021,0.133022,0.213852,0.11677199999999999,0.28986,0.12277,0.08529,0.08373,0.111016,0.10553,0.130633,0.116462,0.123183,0.130303,0.123983,0.137146,0.119592,0.126869,0.115513,0.11753,0.111676,0.12831599999999999,0.118936,0.11049,0.10761299999999999,0.10021,0.107762,0.10021,0.128786,0.158406,0.109736,0.113343,0.375773,0.144193,0.139643,0.230953,0.17896299999999998,0.151393,0.147013,0.141393,0.171123,0.207193,0.10021,0.10021,0.07719000000000001,0.07247,0.05077,0.0,0.1421,0.06725,0.175423,0.125633,0.239943,0.185853,0.124778,0.11767799999999999,0.173518,0.168338,0.11775,0.11928,0.11191,0.158663,0.12551299999999999,0.150053,0.124953,0.124953,0.144143,0.124953,0.134803,0.120888,0.11143299999999999,0.14760299999999998,0.143923,0.181783,0.110373,0.123973,0.16389600000000001,0.152126,0.169736,0.190186,0.155476,0.157036,0.159896,0.139966,0.08373,0.08373,0.08373,0.08373,0.12890200000000002,0.121462,0.127412,0.141542,0.133162,0.13619199999999998,0.308033,0.342263,0.34493299999999993,0.16895,0.18542999999999998,0.23388299999999998,0.178803,0.10021,0.15577,0.10288593,0.10288,0.16389900000000002,0.180379,0.13316999999999998,0.08373,0.13317,0.10021,0.08373,0.11669,0.11668999999999999,0.124093,0.11077000000000001,0.11669199999999999,0.156289,0.186609,0.164909,0.180669,0.181499,0.124093,0.140573,0.131693,0.13652999999999998,0.119776
HOS-2A-A11,0.19995999999999997,0.17847,0.25186,0.17124999999999999,0.14076999999999998,0.14720999999999998,0.22424999999999998,0.22130999999999998,0.15063999999999997,0.18790999999999997,0.23323,0.14372999999999997,0.14429999999999998,0.15074999999999997,0.19232,0.23708999999999997,0.33372999999999997,0.18117999999999998,0.214386,0.226106,0.23315599999999997,0.17826599999999998,0.175888,0.228828,0.21892799999999998,0.15311799999999998,0.15175799999999998,0.15545799999999999,0.23213799999999998,0.15164799999999998,0.151778,0.14848599999999998,0.15042799999999998,0.146586,0.15039899999999998,0.20909999999999998,0.15050999999999998,0.14843599999999998,0.149052,0.14076999999999998,0.14076999999999998,0.14076999999999998,0.14817299999999997,0.14817299999999997,0.14817299999999997,0.14817299999999997,0.15386799999999998,0.14817299999999997,0.14076999999999998,0.14817299999999997,0.14076999999999998,0.173582,0.25441199999999997,0.15733199999999997,0.33042,0.16332999999999998,0.12585,0.12428999999999998,0.151576,0.14609,0.17119299999999998,0.15702199999999997,0.16374299999999997,0.170863,0.164543,0.17770599999999998,0.160152,0.167429,0.156073,0.15808999999999998,0.15223599999999998,0.16887599999999997,0.15949599999999997,0.15105,0.14817299999999997,0.14076999999999998,0.14832199999999998,0.14076999999999998,0.169346,0.19896599999999998,0.15029599999999999,0.15390299999999998,0.41633299999999995,0.18475299999999997,0.18020299999999997,0.271513,0.21952299999999997,0.19195299999999998,0.187573,0.18195299999999998,0.21168299999999998,0.24775299999999997,0.14076999999999998,0.14076999999999998,0.11775,0.11302999999999999,0.09133,0.1421,0.0,0.10780999999999999,0.21598299999999998,0.16619299999999998,0.28050299999999995,0.22641299999999998,0.16533799999999998,0.158238,0.214078,0.20889799999999997,0.15830999999999998,0.15983999999999998,0.15247,0.19922299999999998,0.16607299999999997,0.19061299999999998,0.16551299999999997,0.16551299999999997,0.18470299999999998,0.16551299999999997,0.175363,0.16144799999999998,0.151993,0.18816299999999997,0.18448299999999998,0.22234299999999999,0.15093299999999998,0.16453299999999998,0.204456,0.192686,0.21029599999999998,0.23074599999999998,0.196036,0.197596,0.200456,0.180526,0.12428999999999998,0.12428999999999998,0.12428999999999998,0.12428999999999998,0.169462,0.162022,0.16797199999999998,0.18210199999999999,0.173722,0.17675199999999996,0.34859299999999993,0.3828229999999999,0.3854929999999999,0.20950999999999997,0.22598999999999997,0.274443,0.21936299999999997,0.14076999999999998,0.19632999999999998,0.14344592999999997,0.14343999999999998,0.204459,0.220939,0.17372999999999997,0.12428999999999998,0.17373,0.14076999999999998,0.12428999999999998,0.15725,0.15724999999999997,0.164653,0.15133,0.15725199999999998,0.196849,0.22716899999999998,0.20546899999999998,0.22122899999999998,0.22205899999999998,0.164653,0.181133,0.172253,0.17708999999999997,0.16033599999999998
INTERNET-MPLS,0.09215000000000001,0.07066,0.14404999999999998,0.06344,0.03296,0.039400000000000004,0.11643999999999999,0.11349999999999999,0.04283,0.0801,0.12542,0.03592,0.03649,0.042940000000000006,0.08451,0.12927999999999998,0.22591999999999998,0.07336999999999999,0.106576,0.11829600000000001,0.12534599999999999,0.070456,0.068078,0.12101800000000001,0.111118,0.045308,0.043948,0.047648,0.124328,0.043838,0.04396800000000001,0.040676000000000004,0.042618,0.038776000000000005,0.042589,0.10128999999999999,0.0427,0.040626,0.041242,0.03296,0.03296,0.03296,0.040363,0.040363,0.040363,0.040363,0.046058,0.040363,0.03296,0.040363,0.03296,0.065772,0.14660199999999998,0.049522000000000004,0.22261,0.05552,0.01804,0.01648,0.043766,0.03828,0.063383,0.049212,0.055933000000000004,0.063053,0.056733,0.06989600000000001,0.052342,0.059619,0.048263,0.05028,0.04442600000000001,0.061066,0.051686,0.04324,0.040363,0.03296,0.040512000000000006,0.03296,0.061536,0.09115599999999999,0.042486,0.046093,0.308523,0.07694300000000001,0.07239300000000001,0.163703,0.11171299999999998,0.084143,0.079763,0.07414300000000001,0.103873,0.13994299999999998,0.03296,0.03296,0.04290000000000001,0.038180000000000006,0.01648,0.06725,0.10780999999999999,0.0,0.10817299999999999,0.058383,0.17269299999999999,0.11860299999999999,0.057528,0.050428,0.106268,0.10108799999999998,0.0505,0.05203,0.044660000000000005,0.091413,0.058263,0.08280299999999999,0.057703,0.057703,0.07689299999999999,0.057703,0.067553,0.053638000000000005,0.044183,0.08035300000000001,0.076673,0.114533,0.043123,0.056723,0.09664600000000001,0.08487600000000001,0.102486,0.12293599999999999,0.088226,0.089786,0.092646,0.072716,0.01648,0.01648,0.01648,0.01648,0.061652000000000005,0.054212,0.060162,0.074292,0.065912,0.068942,0.24078299999999997,0.27501299999999995,0.27768299999999996,0.10169999999999998,0.11817999999999998,0.16663299999999998,0.11155299999999999,0.03296,0.08852000000000002,0.03563593,0.03563,0.09664900000000001,0.11312900000000001,0.06592,0.01648,0.06592,0.03296,0.01648,0.049440000000000005,0.049440000000000005,0.056843000000000005,0.04352,0.049442,0.08903900000000001,0.11935899999999999,0.097659,0.11341899999999999,0.11424899999999999,0.056843000000000005,0.073323,0.064443,0.06928000000000001,0.052526
INV-1A-A161,0.200323,0.178833,0.252223,0.17161300000000002,0.141133,0.147573,0.22461299999999998,0.22167299999999998,0.151003,0.188273,0.233593,0.144093,0.14466299999999999,0.151113,0.192683,0.23745299999999997,0.334093,0.181543,0.21474900000000002,0.226469,0.233519,0.178629,0.176251,0.229191,0.21929099999999999,0.153481,0.152121,0.155821,0.23250099999999999,0.152011,0.152141,0.148849,0.150791,0.146949,0.150762,0.209463,0.150873,0.14879900000000001,0.149415,0.141133,0.141133,0.141133,0.148536,0.148536,0.148536,0.148536,0.154231,0.148536,0.141133,0.148536,0.141133,0.173945,0.254775,0.157695,0.330783,0.163693,0.126213,0.124653,0.151939,0.146453,0.05809,0.157385,0.06758,0.0747,0.05144,0.081543,0.063989,0.071266,0.05991,0.15845299999999998,0.15259899999999998,0.169239,0.159859,0.151413,0.148536,0.141133,0.148685,0.141133,0.169709,0.19932899999999998,0.150659,0.154266,0.41669599999999996,0.185116,0.180566,0.17535,0.12336,0.09579,0.187936,0.182316,0.21204599999999998,0.24811599999999998,0.141133,0.141133,0.151073,0.146353,0.124653,0.175423,0.21598299999999998,0.10817299999999999,0.0,0.05309,0.1674,0.11331,0.165701,0.158601,0.214441,0.20926099999999997,0.158673,0.16020299999999998,0.152833,0.10306,0.06991,0.09445,0.06935,0.06935,0.08854,0.06935,0.07919999999999999,0.161811,0.152356,0.188526,0.184846,0.222706,0.15129599999999999,0.164896,0.108293,0.096523,0.11413299999999998,0.134583,0.09987299999999999,0.101433,0.104293,0.084363,0.124653,0.124653,0.124653,0.12465299999999999,0.073299,0.065859,0.071809,0.085939,0.077559,0.080589,0.34895599999999993,0.3831859999999999,0.385856,0.20987299999999998,0.22635299999999997,0.274806,0.21972599999999998,0.141133,0.196693,0.14380893,0.143803,0.204822,0.22130200000000003,0.174093,0.091693,0.174093,0.10817299999999999,0.124653,0.157613,0.157613,0.165016,0.151693,0.157615,0.100686,0.13100599999999998,0.10930599999999999,0.125066,0.125896,0.165016,0.181496,0.172616,0.177453,0.160699
INV-1A-A61,0.150533,0.129043,0.20243299999999997,0.121823,0.09134300000000001,0.09778300000000001,0.17482299999999998,0.17188299999999998,0.101213,0.138483,0.183803,0.094303,0.094873,0.101323,0.142893,0.18766299999999997,0.284303,0.131753,0.16495900000000002,0.176679,0.183729,0.128839,0.126461,0.179401,0.16950099999999999,0.103691,0.102331,0.106031,0.18271099999999998,0.102221,0.102351,0.09905900000000001,0.10100100000000001,0.097159,0.100972,0.159673,0.101083,0.099009,0.09962499999999999,0.09134300000000001,0.09134300000000001,0.09134300000000001,0.098746,0.098746,0.098746,0.098746,0.104441,0.098746,0.09134300000000001,0.098746,0.09134300000000001,0.12415499999999999,0.20498499999999997,0.107905,0.280993,0.113903,0.07642299999999999,0.074863,0.102149,0.096663,0.0083,0.107595,0.01779,0.02491,0.00165,0.031753,0.014199,0.021476000000000002,0.01012,0.108663,0.102809,0.119449,0.110069,0.10162299999999999,0.098746,0.09134300000000001,0.098895,0.09134300000000001,0.119919,0.14953899999999998,0.100869,0.104476,0.36690599999999995,0.135326,0.130776,0.12556,0.07357,0.046,0.138146,0.132526,0.16225599999999998,0.19832599999999997,0.09134300000000001,0.09134300000000001,0.10128300000000001,0.09656300000000001,0.074863,0.125633,0.16619299999999998,0.058383,0.05309,0.0,0.11760999999999999,0.06352,0.115911,0.10881099999999999,0.164651,0.15947099999999997,0.10888300000000001,0.110413,0.103043,0.05327,0.02012,0.044660000000000005,0.01956,0.01956,0.03875,0.01956,0.02941,0.11202100000000001,0.10256599999999999,0.138736,0.135056,0.172916,0.101506,0.115106,0.05850300000000001,0.04673300000000001,0.064343,0.08479300000000001,0.050083,0.051643,0.05450300000000001,0.034573000000000007,0.074863,0.074863,0.074863,0.074863,0.023509000000000002,0.016069,0.022019,0.036149,0.027769000000000002,0.030799,0.29916599999999993,0.3333959999999999,0.336066,0.16008299999999998,0.17656299999999997,0.22501599999999997,0.16993599999999998,0.09134300000000001,0.146903,0.09401893,0.094013,0.155032,0.17151200000000003,0.124303,0.041902999999999996,0.124303,0.058383,0.074863,0.107823,0.107823,0.115226,0.101903,0.107825,0.050896,0.081216,0.059516,0.07527600000000001,0.07610600000000001,0.115226,0.131706,0.12282599999999999,0.127663,0.11090900000000001
INV-1B-A162,0.264843,0.24335299999999999,0.316743,0.23613299999999998,0.20565299999999997,0.21209299999999998,0.289133,0.286193,0.215523,0.252793,0.29811299999999996,0.208613,0.20918299999999998,0.215633,0.25720299999999996,0.30197299999999994,0.398613,0.24606299999999998,0.279269,0.290989,0.298039,0.243149,0.24077099999999999,0.293711,0.283811,0.218001,0.216641,0.220341,0.297021,0.216531,0.216661,0.213369,0.215311,0.211469,0.215282,0.273983,0.21539299999999997,0.21331899999999998,0.213935,0.20565299999999997,0.20565299999999997,0.20565299999999997,0.213056,0.213056,0.213056,0.213056,0.21875099999999997,0.213056,0.20565299999999997,0.213056,0.20565299999999997,0.23846499999999998,0.319295,0.222215,0.39530299999999996,0.228213,0.19073299999999999,0.18917299999999998,0.216459,0.21097299999999997,0.12261,0.221905,0.1321,0.13922,0.11596000000000001,0.146063,0.128509,0.13578600000000002,0.12443000000000001,0.22297299999999998,0.217119,0.233759,0.224379,0.21593299999999999,0.213056,0.20565299999999997,0.21320499999999998,0.205653,0.234229,0.263849,0.215179,0.21878599999999998,0.481216,0.249636,0.245086,0.23987,0.18788,0.16031,0.252456,0.246836,0.276566,0.31263599999999997,0.205653,0.20565299999999997,0.215593,0.210873,0.18917299999999998,0.239943,0.28050299999999995,0.17269299999999999,0.1674,0.11760999999999999,0.0,0.054090000000000006,0.23022099999999998,0.22312099999999999,0.278961,0.27378099999999994,0.22319299999999997,0.22472299999999998,0.217353,0.16758,0.13443,0.15897,0.13387000000000002,0.13387000000000002,0.15306,0.13387000000000002,0.14372000000000001,0.226331,0.21687599999999999,0.253046,0.24936599999999998,0.287226,0.21581599999999998,0.22941599999999998,0.17281300000000002,0.16104300000000002,0.178653,0.199103,0.164393,0.16595300000000002,0.16881300000000002,0.14888300000000002,0.18917299999999998,0.18917299999999998,0.18917299999999998,0.18917299999999998,0.137819,0.130379,0.136329,0.150459,0.142079,0.14510900000000002,0.41347599999999995,0.44770599999999994,0.45037599999999994,0.274393,0.29087299999999994,0.33932599999999996,0.284246,0.20565299999999997,0.26121300000000003,0.20832893,0.20832299999999998,0.269342,0.285822,0.238613,0.156213,0.238613,0.17269299999999999,0.18917299999999998,0.222133,0.222133,0.229536,0.216213,0.22213499999999997,0.165206,0.195526,0.173826,0.189586,0.190416,0.229536,0.24601599999999998,0.23713599999999999,0.241973,0.225219
INV-1B-A62,0.210753,0.189263,0.26265299999999997,0.182043,0.151563,0.158003,0.23504299999999997,0.23210299999999998,0.161433,0.198703,0.244023,0.154523,0.15509299999999998,0.161543,0.203113,0.24788299999999996,0.34452299999999997,0.191973,0.22517900000000002,0.236899,0.243949,0.189059,0.18668099999999999,0.239621,0.22972099999999998,0.163911,0.162551,0.16625099999999998,0.24293099999999998,0.162441,0.162571,0.159279,0.161221,0.157379,0.161192,0.219893,0.161303,0.159229,0.159845,0.151563,0.151563,0.151563,0.158966,0.158966,0.158966,0.158966,0.164661,0.158966,0.151563,0.158966,0.151563,0.18437499999999998,0.26520499999999997,0.168125,0.341213,0.174123,0.136643,0.135083,0.16236899999999999,0.156883,0.06852,0.167815,0.07801,0.08513,0.061869999999999994,0.091973,0.074419,0.081696,0.07034,0.16888299999999998,0.16302899999999998,0.179669,0.170289,0.16184300000000001,0.158966,0.151563,0.159115,0.151563,0.180139,0.20975899999999997,0.16108899999999998,0.16469599999999998,0.427126,0.195546,0.190996,0.18578,0.13379,0.10622000000000001,0.198366,0.192746,0.22247599999999998,0.25854599999999994,0.151563,0.151563,0.161503,0.156783,0.135083,0.185853,0.22641299999999998,0.11860299999999999,0.11331,0.06352,0.054090000000000006,0.0,0.17613099999999998,0.169031,0.224871,0.21969099999999997,0.169103,0.170633,0.16326300000000002,0.11349000000000001,0.08034,0.10488,0.07978,0.07978,0.09897,0.07978,0.08963,0.172241,0.162786,0.198956,0.195276,0.23313599999999998,0.16172599999999998,0.17532599999999998,0.11872300000000001,0.106953,0.124563,0.145013,0.110303,0.111863,0.114723,0.094793,0.135083,0.135083,0.135083,0.13508299999999998,0.083729,0.076289,0.082239,0.096369,0.087989,0.091019,0.359386,0.39361599999999997,0.3962859999999999,0.22030299999999997,0.23678299999999997,0.28523599999999993,0.23015599999999997,0.151563,0.207123,0.15423893,0.15423299999999998,0.215252,0.23173200000000002,0.184523,0.10212299999999999,0.184523,0.11860299999999999,0.135083,0.168043,0.168043,0.175446,0.16212300000000002,0.168045,0.11111599999999999,0.141436,0.119736,0.135496,0.136326,0.175446,0.19192599999999999,0.183046,0.187883,0.171129
JUR-0A-A59,0.083758,0.062268000000000004,0.135658,0.115315,0.084835,0.091275,0.108048,0.10510800000000001,0.034437999999999996,0.071708,0.117028,0.027528,0.028097999999999998,0.034548,0.07611799999999999,0.120888,0.217528,0.125245,0.134419,0.14613900000000002,0.153189,0.09829900000000003,0.095921,0.14886100000000002,0.138961,0.07315100000000001,0.07179100000000001,0.075491,0.152171,0.071681,0.07181100000000001,0.068519,0.070461,0.07009100000000001,0.07103600000000002,0.153165,0.09457499999999999,0.069073,0.029008000000000003,0.024568,0.024568,0.024568,0.018915,0.018915,0.018915,0.018915,0.011470000000000001,0.018915,0.024568,0.018915,0.024568,0.053538,0.134368,0.037288,0.21421800000000002,0.11304800000000001,0.075568,0.074008,0.07508100000000001,0.090155,0.12091099999999999,0.036978000000000004,0.113461,0.120581,0.114261,0.127424,0.10987,0.117147,0.105791,0.041887999999999995,0.075741,0.092381,0.083001,0.095115,0.018915,0.024568,0.068355,0.068355,0.08998300000000001,0.11960300000000001,0.070933,0.024645,0.287075,0.055495,0.050945000000000004,0.22123099999999998,0.16924099999999997,0.141671,0.058315,0.052695000000000006,0.082425,0.118495,0.051875000000000004,0.035395,0.10042800000000002,0.09570800000000002,0.074008,0.124778,0.16533799999999998,0.057528,0.165701,0.115911,0.23022099999999998,0.17613099999999998,0.0,0.01584,0.07168,0.0665,0.102375,0.103905,0.096535,0.148941,0.115791,0.14033099999999998,0.115231,0.115231,0.13442099999999998,0.115231,0.125081,0.081481,0.022735000000000002,0.058905000000000006,0.055225,0.093085,0.021675,0.035275,0.154174,0.142404,0.160014,0.18046399999999999,0.145754,0.147314,0.150174,0.130244,0.057528,0.051875000000000004,0.068355,0.041048,0.11918000000000001,0.11174,0.11769,0.13182,0.12344,0.12647,0.219335,0.253565,0.256235,0.093308,0.109788,0.145185,0.090105,0.024568,0.080128,0.02724393,0.027238,0.125096,0.141576,0.057528,0.074008,0.051875000000000004,0.057528,0.068355,0.068355,0.041048,0.035395,0.09539500000000001,0.037208000000000005,0.146567,0.176887,0.155187,0.170947,0.17177699999999999,0.035395,0.051875000000000004,0.042995000000000005,0.060888,0.083841
JUR-0A-A60,0.076658,0.055168,0.128558,0.108215,0.077735,0.084175,0.100948,0.098008,0.027337999999999994,0.064608,0.109928,0.020427999999999998,0.020997999999999996,0.027448,0.069018,0.11378799999999999,0.210428,0.118145,0.12731900000000002,0.13903900000000002,0.14608899999999997,0.09119900000000002,0.08882100000000001,0.14176100000000003,0.131861,0.066051,0.064691,0.06839100000000001,0.145071,0.064581,0.064711,0.061419,0.063361,0.062991,0.063936,0.146065,0.087475,0.061973,0.021908,0.017467999999999997,0.017467999999999997,0.017467999999999997,0.011814999999999999,0.011814999999999999,0.011814999999999999,0.011814999999999999,0.00437,0.011814999999999999,0.017467999999999997,0.011814999999999999,0.017467999999999997,0.046438,0.127268,0.030188,0.20711800000000002,0.105948,0.068468,0.066908,0.067981,0.083055,0.113811,0.029878000000000002,0.106361,0.113481,0.10716099999999999,0.120324,0.10277,0.11004699999999999,0.098691,0.034788,0.06864100000000001,0.085281,0.075901,0.08801500000000001,0.011814999999999999,0.017467999999999997,0.061255000000000004,0.061255000000000004,0.08288300000000001,0.112503,0.063833,0.017544999999999998,0.27997500000000003,0.048395,0.043845,0.214131,0.16214099999999998,0.134571,0.051215,0.045595000000000004,0.075325,0.111395,0.044775,0.028295,0.09332800000000001,0.088608,0.066908,0.11767799999999999,0.158238,0.050428,0.158601,0.10881099999999999,0.22312099999999999,0.169031,0.01584,0.0,0.06458,0.0594,0.095275,0.096805,0.089435,0.141841,0.108691,0.133231,0.10813099999999999,0.10813099999999999,0.127321,0.10813099999999999,0.11798099999999999,0.074381,0.015635,0.051805000000000004,0.048125,0.085985,0.014575,0.028175,0.147074,0.135304,0.152914,0.173364,0.138654,0.140214,0.143074,0.123144,0.050428,0.044775,0.061255000000000004,0.033948,0.11208,0.10464,0.11059,0.12472,0.11634,0.11936999999999999,0.21223499999999998,0.246465,0.249135,0.08620799999999999,0.10268799999999999,0.13808499999999999,0.083005,0.017467999999999997,0.07302800000000001,0.020143929999999997,0.020137999999999996,0.117996,0.134476,0.050428,0.066908,0.044775,0.050428,0.061255000000000004,0.061255000000000004,0.033948,0.028295,0.08829500000000001,0.030108,0.139467,0.169787,0.148087,0.163847,0.164677,0.028295,0.044775,0.035895,0.053787999999999996,0.076741
JUR-1A-A61,0.132498,0.111008,0.184398,0.16405499999999998,0.13357499999999997,0.14001499999999997,0.15678799999999998,0.15384799999999998,0.083178,0.120448,0.165768,0.076268,0.076838,0.083288,0.124858,0.169628,0.266268,0.17398499999999997,0.183159,0.194879,0.20192899999999997,0.147039,0.14466099999999998,0.197601,0.18770099999999998,0.121891,0.120531,0.124231,0.20091099999999998,0.12042099999999999,0.12055099999999999,0.11725899999999999,0.11920099999999999,0.11883099999999999,0.119776,0.20190499999999997,0.14331499999999997,0.11781299999999999,0.077748,0.073308,0.073308,0.073308,0.06765499999999999,0.06765499999999999,0.06765499999999999,0.06765499999999999,0.06021,0.06765499999999999,0.073308,0.06765499999999999,0.073308,0.102278,0.183108,0.086028,0.262958,0.161788,0.124308,0.122748,0.12382099999999999,0.138895,0.169651,0.08571799999999999,0.16220099999999998,0.169321,0.163001,0.176164,0.15861,0.165887,0.154531,0.090628,0.124481,0.141121,0.131741,0.14385499999999998,0.06765499999999999,0.073308,0.11709499999999999,0.11709499999999999,0.13872299999999999,0.168343,0.11967299999999999,0.07338499999999999,0.335815,0.104235,0.099685,0.26997099999999996,0.21798099999999998,0.190411,0.10705499999999998,0.101435,0.13116499999999998,0.167235,0.10061499999999998,0.08413499999999999,0.14916800000000002,0.14444800000000002,0.122748,0.173518,0.214078,0.106268,0.214441,0.164651,0.278961,0.224871,0.07168,0.06458,0.0,0.11524000000000001,0.15111499999999997,0.15264499999999998,0.145275,0.197681,0.16453099999999998,0.189071,0.16397099999999998,0.16397099999999998,0.183161,0.16397099999999998,0.173821,0.13022099999999998,0.071475,0.10764499999999999,0.103965,0.141825,0.07041499999999999,0.08401499999999999,0.202914,0.191144,0.208754,0.229204,0.194494,0.196054,0.198914,0.178984,0.106268,0.10061499999999998,0.11709499999999998,0.089788,0.16792,0.16048,0.16643,0.18056,0.17218,0.17520999999999998,0.26807499999999995,0.30230499999999993,0.30497499999999994,0.142048,0.158528,0.193925,0.138845,0.073308,0.128868,0.07598393,0.075978,0.173836,0.19031599999999999,0.106268,0.122748,0.10061499999999998,0.106268,0.11709499999999998,0.11709499999999999,0.089788,0.08413499999999999,0.14413499999999999,0.085948,0.195307,0.225627,0.203927,0.219687,0.220517,0.08413499999999999,0.10061499999999998,0.09173499999999998,0.109628,0.132581
JUR-1A-A62,0.127318,0.105828,0.179218,0.158875,0.12839499999999998,0.13483499999999998,0.151608,0.148668,0.077998,0.115268,0.160588,0.071088,0.071658,0.078108,0.11967799999999999,0.16444799999999998,0.261088,0.16880499999999998,0.177979,0.189699,0.19674899999999998,0.141859,0.139481,0.192421,0.182521,0.11671100000000001,0.11535100000000001,0.119051,0.195731,0.115241,0.115371,0.112079,0.114021,0.113651,0.114596,0.19672499999999998,0.13813499999999998,0.112633,0.07256800000000001,0.068128,0.068128,0.068128,0.062475,0.062475,0.062475,0.062475,0.05503,0.062475,0.068128,0.062475,0.068128,0.097098,0.177928,0.080848,0.257778,0.156608,0.11912799999999998,0.11756799999999999,0.118641,0.13371499999999997,0.16447099999999998,0.080538,0.157021,0.16414099999999998,0.157821,0.170984,0.15342999999999998,0.160707,0.14935099999999998,0.085448,0.119301,0.135941,0.126561,0.138675,0.062475,0.068128,0.111915,0.111915,0.133543,0.163163,0.114493,0.068205,0.330635,0.099055,0.094505,0.264791,0.21280099999999996,0.18523099999999998,0.101875,0.09625500000000001,0.125985,0.162055,0.09543499999999999,0.078955,0.143988,0.139268,0.11756799999999999,0.168338,0.20889799999999997,0.10108799999999998,0.20926099999999997,0.15947099999999997,0.27378099999999994,0.21969099999999997,0.0665,0.0594,0.11524000000000001,0.0,0.14593499999999998,0.14746499999999998,0.140095,0.19250099999999998,0.159351,0.18389099999999997,0.158791,0.158791,0.17798099999999997,0.158791,0.16864099999999999,0.125041,0.066295,0.102465,0.09878500000000001,0.13664500000000002,0.065235,0.078835,0.197734,0.185964,0.20357399999999998,0.22402399999999997,0.18931399999999998,0.190874,0.193734,0.173804,0.10108799999999998,0.09543499999999999,0.11191499999999999,0.08460799999999999,0.16274,0.1553,0.16124999999999998,0.17537999999999998,0.16699999999999998,0.17003,0.262895,0.297125,0.299795,0.136868,0.15334799999999998,0.188745,0.133665,0.068128,0.12368799999999999,0.07080393,0.070798,0.168656,0.185136,0.10108799999999998,0.11756799999999998,0.09543499999999999,0.10108799999999998,0.11191499999999999,0.111915,0.08460799999999999,0.078955,0.138955,0.080768,0.190127,0.22044699999999998,0.19874699999999998,0.21450699999999998,0.21533699999999997,0.078955,0.09543499999999999,0.08655499999999999,0.10444799999999999,0.127401
LAB-1A-A18,0.14265,0.12115999999999999,0.19454999999999997,0.04802,0.01754,0.02398,0.16693999999999998,0.16399999999999998,0.09333,0.1306,0.17592,0.08642,0.08699000000000001,0.09344000000000001,0.13501,0.17977999999999997,0.27642,0.057949999999999995,0.15707600000000002,0.168796,0.175846,0.12095600000000001,0.11857799999999999,0.171518,0.16161799999999998,0.095808,0.094448,0.09814800000000001,0.17482799999999998,0.094338,0.094468,0.09117600000000001,0.093118,0.08927600000000001,0.093089,0.08587,0.02728,0.09112600000000001,0.091742,0.08346,0.08346,0.08346,0.08346,0.08346,0.08346,0.08346,0.09090500000000001,0.08346,0.08346,0.08346,0.08346,0.11627199999999999,0.19710199999999997,0.100022,0.27311,0.10602,0.06854,0.06698000000000001,0.09426600000000002,0.02286,0.11388300000000001,0.099712,0.106433,0.11355300000000002,0.107233,0.120396,0.10284199999999999,0.110119,0.09876299999999999,0.10078000000000001,0.09492600000000001,0.111566,0.102186,0.027819999999999998,0.08346,0.08346,0.09101200000000001,0.08346,0.112036,0.141656,0.09298600000000001,0.08919,0.35162,0.12004000000000001,0.11549000000000001,0.21420299999999998,0.162213,0.134643,0.12286,0.11724000000000001,0.14697,0.18303999999999998,0.08346,0.06698000000000001,0.09340000000000001,0.08868000000000001,0.06698000000000001,0.11775,0.15830999999999998,0.0505,0.158673,0.10888300000000001,0.22319299999999997,0.169103,0.102375,0.095275,0.15111499999999997,0.14593499999999998,0.0,0.036610000000000004,0.02924,0.141913,0.108763,0.133303,0.108203,0.108203,0.127393,0.108203,0.11805299999999999,0.10413800000000001,0.08728000000000001,0.12345,0.11976999999999999,0.15763,0.08622,0.09981999999999999,0.14714600000000003,0.13537600000000002,0.152986,0.17343599999999998,0.13872600000000002,0.14028600000000002,0.14314600000000002,0.12321599999999999,0.06698000000000001,0.0505,0.06698000000000001,0.06698000000000001,0.112152,0.104712,0.11066200000000001,0.12479200000000001,0.11641200000000002,0.11944199999999999,0.28387999999999997,0.31810999999999995,0.32077999999999995,0.15219999999999997,0.16867999999999997,0.20972999999999997,0.15464999999999998,0.08346,0.13902,0.08613593,0.08613000000000001,0.14714900000000003,0.16362900000000002,0.11642,0.06698000000000001,0.11642,0.08346,0.03402,0.09994,0.09994,0.09994,0.0281,0.099942,0.139539,0.169859,0.148159,0.16391899999999998,0.16474899999999998,0.09994,0.11642,0.10754,0.11978,0.103026
LABMAC-1A-A13,0.14418,0.12269,0.19607999999999998,0.04955,0.01907,0.02551,0.16846999999999998,0.16552999999999998,0.09486,0.13213,0.17745,0.08795,0.08852,0.09497,0.13654,0.18130999999999997,0.27795,0.05947999999999999,0.15860600000000002,0.170326,0.177376,0.12248600000000001,0.12010799999999999,0.173048,0.163148,0.09733800000000001,0.09597800000000001,0.099678,0.176358,0.09586800000000001,0.095998,0.09270600000000001,0.09464800000000001,0.090806,0.09461900000000001,0.0874,0.028810000000000002,0.092656,0.093272,0.08499000000000001,0.08499000000000001,0.08499000000000001,0.08499000000000001,0.08499000000000001,0.08499000000000001,0.08499000000000001,0.092435,0.08499000000000001,0.08499000000000001,0.08499000000000001,0.08499000000000001,0.11780199999999999,0.19863199999999998,0.101552,0.27464,0.10755,0.07007,0.06851,0.095796,0.024390000000000002,0.115413,0.101242,0.107963,0.115083,0.108763,0.121926,0.10437199999999999,0.111649,0.100293,0.10231,0.096456,0.113096,0.103716,0.02935,0.08499000000000001,0.08499000000000001,0.092542,0.08499000000000001,0.113566,0.14318599999999998,0.094516,0.09072,0.35314999999999996,0.12157000000000001,0.11702000000000001,0.21573299999999998,0.163743,0.136173,0.12439,0.11877000000000001,0.1485,0.18456999999999998,0.08499000000000001,0.06851,0.09493000000000001,0.09021000000000001,0.06851,0.11928,0.15983999999999998,0.05203,0.16020299999999998,0.110413,0.22472299999999998,0.170633,0.103905,0.096805,0.15264499999999998,0.14746499999999998,0.036610000000000004,0.0,0.03077,0.143443,0.110293,0.13483299999999998,0.109733,0.109733,0.128923,0.109733,0.119583,0.10566800000000001,0.08881,0.12498000000000001,0.12129999999999999,0.15916,0.08775,0.10135,0.14867600000000003,0.13690600000000003,0.154516,0.17496599999999998,0.140256,0.141816,0.14467600000000003,0.124746,0.06851,0.05203,0.06851,0.06851,0.113682,0.106242,0.112192,0.126322,0.117942,0.120972,0.28540999999999994,0.3196399999999999,0.32231,0.15372999999999998,0.17020999999999997,0.21125999999999998,0.15617999999999999,0.08499000000000001,0.14055,0.08766593,0.08766,0.148679,0.16515900000000003,0.11795,0.06851,0.11795,0.08499000000000001,0.03555,0.10147,0.10147,0.10147,0.02963,0.101472,0.141069,0.171389,0.14968900000000002,0.16544899999999998,0.16627899999999998,0.10147,0.11795,0.10907,0.12131,0.10455600000000001
LAC-0A-A17,0.13681000000000001,0.11531999999999999,0.18871,0.042179999999999995,0.011699999999999999,0.01814,0.1611,0.15816,0.08749,0.12476,0.17008,0.08058,0.08115,0.08760000000000001,0.12917,0.17393999999999998,0.27058,0.05210999999999999,0.151236,0.16295600000000002,0.17000600000000002,0.11511600000000001,0.11273799999999999,0.16567800000000002,0.155778,0.089968,0.088608,0.092308,0.168988,0.08849800000000001,0.088628,0.08533600000000001,0.08727800000000001,0.08343600000000001,0.08724900000000001,0.08003,0.02144,0.085286,0.085902,0.07762000000000001,0.07762000000000001,0.07762000000000001,0.07762000000000001,0.07762000000000001,0.07762000000000001,0.07762000000000001,0.085065,0.07762000000000001,0.07762000000000001,0.07762000000000001,0.07762000000000001,0.11043199999999999,0.191262,0.094182,0.26727,0.10018,0.0627,0.06114,0.088426,0.01702,0.108043,0.093872,0.100593,0.107713,0.101393,0.114556,0.09700199999999999,0.104279,0.09292299999999999,0.09494,0.089086,0.105726,0.096346,0.02198,0.07762000000000001,0.07762000000000001,0.085172,0.07762000000000001,0.106196,0.135816,0.087146,0.08335000000000001,0.34578,0.11420000000000001,0.10965000000000001,0.208363,0.156373,0.128803,0.11702,0.11140000000000001,0.14113,0.1772,0.07762000000000001,0.06114,0.08756000000000001,0.08284000000000001,0.06114,0.11191,0.15247,0.044660000000000005,0.152833,0.103043,0.217353,0.16326300000000002,0.096535,0.089435,0.145275,0.140095,0.02924,0.03077,0.0,0.136073,0.102923,0.127463,0.102363,0.102363,0.121553,0.102363,0.112213,0.09829800000000001,0.08144000000000001,0.11761,0.11392999999999999,0.15179,0.08038000000000001,0.09398,0.14130600000000001,0.129536,0.147146,0.167596,0.132886,0.134446,0.137306,0.117376,0.06114,0.044660000000000005,0.06114,0.06114,0.106312,0.098872,0.104822,0.118952,0.110572,0.113602,0.27803999999999995,0.31226999999999994,0.31493999999999994,0.14636,0.16283999999999998,0.20389,0.14881,0.07762000000000001,0.13318000000000002,0.08029593,0.08029,0.14130900000000002,0.15778900000000004,0.11058000000000001,0.06114,0.11058000000000001,0.07762000000000001,0.02818,0.0941,0.0941,0.0941,0.02226,0.094102,0.133699,0.164019,0.142319,0.158079,0.158909,0.0941,0.11058000000000001,0.1017,0.11394,0.09718600000000001
MEDADM-0F-A16,0.183563,0.162073,0.23546299999999998,0.15485300000000002,0.12437300000000001,0.130813,0.20785299999999998,0.20491299999999998,0.134243,0.171513,0.216833,0.127333,0.127903,0.134353,0.175923,0.22069299999999997,0.317333,0.164783,0.19798900000000003,0.209709,0.216759,0.161869,0.159491,0.212431,0.202531,0.136721,0.135361,0.139061,0.215741,0.135251,0.135381,0.132089,0.134031,0.130189,0.134002,0.192703,0.134113,0.13203900000000002,0.132655,0.124373,0.124373,0.124373,0.131776,0.131776,0.131776,0.131776,0.137471,0.131776,0.124373,0.131776,0.124373,0.157185,0.23801499999999998,0.140935,0.314023,0.146933,0.109453,0.107893,0.135179,0.129693,0.05827,0.140625,0.03548,0.057940000000000005,0.05162,0.06478300000000001,0.047229,0.054506,0.04315,0.14169299999999999,0.135839,0.152479,0.143099,0.134653,0.131776,0.124373,0.13192500000000001,0.12437300000000001,0.152949,0.18256899999999998,0.133899,0.137506,0.39993599999999996,0.168356,0.163806,0.15859,0.1066,0.07903,0.171176,0.165556,0.195286,0.23135599999999998,0.12437300000000001,0.124373,0.13431300000000002,0.129593,0.107893,0.158663,0.19922299999999998,0.091413,0.10306,0.05327,0.16758,0.11349000000000001,0.148941,0.141841,0.197681,0.19250099999999998,0.141913,0.143443,0.136073,0.0,0.037809999999999996,0.06235,0.03725,0.03725,0.05644,0.03725,0.047099999999999996,0.145051,0.135596,0.171766,0.168086,0.205946,0.134536,0.148136,0.091533,0.079763,0.09737299999999999,0.11782300000000001,0.08311299999999999,0.084673,0.087533,0.067603,0.107893,0.107893,0.107893,0.10789299999999999,0.056539000000000006,0.049099000000000004,0.055049,0.069179,0.060799000000000006,0.063829,0.33219599999999994,0.3664259999999999,0.369096,0.19311299999999998,0.20959299999999997,0.258046,0.20296599999999998,0.124373,0.179933,0.12704893,0.127043,0.188062,0.20454200000000003,0.157333,0.074933,0.157333,0.091413,0.107893,0.140853,0.140853,0.148256,0.134933,0.140855,0.083926,0.11424599999999999,0.09254599999999999,0.10830600000000001,0.10913600000000001,0.148256,0.164736,0.155856,0.160693,0.143939
MEDADM-0G-A17,0.15041300000000002,0.128923,0.202313,0.121703,0.091223,0.097663,0.174703,0.171763,0.101093,0.138363,0.18368299999999999,0.094183,0.094753,0.10120300000000002,0.14277299999999998,0.187543,0.28418299999999996,0.131633,0.164839,0.17655900000000002,0.18360900000000002,0.12871900000000003,0.12634099999999998,0.17928100000000002,0.169381,0.103571,0.102211,0.105911,0.182591,0.102101,0.102231,0.098939,0.100881,0.09703900000000001,0.100852,0.159553,0.100963,0.098889,0.09950500000000001,0.091223,0.091223,0.091223,0.098626,0.098626,0.098626,0.098626,0.104321,0.098626,0.091223,0.098626,0.091223,0.124035,0.204865,0.107785,0.280873,0.11378300000000001,0.07630300000000001,0.074743,0.10202900000000001,0.096543,0.025120000000000003,0.107475,0.00233,0.02479,0.01847,0.031633,0.014079000000000001,0.021356,0.01,0.108543,0.102689,0.119329,0.109949,0.10150300000000001,0.098626,0.091223,0.098775,0.091223,0.119799,0.149419,0.100749,0.104356,0.366786,0.135206,0.130656,0.12544,0.07344999999999999,0.045880000000000004,0.13802599999999998,0.13240600000000002,0.162136,0.198206,0.091223,0.091223,0.101163,0.096443,0.074743,0.12551299999999999,0.16607299999999997,0.058263,0.06991,0.02012,0.13443,0.08034,0.115791,0.108691,0.16453099999999998,0.159351,0.108763,0.110293,0.102923,0.037809999999999996,0.0,0.0292,0.0041,0.0041,0.023289999999999998,0.0041,0.013949999999999999,0.11190100000000001,0.10244600000000001,0.13861600000000002,0.134936,0.172796,0.101386,0.114986,0.058383000000000004,0.04661300000000001,0.064223,0.084673,0.049963,0.051523,0.05438300000000001,0.034453000000000004,0.074743,0.074743,0.074743,0.074743,0.023389,0.015949,0.021899000000000002,0.036029,0.027649,0.030678999999999998,0.299046,0.33327599999999996,0.33594599999999997,0.159963,0.176443,0.22489599999999998,0.169816,0.091223,0.146783,0.09389893,0.093893,0.15491200000000002,0.17139200000000004,0.12418300000000002,0.041783,0.12418300000000002,0.058263,0.074743,0.10770300000000001,0.10770300000000001,0.115106,0.10178300000000001,0.107705,0.050776,0.081096,0.059396,0.075156,0.075986,0.115106,0.131586,0.122706,0.12754300000000002,0.11078900000000001
MEDADM-1A-A11,0.174953,0.153463,0.22685299999999997,0.146243,0.115763,0.122203,0.19924299999999998,0.19630299999999998,0.125633,0.162903,0.208223,0.118723,0.11929299999999998,0.125743,0.167313,0.21208299999999997,0.30872299999999997,0.156173,0.18937900000000002,0.201099,0.208149,0.153259,0.150881,0.203821,0.19392099999999998,0.128111,0.126751,0.13045099999999998,0.20713099999999998,0.126641,0.126771,0.123479,0.125421,0.12157899999999999,0.125392,0.184093,0.125503,0.123429,0.12404499999999999,0.11576299999999999,0.11576299999999999,0.11576299999999999,0.123166,0.123166,0.123166,0.123166,0.128861,0.123166,0.11576299999999999,0.123166,0.11576299999999999,0.14857499999999998,0.22940499999999997,0.132325,0.305413,0.138323,0.10084299999999999,0.099283,0.126569,0.121083,0.04966,0.132015,0.02687,0.04933,0.04301,0.056173,0.038619,0.045896,0.03454,0.13308299999999998,0.12722899999999998,0.143869,0.134489,0.126043,0.123166,0.11576299999999999,0.123315,0.115763,0.144339,0.17395899999999997,0.12528899999999998,0.12889599999999998,0.39132599999999995,0.159746,0.155196,0.14998,0.09799,0.07042000000000001,0.162566,0.156946,0.18667599999999998,0.22274599999999997,0.115763,0.11576299999999999,0.125703,0.12098300000000001,0.099283,0.150053,0.19061299999999998,0.08280299999999999,0.09445,0.044660000000000005,0.15897,0.10488,0.14033099999999998,0.133231,0.189071,0.18389099999999997,0.133303,0.13483299999999998,0.127463,0.06235,0.0292,0.0,0.028640000000000002,0.028640000000000002,0.04783,0.028640000000000002,0.038489999999999996,0.136441,0.126986,0.163156,0.159476,0.19733599999999998,0.12592599999999998,0.13952599999999998,0.08292300000000001,0.07115300000000001,0.088763,0.109213,0.074503,0.076063,0.07892300000000001,0.058993000000000004,0.099283,0.099283,0.099283,0.09928299999999998,0.047929,0.040489000000000004,0.046439,0.060569,0.052189,0.055219000000000004,0.32358599999999993,0.3578159999999999,0.360486,0.18450299999999997,0.20098299999999997,0.24943599999999996,0.19435599999999997,0.11576299999999999,0.171323,0.11843893,0.11843299999999998,0.179452,0.19593200000000002,0.148723,0.066323,0.148723,0.08280299999999999,0.099283,0.132243,0.132243,0.139646,0.126323,0.132245,0.075316,0.105636,0.083936,0.099696,0.100526,0.139646,0.156126,0.147246,0.152083,0.135329
MEDADM-1B-A12,0.14985300000000001,0.128363,0.201753,0.121143,0.090663,0.097103,0.174143,0.171203,0.100533,0.137803,0.18312299999999998,0.093623,0.094193,0.10064300000000001,0.14221299999999998,0.18698299999999998,0.28362299999999996,0.131073,0.164279,0.17599900000000002,0.18304900000000002,0.12815900000000002,0.12578099999999998,0.17872100000000002,0.168821,0.10301099999999999,0.10165099999999999,0.105351,0.182031,0.10154099999999999,0.101671,0.098379,0.100321,0.09647900000000001,0.10029199999999999,0.158993,0.10040299999999999,0.098329,0.098945,0.090663,0.090663,0.090663,0.098066,0.098066,0.098066,0.098066,0.10376099999999999,0.098066,0.090663,0.098066,0.090663,0.123475,0.204305,0.107225,0.280313,0.113223,0.075743,0.074183,0.101469,0.095983,0.024560000000000002,0.106915,0.00177,0.02423,0.017910000000000002,0.031073000000000003,0.013519,0.020796000000000002,0.00944,0.107983,0.102129,0.118769,0.109389,0.100943,0.098066,0.090663,0.098215,0.090663,0.119239,0.148859,0.100189,0.103796,0.366226,0.134646,0.130096,0.12487999999999999,0.07289,0.04532,0.13746599999999998,0.13184600000000002,0.161576,0.197646,0.090663,0.090663,0.100603,0.095883,0.074183,0.124953,0.16551299999999997,0.057703,0.06935,0.01956,0.13387000000000002,0.07978,0.115231,0.10813099999999999,0.16397099999999998,0.158791,0.108203,0.109733,0.102363,0.03725,0.0041,0.028640000000000002,0.0,0.00354,0.02273,0.00354,0.013389999999999999,0.11134100000000001,0.101886,0.138056,0.134376,0.172236,0.100826,0.114426,0.05782300000000001,0.04605300000000001,0.063663,0.08411300000000001,0.049403,0.050963,0.05382300000000001,0.033893000000000006,0.074183,0.074183,0.074183,0.074183,0.022829000000000002,0.015389,0.021339,0.035469,0.027089000000000002,0.030119,0.298486,0.33271599999999996,0.33538599999999996,0.159403,0.17588299999999998,0.22433599999999998,0.169256,0.090663,0.146223,0.09333893,0.093333,0.15435200000000002,0.17083200000000004,0.12362300000000001,0.041222999999999996,0.12362300000000001,0.057703,0.074183,0.107143,0.107143,0.114546,0.10122300000000001,0.10714499999999999,0.050216,0.080536,0.058836,0.07459600000000001,0.075426,0.114546,0.131026,0.12214599999999999,0.126983,0.11022900000000001
MEDADM-1C-A13,0.14985300000000001,0.128363,0.201753,0.121143,0.090663,0.097103,0.174143,0.171203,0.100533,0.137803,0.18312299999999998,0.093623,0.094193,0.10064300000000001,0.14221299999999998,0.18698299999999998,0.28362299999999996,0.131073,0.164279,0.17599900000000002,0.18304900000000002,0.12815900000000002,0.12578099999999998,0.17872100000000002,0.168821,0.10301099999999999,0.10165099999999999,0.105351,0.182031,0.10154099999999999,0.101671,0.098379,0.100321,0.09647900000000001,0.10029199999999999,0.158993,0.10040299999999999,0.098329,0.098945,0.090663,0.090663,0.090663,0.098066,0.098066,0.098066,0.098066,0.10376099999999999,0.098066,0.090663,0.098066,0.090663,0.123475,0.204305,0.107225,0.280313,0.113223,0.075743,0.074183,0.101469,0.095983,0.024560000000000002,0.106915,0.00177,0.02423,0.017910000000000002,0.031073000000000003,0.013519,0.020796000000000002,0.00944,0.107983,0.102129,0.118769,0.109389,0.100943,0.098066,0.090663,0.098215,0.090663,0.119239,0.148859,0.100189,0.103796,0.366226,0.134646,0.130096,0.12487999999999999,0.07289,0.04532,0.13746599999999998,0.13184600000000002,0.161576,0.197646,0.090663,0.090663,0.100603,0.095883,0.074183,0.124953,0.16551299999999997,0.057703,0.06935,0.01956,0.13387000000000002,0.07978,0.115231,0.10813099999999999,0.16397099999999998,0.158791,0.108203,0.109733,0.102363,0.03725,0.0041,0.028640000000000002,0.00354,0.0,0.02273,0.00354,0.013389999999999999,0.11134100000000001,0.101886,0.138056,0.134376,0.172236,0.100826,0.114426,0.05782300000000001,0.04605300000000001,0.063663,0.08411300000000001,0.049403,0.050963,0.05382300000000001,0.033893000000000006,0.074183,0.074183,0.074183,0.074183,0.022829000000000002,0.015389,0.021339,0.035469,0.027089000000000002,0.030119,0.298486,0.33271599999999996,0.33538599999999996,0.159403,0.17588299999999998,0.22433599999999998,0.169256,0.090663,0.146223,0.09333893,0.093333,0.15435200000000002,0.17083200000000004,0.12362300000000001,0.041222999999999996,0.12362300000000001,0.057703,0.074183,0.107143,0.107143,0.114546,0.10122300000000001,0.10714499999999999,0.050216,0.080536,0.058836,0.07459600000000001,0.075426,0.114546,0.131026,0.12214599999999999,0.126983,0.11022900000000001
MEDADM-1D-A14,0.169043,0.147553,0.22094299999999997,0.14033299999999999,0.109853,0.11629300000000001,0.19333299999999998,0.19039299999999998,0.119723,0.156993,0.202313,0.112813,0.11338299999999998,0.119833,0.161403,0.20617299999999997,0.302813,0.15026299999999998,0.183469,0.195189,0.202239,0.147349,0.144971,0.197911,0.18801099999999998,0.122201,0.120841,0.124541,0.20122099999999998,0.120731,0.120861,0.117569,0.119511,0.115669,0.119482,0.17818299999999998,0.119593,0.117519,0.11813499999999999,0.10985299999999999,0.10985299999999999,0.10985299999999999,0.117256,0.117256,0.117256,0.117256,0.12295099999999999,0.117256,0.10985299999999999,0.117256,0.10985299999999999,0.142665,0.22349499999999997,0.126415,0.29950299999999996,0.132413,0.09493299999999999,0.093373,0.120659,0.115173,0.04375,0.126105,0.02096,0.04342,0.0371,0.050263,0.032709,0.039986,0.02863,0.12717299999999998,0.121319,0.137959,0.128579,0.12013299999999999,0.117256,0.10985299999999999,0.117405,0.109853,0.138429,0.168049,0.119379,0.12298599999999998,0.385416,0.153836,0.149286,0.14407,0.09208,0.06451,0.156656,0.151036,0.18076599999999998,0.21683599999999997,0.109853,0.10985299999999999,0.11979300000000001,0.11507300000000001,0.093373,0.144143,0.18470299999999998,0.07689299999999999,0.08854,0.03875,0.15306,0.09897,0.13442099999999998,0.127321,0.183161,0.17798099999999997,0.127393,0.128923,0.121553,0.05644,0.023289999999999998,0.04783,0.02273,0.02273,0.0,0.02273,0.03258,0.130531,0.12107599999999999,0.157246,0.15356599999999998,0.19142599999999999,0.12001599999999998,0.13361599999999998,0.07701300000000001,0.06524300000000001,0.082853,0.103303,0.068593,0.07015300000000001,0.07301300000000001,0.053083000000000005,0.093373,0.093373,0.093373,0.09337299999999998,0.042019,0.034579,0.040528999999999996,0.054659,0.046279,0.049309,0.31767599999999996,0.35190599999999994,0.35457599999999995,0.17859299999999997,0.19507299999999997,0.24352599999999996,0.18844599999999997,0.10985299999999999,0.165413,0.11252893,0.11252299999999998,0.17354200000000003,0.19002200000000002,0.142813,0.060412999999999994,0.142813,0.07689299999999999,0.093373,0.126333,0.126333,0.133736,0.12041299999999999,0.12633499999999998,0.069406,0.099726,0.078026,0.09378600000000001,0.094616,0.133736,0.150216,0.141336,0.146173,0.129419
MEDADM-1E-A15,0.14985300000000001,0.128363,0.201753,0.121143,0.090663,0.097103,0.174143,0.171203,0.100533,0.137803,0.18312299999999998,0.093623,0.094193,0.10064300000000001,0.14221299999999998,0.18698299999999998,0.28362299999999996,0.131073,0.164279,0.17599900000000002,0.18304900000000002,0.12815900000000002,0.12578099999999998,0.17872100000000002,0.168821,0.10301099999999999,0.10165099999999999,0.105351,0.182031,0.10154099999999999,0.101671,0.098379,0.100321,0.09647900000000001,0.10029199999999999,0.158993,0.10040299999999999,0.098329,0.098945,0.090663,0.090663,0.090663,0.098066,0.098066,0.098066,0.098066,0.10376099999999999,0.098066,0.090663,0.098066,0.090663,0.123475,0.204305,0.107225,0.280313,0.113223,0.075743,0.074183,0.101469,0.095983,0.024560000000000002,0.106915,0.00177,0.02423,0.017910000000000002,0.031073000000000003,0.013519,0.020796000000000002,0.00944,0.107983,0.102129,0.118769,0.109389,0.100943,0.098066,0.090663,0.098215,0.090663,0.119239,0.148859,0.100189,0.103796,0.366226,0.134646,0.130096,0.12487999999999999,0.07289,0.04532,0.13746599999999998,0.13184600000000002,0.161576,0.197646,0.090663,0.090663,0.100603,0.095883,0.074183,0.124953,0.16551299999999997,0.057703,0.06935,0.01956,0.13387000000000002,0.07978,0.115231,0.10813099999999999,0.16397099999999998,0.158791,0.108203,0.109733,0.102363,0.03725,0.0041,0.028640000000000002,0.00354,0.00354,0.02273,0.0,0.013389999999999999,0.11134100000000001,0.101886,0.138056,0.134376,0.172236,0.100826,0.114426,0.05782300000000001,0.04605300000000001,0.063663,0.08411300000000001,0.049403,0.050963,0.05382300000000001,0.033893000000000006,0.074183,0.074183,0.074183,0.074183,0.022829000000000002,0.015389,0.021339,0.035469,0.027089000000000002,0.030119,0.298486,0.33271599999999996,0.33538599999999996,0.159403,0.17588299999999998,0.22433599999999998,0.169256,0.090663,0.146223,0.09333893,0.093333,0.15435200000000002,0.17083200000000004,0.12362300000000001,0.041222999999999996,0.12362300000000001,0.057703,0.074183,0.107143,0.107143,0.114546,0.10122300000000001,0.10714499999999999,0.050216,0.080536,0.058836,0.07459600000000001,0.075426,0.114546,0.131026,0.12214599999999999,0.126983,0.11022900000000001
MEDADM-1H-A18,0.15970299999999998,0.138213,0.21160299999999999,0.130993,0.10051299999999999,0.10695299999999999,0.18399299999999996,0.18105299999999996,0.110383,0.14765299999999998,0.192973,0.103473,0.104043,0.11049300000000001,0.152063,0.19683299999999998,0.293473,0.140923,0.174129,0.185849,0.192899,0.138009,0.135631,0.188571,0.17867099999999997,0.11286099999999999,0.11150099999999999,0.115201,0.19188099999999997,0.11139099999999999,0.111521,0.10822899999999999,0.11017099999999999,0.106329,0.11014199999999999,0.168843,0.11025299999999999,0.108179,0.108795,0.10051299999999999,0.10051299999999999,0.10051299999999999,0.107916,0.107916,0.107916,0.107916,0.113611,0.107916,0.10051299999999999,0.107916,0.10051299999999999,0.133325,0.21415499999999998,0.117075,0.290163,0.123073,0.085593,0.084033,0.111319,0.105833,0.034409999999999996,0.116765,0.011619999999999998,0.03408,0.02776,0.040923,0.023368999999999997,0.030646,0.019289999999999998,0.117833,0.111979,0.12861899999999998,0.119239,0.110793,0.107916,0.10051299999999999,0.108065,0.10051299999999999,0.129089,0.158709,0.110039,0.113646,0.37607599999999997,0.144496,0.13994600000000001,0.13473,0.08274,0.05517,0.147316,0.141696,0.171426,0.20749599999999996,0.10051299999999999,0.10051299999999999,0.110453,0.105733,0.084033,0.134803,0.175363,0.067553,0.07919999999999999,0.02941,0.14372000000000001,0.08963,0.125081,0.11798099999999999,0.173821,0.16864099999999999,0.11805299999999999,0.119583,0.112213,0.047099999999999996,0.013949999999999999,0.038489999999999996,0.013389999999999999,0.013389999999999999,0.03258,0.013389999999999999,0.0,0.12119100000000001,0.111736,0.14790599999999998,0.14422600000000002,0.18208599999999997,0.110676,0.124276,0.06767300000000001,0.05590300000000001,0.073513,0.093963,0.059253,0.060813,0.06367300000000001,0.043743000000000004,0.084033,0.084033,0.084033,0.084033,0.032679,0.025238999999999998,0.031188999999999998,0.045319,0.036939,0.039969,0.30833599999999994,0.3425659999999999,0.34523599999999993,0.169253,0.18573299999999998,0.23418599999999995,0.179106,0.10051299999999999,0.15607300000000002,0.10318893,0.103183,0.16420200000000001,0.180682,0.133473,0.05107299999999999,0.133473,0.067553,0.084033,0.116993,0.116993,0.12439599999999999,0.111073,0.116995,0.060065999999999994,0.090386,0.068686,0.08444600000000001,0.085276,0.12439599999999999,0.140876,0.131996,0.13683299999999998,0.120079
MICRORED-1A-A109,0.121756,0.10026600000000001,0.17365599999999998,0.11707800000000002,0.08659800000000001,0.09303800000000001,0.146046,0.143106,0.072436,0.10970600000000001,0.155026,0.065526,0.066096,0.072546,0.11411600000000001,0.15888599999999997,0.255526,0.127008,0.07919,0.09091,0.09795999999999999,0.043070000000000004,0.03648,0.08942000000000001,0.07952000000000001,0.01371,0.01235,0.016050000000000002,0.09272999999999999,0.012240000000000001,0.01237,0.01329,0.01102,0.014862,0.015807,0.154928,0.09633800000000001,0.013844,0.070848,0.06256600000000001,0.06256600000000001,0.06256600000000001,0.06256600000000001,0.06256600000000001,0.06256600000000001,0.06256600000000001,0.070011,0.06256600000000001,0.06256600000000001,0.06256600000000001,0.06256600000000001,0.095378,0.17620799999999998,0.079128,0.252216,0.109158,0.071678,0.07011800000000001,0.019852,0.09191800000000001,0.11702100000000001,0.078818,0.10957100000000002,0.11669100000000002,0.11037100000000001,0.12353400000000002,0.10598000000000002,0.11325700000000001,0.10190100000000002,0.079886,0.020512000000000002,0.037152000000000004,0.027771999999999998,0.09687800000000002,0.06256600000000001,0.06256600000000001,0.013126,0.020678000000000002,0.034754,0.064374,0.015704,0.068296,0.330726,0.09914600000000001,0.09459600000000001,0.217341,0.165351,0.13778100000000001,0.101966,0.09634600000000001,0.12607600000000002,0.162146,0.029606,0.046086,0.09653800000000001,0.09181800000000001,0.07011800000000001,0.120888,0.16144799999999998,0.053638000000000005,0.161811,0.11202100000000001,0.226331,0.172241,0.081481,0.074381,0.13022099999999998,0.125041,0.10413800000000001,0.10566800000000001,0.09829800000000001,0.145051,0.11190100000000001,0.136441,0.11134100000000001,0.11134100000000001,0.130531,0.11134100000000001,0.12119100000000001,0.0,0.066386,0.10255600000000001,0.098876,0.136736,0.065326,0.078926,0.15028400000000003,0.13851400000000003,0.156124,0.176574,0.14186400000000002,0.14342400000000002,0.14628400000000003,0.12635400000000002,0.046086,0.053638000000000005,0.037158000000000004,0.06256600000000001,0.11529000000000002,0.10785000000000002,0.11380000000000001,0.12793000000000002,0.11955000000000002,0.12258000000000001,0.262986,0.297216,0.299886,0.13130599999999998,0.14778599999999997,0.188836,0.13375599999999999,0.06256600000000001,0.11812600000000001,0.06524193,0.065236,0.06986700000000001,0.08634700000000001,0.046086,0.07011800000000001,0.046086,0.079046,0.07011800000000001,0.029606,0.06256600000000001,0.06256600000000001,0.09715800000000002,0.07904800000000001,0.142677,0.172997,0.15129700000000001,0.167057,0.167887,0.079046,0.095526,0.086646,0.098886,0.028612
MON-0A-A103,0.070413,0.048923,0.12231299999999999,0.10022,0.06974000000000001,0.07618000000000001,0.094703,0.091763,0.021093,0.058363,0.103683,0.014183000000000001,0.014753,0.021203,0.062773,0.10754299999999999,0.204183,0.11015,0.119324,0.13104400000000002,0.138094,0.08320400000000001,0.08082600000000001,0.13376600000000002,0.12386599999999999,0.05805600000000001,0.05669600000000001,0.060396000000000005,0.137076,0.056586,0.056716,0.053424,0.055366,0.054996,0.055941000000000005,0.13807,0.07948000000000001,0.053978,0.013913000000000002,0.011223,0.011223,0.011223,0.00382,0.00382,0.00382,0.00382,0.011265,0.00382,0.011223,0.00382,0.011223,0.038443,0.119273,0.022193,0.20087300000000002,0.099703,0.062223,0.06066300000000001,0.059986,0.07506000000000002,0.107566,0.021883000000000003,0.10011600000000001,0.107236,0.100916,0.11407900000000001,0.096525,0.103802,0.092446,0.028543,0.060646000000000005,0.07728600000000001,0.06790600000000001,0.08002000000000001,0.00382,0.011223,0.05326,0.05326,0.07488800000000001,0.104508,0.055838,0.009550000000000001,0.27198,0.0404,0.03585,0.207886,0.15589599999999998,0.128326,0.043219999999999995,0.0376,0.06733,0.1034,0.03678000000000001,0.020300000000000002,0.08708300000000001,0.082363,0.06066300000000001,0.11143299999999999,0.151993,0.044183,0.152356,0.10256599999999999,0.21687599999999999,0.162786,0.022735000000000002,0.015635,0.071475,0.066295,0.08728000000000001,0.08881,0.08144000000000001,0.135596,0.10244600000000001,0.126986,0.101886,0.101886,0.12107599999999999,0.101886,0.111736,0.066386,0.0,0.04381,0.04013,0.07799,0.00658,0.02018,0.140829,0.129059,0.146669,0.167119,0.132409,0.133969,0.136829,0.116899,0.044183,0.03678000000000001,0.05326,0.027703000000000002,0.10583500000000001,0.09839500000000001,0.104345,0.118475,0.110095,0.113125,0.20423999999999998,0.23846999999999996,0.24113999999999997,0.07996299999999999,0.09644299999999999,0.13008999999999998,0.07501000000000001,0.011223,0.06678300000000001,0.01389893,0.013893,0.110001,0.126481,0.044183,0.060663,0.03678000000000001,0.044183,0.05326000000000001,0.05326,0.027703000000000002,0.020300000000000002,0.08030000000000001,0.022113,0.133222,0.163542,0.141842,0.157602,0.158432,0.020300000000000002,0.03678000000000001,0.0279,0.047543,0.068746
MON-0A-A104,0.10658300000000001,0.085093,0.15848299999999998,0.13639,0.10591,0.11235,0.13087300000000002,0.12793300000000002,0.057263,0.094533,0.139853,0.050353,0.050923,0.05737300000000001,0.098943,0.14371299999999998,0.24035299999999998,0.14632,0.15549400000000002,0.16721400000000003,0.17426399999999997,0.11937400000000002,0.11699600000000002,0.16993600000000003,0.160036,0.094226,0.092866,0.09656600000000001,0.173246,0.092756,0.09288600000000001,0.08959400000000001,0.091536,0.09116600000000001,0.09211100000000001,0.17424,0.11565,0.090148,0.050083,0.047393000000000005,0.047393000000000005,0.047393000000000005,0.039990000000000005,0.039990000000000005,0.039990000000000005,0.039990000000000005,0.047435000000000005,0.039990000000000005,0.047393000000000005,0.039990000000000005,0.047393000000000005,0.07461300000000001,0.155443,0.058363000000000005,0.237043,0.13587300000000002,0.09839300000000001,0.096833,0.096156,0.11123000000000001,0.143736,0.05805300000000001,0.13628600000000002,0.143406,0.13708599999999999,0.15024900000000002,0.132695,0.13997199999999999,0.128616,0.064713,0.09681600000000001,0.113456,0.104076,0.11619000000000002,0.039990000000000005,0.047393000000000005,0.08943000000000001,0.08943000000000001,0.11105800000000002,0.14067800000000003,0.092008,0.045720000000000004,0.30815000000000003,0.07657,0.07202,0.244056,0.192066,0.164496,0.07939,0.07377,0.10350000000000001,0.13957,0.07295000000000001,0.056470000000000006,0.12325300000000002,0.11853300000000001,0.096833,0.14760299999999998,0.18816299999999997,0.08035300000000001,0.188526,0.138736,0.253046,0.198956,0.058905000000000006,0.051805000000000004,0.10764499999999999,0.102465,0.12345,0.12498000000000001,0.11761,0.171766,0.13861600000000002,0.163156,0.138056,0.138056,0.157246,0.138056,0.14790599999999998,0.10255600000000001,0.04381,0.0,0.0763,0.11416000000000001,0.04275,0.056350000000000004,0.17699900000000002,0.16522900000000001,0.182839,0.203289,0.168579,0.170139,0.172999,0.153069,0.08035300000000001,0.07295000000000001,0.08943000000000001,0.06387300000000001,0.142005,0.134565,0.140515,0.154645,0.146265,0.149295,0.24040999999999998,0.27464,0.27731,0.116133,0.13261299999999998,0.16626,0.11118,0.047393000000000005,0.10295300000000002,0.050068930000000005,0.050063,0.146171,0.162651,0.08035300000000001,0.096833,0.07295000000000001,0.08035300000000001,0.08943000000000001,0.08943000000000001,0.06387300000000001,0.056470000000000006,0.11647000000000002,0.058283,0.169392,0.199712,0.178012,0.193772,0.194602,0.056470000000000006,0.07295000000000001,0.06407,0.08371300000000001,0.10491600000000001
MON-1B-A67,0.102903,0.08141300000000001,0.154803,0.13271,0.10222999999999999,0.10866999999999999,0.127193,0.124253,0.053583,0.090853,0.136173,0.046673,0.047243,0.053693000000000005,0.095263,0.140033,0.236673,0.14264,0.151814,0.163534,0.17058399999999999,0.11569400000000002,0.113316,0.16625600000000001,0.156356,0.09054600000000002,0.08918600000000002,0.09288600000000001,0.169566,0.089076,0.08920600000000001,0.085914,0.087856,0.08748600000000001,0.08843100000000001,0.17056,0.11196999999999999,0.086468,0.046403,0.043713,0.043713,0.043713,0.03631,0.03631,0.03631,0.03631,0.043755,0.03631,0.043713,0.03631,0.043713,0.070933,0.151763,0.054683,0.23336300000000001,0.132193,0.094713,0.09315300000000001,0.092476,0.10754999999999999,0.140056,0.054373000000000005,0.132606,0.13972600000000002,0.133406,0.146569,0.129015,0.136292,0.124936,0.061033000000000004,0.09313600000000001,0.10977600000000001,0.10039600000000001,0.11251,0.03631,0.043713,0.08575,0.08575,0.107378,0.136998,0.088328,0.04204,0.30447,0.07289000000000001,0.06834000000000001,0.24037599999999998,0.188386,0.16081600000000001,0.07571,0.07009000000000001,0.09981999999999999,0.13589,0.06927,0.052790000000000004,0.11957300000000001,0.11485300000000001,0.09315300000000001,0.143923,0.18448299999999998,0.076673,0.184846,0.135056,0.24936599999999998,0.195276,0.055225,0.048125,0.103965,0.09878500000000001,0.11976999999999999,0.12129999999999999,0.11392999999999999,0.168086,0.134936,0.159476,0.134376,0.134376,0.15356599999999998,0.134376,0.14422600000000002,0.098876,0.04013,0.0763,0.0,0.03786,0.03907,0.05267,0.173319,0.161549,0.179159,0.19960899999999998,0.16489900000000002,0.16645900000000002,0.169319,0.149389,0.076673,0.06927,0.08574999999999999,0.060193,0.138325,0.130885,0.136835,0.15096500000000002,0.14258500000000002,0.145615,0.23673,0.27096,0.27363,0.112453,0.128933,0.16258,0.10750000000000001,0.043713,0.099273,0.04638893,0.046383,0.142491,0.158971,0.076673,0.09315300000000001,0.06927,0.076673,0.08574999999999999,0.08575,0.060193,0.052790000000000004,0.11279,0.054603,0.16571200000000003,0.19603199999999998,0.174332,0.19009199999999998,0.19092199999999998,0.052790000000000004,0.06927,0.060390000000000006,0.08003299999999999,0.101236
MON-1B-A68,0.140763,0.11927300000000002,0.192663,0.17057,0.14009,0.14653,0.165053,0.162113,0.091443,0.128713,0.174033,0.084533,0.085103,0.091553,0.133123,0.177893,0.27453299999999997,0.1805,0.189674,0.20139400000000002,0.208444,0.15355400000000002,0.151176,0.20411600000000002,0.194216,0.12840600000000002,0.12704600000000002,0.130746,0.207426,0.126936,0.127066,0.123774,0.125716,0.125346,0.12629100000000001,0.20842,0.14983,0.124328,0.084263,0.081573,0.081573,0.081573,0.07417,0.07417,0.07417,0.07417,0.081615,0.07417,0.081573,0.07417,0.081573,0.108793,0.189623,0.092543,0.271223,0.170053,0.132573,0.131013,0.130336,0.14540999999999998,0.177916,0.09223300000000001,0.170466,0.177586,0.17126599999999997,0.184429,0.166875,0.17415199999999997,0.162796,0.09889300000000001,0.130996,0.14763600000000002,0.13825600000000002,0.15037,0.07417,0.081573,0.12361,0.12361,0.145238,0.174858,0.126188,0.0799,0.34233,0.11075000000000002,0.10620000000000002,0.278236,0.22624599999999997,0.198676,0.11357,0.10795000000000002,0.13768,0.17375000000000002,0.10713,0.09065000000000001,0.15743300000000002,0.15271300000000002,0.131013,0.181783,0.22234299999999999,0.114533,0.222706,0.172916,0.287226,0.23313599999999998,0.093085,0.085985,0.141825,0.13664500000000002,0.15763,0.15916,0.15179,0.205946,0.172796,0.19733599999999998,0.172236,0.172236,0.19142599999999999,0.172236,0.18208599999999997,0.136736,0.07799,0.11416000000000001,0.03786,0.0,0.07693,0.09053,0.211179,0.199409,0.217019,0.23746899999999999,0.202759,0.204319,0.207179,0.187249,0.114533,0.10713,0.12361,0.098053,0.17618499999999998,0.16874499999999998,0.174695,0.188825,0.180445,0.183475,0.27459,0.30882,0.31149,0.150313,0.166793,0.20044,0.14536000000000002,0.081573,0.137133,0.08424893,0.084243,0.180351,0.196831,0.114533,0.131013,0.10713,0.114533,0.12361,0.12361000000000001,0.098053,0.09065000000000001,0.15065,0.09246299999999999,0.20357199999999998,0.233892,0.212192,0.227952,0.22878199999999999,0.09065000000000001,0.10713,0.09825,0.117893,0.139096
MON-1C-A105,0.069353,0.047863,0.12125299999999999,0.09916,0.06868,0.07512,0.093643,0.090703,0.020033,0.057303,0.102623,0.013123,0.013693,0.020143,0.061713,0.106483,0.203123,0.10908999999999999,0.11826400000000001,0.12998400000000002,0.137034,0.08214400000000002,0.079766,0.13270600000000002,0.122806,0.056996000000000005,0.055636000000000005,0.05933600000000001,0.136016,0.055526,0.055656000000000004,0.052364,0.054306,0.053936000000000005,0.054881000000000006,0.13701,0.07842,0.052918,0.012853000000000002,0.010163,0.010163,0.010163,0.00276,0.00276,0.00276,0.00276,0.010205,0.00276,0.010163,0.00276,0.010163,0.037383,0.118213,0.021133,0.19981300000000002,0.09864300000000001,0.061163,0.059603,0.058926,0.07400000000000001,0.10650599999999999,0.020823,0.099056,0.10617599999999999,0.099856,0.11301900000000001,0.095465,0.102742,0.091386,0.027483,0.05958600000000001,0.076226,0.066846,0.07896,0.00276,0.010163,0.0522,0.0522,0.073828,0.10344800000000001,0.054778,0.008490000000000001,0.27092,0.03934,0.03479,0.20682599999999998,0.15483599999999997,0.127266,0.042159999999999996,0.03654,0.06627,0.10234,0.03572,0.01924,0.08602300000000002,0.08130300000000001,0.059603,0.110373,0.15093299999999998,0.043123,0.15129599999999999,0.101506,0.21581599999999998,0.16172599999999998,0.021675,0.014575,0.07041499999999999,0.065235,0.08622,0.08775,0.08038000000000001,0.134536,0.101386,0.12592599999999998,0.100826,0.100826,0.12001599999999998,0.100826,0.110676,0.065326,0.00658,0.04275,0.03907,0.07693,0.0,0.019119999999999998,0.139769,0.127999,0.145609,0.16605899999999998,0.131349,0.132909,0.135769,0.115839,0.043123,0.03572,0.0522,0.026643,0.10477500000000001,0.097335,0.103285,0.11741499999999999,0.10903499999999999,0.112065,0.20318,0.23741,0.24008000000000002,0.078903,0.095383,0.12903,0.07395,0.010163,0.065723,0.01283893,0.012833,0.10894100000000001,0.125421,0.043123,0.059603,0.03572,0.043123,0.0522,0.0522,0.026643,0.01924,0.07924,0.021053,0.132162,0.162482,0.140782,0.156542,0.15737199999999998,0.01924,0.03572,0.02684,0.046483,0.067686
MON-1C-A106,0.082953,0.061463000000000004,0.134853,0.11276,0.08227999999999999,0.08872,0.107243,0.104303,0.033632999999999996,0.070903,0.11622299999999999,0.026723,0.027292999999999998,0.033743,0.07531299999999999,0.120083,0.216723,0.12269,0.131864,0.14358400000000002,0.150634,0.09574400000000002,0.093366,0.14630600000000002,0.136406,0.070596,0.069236,0.072936,0.149616,0.06912599999999999,0.06925600000000001,0.065964,0.067906,0.06753600000000001,0.06848100000000001,0.15061,0.09201999999999999,0.066518,0.026453,0.023763,0.023763,0.023763,0.01636,0.01636,0.01636,0.01636,0.023805,0.01636,0.023763,0.01636,0.023763,0.050983,0.131813,0.034733,0.21341300000000002,0.11224300000000001,0.074763,0.073203,0.07252600000000001,0.0876,0.12010599999999999,0.034423,0.112656,0.119776,0.113456,0.126619,0.109065,0.116342,0.104986,0.041082999999999995,0.073186,0.089826,0.080446,0.09256,0.01636,0.023763,0.0658,0.0658,0.087428,0.11704800000000001,0.068378,0.02209,0.28452,0.05294,0.04839,0.22042599999999998,0.16843599999999997,0.140866,0.05576,0.050140000000000004,0.07987,0.11594,0.04932,0.03284,0.09962300000000002,0.09490300000000002,0.073203,0.123973,0.16453299999999998,0.056723,0.164896,0.115106,0.22941599999999998,0.17532599999999998,0.035275,0.028175,0.08401499999999999,0.078835,0.09981999999999999,0.10135,0.09398,0.148136,0.114986,0.13952599999999998,0.114426,0.114426,0.13361599999999998,0.114426,0.124276,0.078926,0.02018,0.056350000000000004,0.05267,0.09053,0.019119999999999998,0.0,0.153369,0.141599,0.159209,0.17965899999999999,0.144949,0.146509,0.149369,0.129439,0.056723,0.04932,0.0658,0.040243,0.11837500000000001,0.110935,0.116885,0.131015,0.122635,0.125665,0.21677999999999997,0.25100999999999996,0.25367999999999996,0.092503,0.108983,0.14262999999999998,0.08755,0.023763,0.079323,0.02643893,0.026432999999999998,0.12254100000000001,0.139021,0.056723,0.073203,0.04932,0.056723,0.0658,0.0658,0.040243,0.03284,0.09284,0.034653,0.145762,0.176082,0.154382,0.170142,0.17097199999999999,0.03284,0.04932,0.040440000000000004,0.060083,0.081286
ODO-0B-A152,0.18879600000000002,0.167306,0.240696,0.160086,0.12960600000000003,0.13604600000000003,0.213086,0.210146,0.13947600000000002,0.17674600000000001,0.222066,0.13256600000000002,0.133136,0.13958600000000002,0.181156,0.225926,0.322566,0.170016,0.203222,0.21494200000000002,0.22199200000000002,0.16710200000000003,0.164724,0.21766400000000002,0.207764,0.14195400000000002,0.14059400000000002,0.14429400000000003,0.220974,0.14048400000000003,0.14061400000000002,0.13732200000000003,0.13926400000000003,0.13542200000000001,0.13923500000000003,0.197936,0.13934600000000003,0.137272,0.137888,0.129606,0.129606,0.129606,0.13700900000000002,0.13700900000000002,0.13700900000000002,0.13700900000000002,0.142704,0.13700900000000002,0.129606,0.13700900000000002,0.129606,0.162418,0.243248,0.14616800000000002,0.319256,0.15216600000000002,0.11468600000000001,0.11312600000000002,0.14041200000000004,0.13492600000000002,0.063503,0.14585800000000002,0.056053000000000006,0.063173,0.056853,0.02675,0.05246200000000001,0.059739,0.04838300000000001,0.146926,0.14107200000000003,0.15771200000000002,0.14833200000000002,0.139886,0.13700900000000002,0.129606,0.137158,0.12960600000000003,0.15818200000000002,0.18780200000000002,0.13913200000000003,0.142739,0.405169,0.17358900000000002,0.16903900000000002,0.163823,0.111833,0.084263,0.176409,0.17078900000000002,0.200519,0.236589,0.12960600000000003,0.129606,0.13954600000000003,0.13482600000000003,0.11312600000000002,0.16389600000000001,0.204456,0.09664600000000001,0.108293,0.05850300000000001,0.17281300000000002,0.11872300000000001,0.154174,0.147074,0.202914,0.197734,0.14714600000000003,0.14867600000000003,0.14130600000000001,0.091533,0.058383000000000004,0.08292300000000001,0.05782300000000001,0.05782300000000001,0.07701300000000001,0.05782300000000001,0.06767300000000001,0.15028400000000003,0.140829,0.17699900000000002,0.173319,0.211179,0.139769,0.153369,0.0,0.01177,0.05934,0.07979,0.045079999999999995,0.046639999999999994,0.0495,0.02957,0.11312600000000002,0.11312600000000002,0.11312600000000002,0.113126,0.06177200000000001,0.054332000000000005,0.060282,0.074412,0.06603200000000001,0.06906200000000001,0.337429,0.37165899999999996,0.37432899999999997,0.198346,0.214826,0.263279,0.208199,0.129606,0.18516600000000003,0.13228193000000002,0.132276,0.19329500000000005,0.20977500000000004,0.16256600000000002,0.08016600000000002,0.16256600000000002,0.09664600000000001,0.11312600000000002,0.14608600000000002,0.14608600000000002,0.15348900000000001,0.140166,0.146088,0.08915900000000002,0.119479,0.097779,0.11353900000000001,0.11436900000000001,0.15348900000000001,0.169969,0.161089,0.16592600000000002,0.14917200000000003
ODO-0B-A52,0.17702600000000002,0.155536,0.228926,0.148316,0.11783600000000002,0.12427600000000003,0.201316,0.198376,0.12770600000000001,0.164976,0.210296,0.12079600000000001,0.121366,0.127816,0.169386,0.21415599999999999,0.31079599999999996,0.158246,0.191452,0.20317200000000002,0.21022200000000002,0.15533200000000003,0.152954,0.20589400000000002,0.195994,0.13018400000000002,0.12882400000000002,0.13252400000000003,0.209204,0.12871400000000002,0.12884400000000001,0.12555200000000002,0.12749400000000002,0.12365200000000001,0.12746500000000002,0.186166,0.12757600000000002,0.125502,0.126118,0.11783600000000001,0.11783600000000001,0.11783600000000001,0.12523900000000002,0.12523900000000002,0.12523900000000002,0.12523900000000002,0.130934,0.12523900000000002,0.11783600000000001,0.12523900000000002,0.11783600000000001,0.150648,0.231478,0.13439800000000002,0.30748600000000004,0.14039600000000002,0.10291600000000001,0.10135600000000002,0.12864200000000003,0.12315600000000002,0.05173300000000001,0.134088,0.04428300000000001,0.051403000000000004,0.045083000000000005,0.01498,0.040692000000000006,0.047969000000000005,0.03661300000000001,0.135156,0.12930200000000003,0.14594200000000002,0.13656200000000002,0.128116,0.12523900000000002,0.11783600000000001,0.125388,0.11783600000000002,0.14641200000000001,0.17603200000000002,0.12736200000000003,0.130969,0.393399,0.16181900000000002,0.15726900000000002,0.152053,0.100063,0.072493,0.164639,0.15901900000000002,0.188749,0.224819,0.11783600000000002,0.11783600000000001,0.12777600000000003,0.12305600000000003,0.10135600000000002,0.152126,0.192686,0.08487600000000001,0.096523,0.04673300000000001,0.16104300000000002,0.106953,0.142404,0.135304,0.191144,0.185964,0.13537600000000002,0.13690600000000003,0.129536,0.079763,0.04661300000000001,0.07115300000000001,0.04605300000000001,0.04605300000000001,0.06524300000000001,0.04605300000000001,0.05590300000000001,0.13851400000000003,0.129059,0.16522900000000001,0.161549,0.199409,0.127999,0.141599,0.01177,0.0,0.04757,0.06802,0.03331,0.03487,0.03773,0.0178,0.10135600000000002,0.10135600000000002,0.10135600000000002,0.101356,0.050002000000000005,0.04256200000000001,0.048512000000000007,0.062642,0.054262000000000005,0.05729200000000001,0.325659,0.35988899999999996,0.36255899999999996,0.186576,0.203056,0.251509,0.196429,0.11783600000000001,0.17339600000000002,0.12051193000000002,0.120506,0.18152500000000005,0.19800500000000004,0.150796,0.06839600000000001,0.150796,0.08487600000000001,0.10135600000000002,0.13431600000000002,0.13431600000000002,0.141719,0.128396,0.134318,0.07738900000000001,0.107709,0.086009,0.10176900000000001,0.10259900000000001,0.141719,0.158199,0.149319,0.15415600000000002,0.13740200000000002
ODO-0C-A153,0.194636,0.173146,0.24653599999999998,0.16592600000000002,0.135446,0.141886,0.21892599999999998,0.21598599999999998,0.145316,0.182586,0.227906,0.138406,0.138976,0.145426,0.186996,0.23176599999999997,0.328406,0.175856,0.20906200000000003,0.220782,0.227832,0.172942,0.170564,0.223504,0.213604,0.147794,0.146434,0.150134,0.226814,0.146324,0.146454,0.143162,0.145104,0.141262,0.145075,0.203776,0.145186,0.14311200000000002,0.143728,0.135446,0.135446,0.135446,0.142849,0.142849,0.142849,0.142849,0.148544,0.142849,0.135446,0.142849,0.135446,0.168258,0.24908799999999998,0.152008,0.325096,0.158006,0.120526,0.118966,0.146252,0.140766,0.069343,0.151698,0.061893000000000004,0.06901299999999999,0.062693,0.03259,0.058302,0.065579,0.054223,0.15276599999999999,0.146912,0.163552,0.154172,0.145726,0.142849,0.135446,0.14299800000000001,0.135446,0.164022,0.19364199999999998,0.144972,0.148579,0.41100899999999996,0.179429,0.174879,0.16966299999999998,0.11767299999999999,0.09010299999999999,0.182249,0.176629,0.206359,0.24242899999999998,0.135446,0.135446,0.14538600000000002,0.140666,0.118966,0.169736,0.21029599999999998,0.102486,0.11413299999999998,0.064343,0.178653,0.124563,0.160014,0.152914,0.208754,0.20357399999999998,0.152986,0.154516,0.147146,0.09737299999999999,0.064223,0.088763,0.063663,0.063663,0.082853,0.063663,0.073513,0.156124,0.146669,0.182839,0.179159,0.217019,0.145609,0.159209,0.05934,0.04757,0.0,0.08562999999999998,0.01426,0.01582,0.05534,0.03541,0.118966,0.118966,0.118966,0.11896599999999999,0.06761199999999999,0.060172,0.066122,0.08025199999999999,0.07187199999999999,0.074902,0.34326899999999994,0.3774989999999999,0.380169,0.20418599999999998,0.22066599999999997,0.269119,0.21403899999999998,0.135446,0.191006,0.13812193,0.138116,0.199135,0.21561500000000003,0.168406,0.086006,0.168406,0.102486,0.118966,0.151926,0.151926,0.159329,0.146006,0.151928,0.094999,0.12531899999999999,0.10361899999999999,0.119379,0.120209,0.159329,0.175809,0.166929,0.171766,0.155012
ODO-0C-A154,0.215086,0.193596,0.26698599999999995,0.186376,0.15589599999999998,0.16233599999999998,0.23937599999999998,0.23643599999999998,0.165766,0.203036,0.248356,0.158856,0.15942599999999998,0.165876,0.207446,0.252216,0.34885599999999994,0.19630599999999998,0.229512,0.241232,0.248282,0.193392,0.191014,0.243954,0.23405399999999998,0.168244,0.166884,0.170584,0.24726399999999998,0.166774,0.166904,0.163612,0.165554,0.161712,0.165525,0.22422599999999998,0.16563599999999998,0.16356199999999999,0.164178,0.15589599999999998,0.15589599999999998,0.15589599999999998,0.163299,0.163299,0.163299,0.163299,0.16899399999999998,0.163299,0.15589599999999998,0.163299,0.15589599999999998,0.188708,0.26953799999999994,0.172458,0.345546,0.178456,0.140976,0.13941599999999998,0.16670200000000002,0.16121599999999997,0.08979300000000001,0.172148,0.082343,0.089463,0.08314300000000001,0.05304,0.078752,0.08602900000000001,0.074673,0.17321599999999998,0.167362,0.184002,0.174622,0.166176,0.163299,0.15589599999999998,0.16344799999999998,0.155896,0.184472,0.214092,0.165422,0.16902899999999998,0.431459,0.199879,0.195329,0.190113,0.138123,0.11055300000000001,0.202699,0.197079,0.22680899999999998,0.262879,0.155896,0.15589599999999998,0.165836,0.161116,0.13941599999999998,0.190186,0.23074599999999998,0.12293599999999999,0.134583,0.08479300000000001,0.199103,0.145013,0.18046399999999999,0.173364,0.229204,0.22402399999999997,0.17343599999999998,0.17496599999999998,0.167596,0.11782300000000001,0.084673,0.109213,0.08411300000000001,0.08411300000000001,0.103303,0.08411300000000001,0.093963,0.176574,0.167119,0.203289,0.19960899999999998,0.23746899999999999,0.16605899999999998,0.17965899999999999,0.07979,0.06802,0.08562999999999998,0.0,0.07136999999999999,0.07293,0.07579,0.05586,0.13941599999999998,0.13941599999999998,0.13941599999999998,0.13941599999999998,0.088062,0.080622,0.08657200000000001,0.100702,0.092322,0.095352,0.36371899999999996,0.39794899999999994,0.40061899999999995,0.22463599999999997,0.24111599999999997,0.28956899999999997,0.23448899999999998,0.15589599999999998,0.211456,0.15857193,0.15856599999999998,0.21958500000000003,0.23606500000000002,0.188856,0.106456,0.188856,0.12293599999999999,0.13941599999999998,0.172376,0.172376,0.179779,0.166456,0.17237799999999998,0.115449,0.145769,0.124069,0.139829,0.140659,0.179779,0.196259,0.187379,0.192216,0.175462
ODO-0C-A53,0.180376,0.158886,0.23227599999999998,0.15166600000000002,0.12118600000000002,0.12762600000000002,0.204666,0.201726,0.131056,0.168326,0.213646,0.124146,0.124716,0.131166,0.172736,0.21750599999999998,0.314146,0.16159600000000002,0.19480200000000003,0.206522,0.213572,0.15868200000000002,0.156304,0.209244,0.199344,0.133534,0.132174,0.135874,0.212554,0.13206400000000001,0.132194,0.12890200000000002,0.13084400000000002,0.127002,0.13081500000000001,0.18951600000000002,0.13092600000000001,0.12885200000000002,0.129468,0.121186,0.121186,0.121186,0.128589,0.128589,0.128589,0.128589,0.13428400000000001,0.128589,0.121186,0.128589,0.121186,0.153998,0.23482799999999998,0.137748,0.310836,0.143746,0.106266,0.10470600000000001,0.131992,0.126506,0.055083,0.137438,0.047633,0.054752999999999996,0.048433,0.01833,0.044042,0.051319,0.039963,0.138506,0.132652,0.149292,0.139912,0.131466,0.128589,0.121186,0.12873800000000002,0.12118600000000002,0.149762,0.17938199999999999,0.130712,0.134319,0.396749,0.165169,0.160619,0.15540299999999999,0.10341299999999999,0.075843,0.167989,0.162369,0.192099,0.22816899999999998,0.12118600000000002,0.121186,0.13112600000000002,0.12640600000000002,0.10470600000000001,0.155476,0.196036,0.088226,0.09987299999999999,0.050083,0.164393,0.110303,0.145754,0.138654,0.194494,0.18931399999999998,0.13872600000000002,0.140256,0.132886,0.08311299999999999,0.049963,0.074503,0.049403,0.049403,0.068593,0.049403,0.059253,0.14186400000000002,0.132409,0.168579,0.16489900000000002,0.202759,0.131349,0.144949,0.045079999999999995,0.03331,0.01426,0.07136999999999999,0.0,0.00156,0.04108,0.02115,0.10470600000000001,0.10470600000000001,0.10470600000000001,0.104706,0.053352,0.045912,0.051862,0.065992,0.057612,0.060642,0.329009,0.363239,0.36590899999999993,0.18992599999999998,0.20640599999999998,0.25485899999999995,0.19977899999999998,0.121186,0.17674600000000001,0.12386193000000001,0.123856,0.184875,0.20135500000000003,0.154146,0.071746,0.154146,0.088226,0.10470600000000001,0.137666,0.137666,0.145069,0.131746,0.137668,0.080739,0.11105899999999999,0.089359,0.105119,0.105949,0.145069,0.161549,0.152669,0.157506,0.14075200000000002
ODO-0C-A54,0.18193600000000001,0.160446,0.233836,0.15322600000000003,0.12274600000000002,0.12918600000000002,0.206226,0.203286,0.132616,0.169886,0.215206,0.125706,0.126276,0.132726,0.174296,0.21906599999999998,0.315706,0.16315600000000002,0.19636200000000004,0.20808200000000002,0.21513200000000002,0.16024200000000002,0.157864,0.21080400000000002,0.200904,0.13509400000000002,0.13373400000000002,0.137434,0.214114,0.13362400000000002,0.133754,0.13046200000000002,0.13240400000000002,0.128562,0.13237500000000002,0.19107600000000002,0.13248600000000002,0.13041200000000003,0.131028,0.12274600000000001,0.12274600000000001,0.12274600000000001,0.13014900000000001,0.13014900000000001,0.13014900000000001,0.13014900000000001,0.13584400000000002,0.13014900000000001,0.12274600000000001,0.13014900000000001,0.12274600000000001,0.155558,0.236388,0.13930800000000002,0.312396,0.14530600000000002,0.107826,0.10626600000000001,0.133552,0.128066,0.056643,0.138998,0.049193,0.056312999999999995,0.049992999999999996,0.019889999999999998,0.045602,0.052878999999999995,0.041523,0.140066,0.134212,0.150852,0.14147200000000001,0.133026,0.13014900000000001,0.12274600000000001,0.13029800000000002,0.12274600000000002,0.151322,0.180942,0.132272,0.135879,0.398309,0.16672900000000002,0.16217900000000002,0.156963,0.104973,0.077403,0.169549,0.16392900000000002,0.193659,0.229729,0.12274600000000002,0.12274600000000001,0.13268600000000003,0.12796600000000002,0.10626600000000001,0.157036,0.197596,0.089786,0.101433,0.051643,0.16595300000000002,0.111863,0.147314,0.140214,0.196054,0.190874,0.14028600000000002,0.141816,0.134446,0.084673,0.051523,0.076063,0.050963,0.050963,0.07015300000000001,0.050963,0.060813,0.14342400000000002,0.133969,0.170139,0.16645900000000002,0.204319,0.132909,0.146509,0.046639999999999994,0.03487,0.01582,0.07293,0.00156,0.0,0.04264,0.022709999999999998,0.10626600000000001,0.10626600000000001,0.10626600000000001,0.106266,0.054911999999999996,0.047472,0.053422,0.067552,0.059171999999999995,0.062202,0.330569,0.364799,0.36746899999999993,0.191486,0.20796599999999998,0.25641899999999995,0.201339,0.12274600000000001,0.17830600000000002,0.12542193000000001,0.125416,0.18643500000000002,0.20291500000000004,0.155706,0.07330600000000001,0.155706,0.089786,0.10626600000000001,0.13922600000000002,0.13922600000000002,0.146629,0.133306,0.13922800000000002,0.08229900000000001,0.112619,0.090919,0.10667900000000001,0.10750900000000001,0.146629,0.163109,0.154229,0.159066,0.14231200000000002
ODO-1A-A151,0.18479600000000002,0.163306,0.236696,0.156086,0.12560600000000002,0.13204600000000002,0.209086,0.206146,0.135476,0.172746,0.218066,0.128566,0.129136,0.135586,0.177156,0.22192599999999998,0.318566,0.166016,0.199222,0.21094200000000002,0.21799200000000002,0.16310200000000002,0.160724,0.21366400000000002,0.203764,0.13795400000000002,0.13659400000000002,0.14029400000000003,0.216974,0.13648400000000002,0.136614,0.13332200000000002,0.13526400000000002,0.131422,0.13523500000000002,0.193936,0.13534600000000002,0.133272,0.133888,0.125606,0.125606,0.125606,0.13300900000000002,0.13300900000000002,0.13300900000000002,0.13300900000000002,0.138704,0.13300900000000002,0.125606,0.13300900000000002,0.125606,0.158418,0.239248,0.14216800000000002,0.315256,0.14816600000000002,0.110686,0.10912600000000001,0.13641200000000003,0.13092600000000001,0.05950300000000001,0.141858,0.05205300000000001,0.059173,0.052853000000000004,0.02275,0.048462000000000005,0.055739000000000004,0.044383000000000006,0.142926,0.13707200000000003,0.15371200000000002,0.14433200000000002,0.135886,0.13300900000000002,0.125606,0.133158,0.12560600000000002,0.154182,0.18380200000000002,0.13513200000000003,0.138739,0.401169,0.16958900000000002,0.16503900000000002,0.159823,0.107833,0.080263,0.172409,0.16678900000000002,0.196519,0.232589,0.12560600000000002,0.125606,0.13554600000000003,0.13082600000000003,0.10912600000000001,0.159896,0.200456,0.092646,0.104293,0.05450300000000001,0.16881300000000002,0.114723,0.150174,0.143074,0.198914,0.193734,0.14314600000000002,0.14467600000000003,0.137306,0.087533,0.05438300000000001,0.07892300000000001,0.05382300000000001,0.05382300000000001,0.07301300000000001,0.05382300000000001,0.06367300000000001,0.14628400000000003,0.136829,0.172999,0.169319,0.207179,0.135769,0.149369,0.0495,0.03773,0.05534,0.07579,0.04108,0.04264,0.0,0.02557,0.10912600000000001,0.10912600000000001,0.10912600000000001,0.109126,0.057772000000000004,0.05033200000000001,0.056282000000000006,0.070412,0.062032000000000004,0.06506200000000001,0.333429,0.36765899999999996,0.37032899999999996,0.194346,0.21082599999999999,0.259279,0.204199,0.125606,0.18116600000000002,0.12828193000000002,0.128276,0.18929500000000005,0.20577500000000004,0.158566,0.07616600000000001,0.158566,0.092646,0.10912600000000001,0.14208600000000002,0.14208600000000002,0.149489,0.136166,0.142088,0.08515900000000001,0.115479,0.093779,0.10953900000000001,0.11036900000000001,0.149489,0.165969,0.157089,0.16192600000000001,0.14517200000000002
ODO-1A-A51,0.164866,0.143376,0.216766,0.136156,0.10567599999999999,0.112116,0.189156,0.186216,0.11554600000000001,0.152816,0.198136,0.10863600000000001,0.109206,0.11565600000000001,0.157226,0.20199599999999998,0.298636,0.146086,0.179292,0.19101200000000002,0.19806200000000002,0.14317200000000002,0.140794,0.19373400000000002,0.183834,0.118024,0.116664,0.120364,0.197044,0.116554,0.11668400000000001,0.113392,0.115334,0.11149200000000001,0.115305,0.174006,0.11541599999999999,0.113342,0.113958,0.105676,0.105676,0.105676,0.11307900000000001,0.11307900000000001,0.11307900000000001,0.11307900000000001,0.118774,0.11307900000000001,0.105676,0.11307900000000001,0.105676,0.138488,0.21931799999999999,0.12223800000000001,0.295326,0.12823600000000002,0.090756,0.089196,0.116482,0.110996,0.039573000000000004,0.12192800000000001,0.032123000000000006,0.039243,0.032923,0.00282,0.028532000000000002,0.035809,0.024453000000000003,0.122996,0.117142,0.133782,0.12440200000000001,0.115956,0.11307900000000001,0.105676,0.113228,0.105676,0.134252,0.163872,0.115202,0.118809,0.381239,0.14965900000000001,0.14510900000000002,0.139893,0.087903,0.060333000000000005,0.152479,0.14685900000000002,0.176589,0.212659,0.105676,0.105676,0.11561600000000001,0.11089600000000001,0.089196,0.139966,0.180526,0.072716,0.084363,0.034573000000000007,0.14888300000000002,0.094793,0.130244,0.123144,0.178984,0.173804,0.12321599999999999,0.124746,0.117376,0.067603,0.034453000000000004,0.058993000000000004,0.033893000000000006,0.033893000000000006,0.053083000000000005,0.033893000000000006,0.043743000000000004,0.12635400000000002,0.116899,0.153069,0.149389,0.187249,0.115839,0.129439,0.02957,0.0178,0.03541,0.05586,0.02115,0.022709999999999998,0.02557,0.0,0.089196,0.089196,0.089196,0.089196,0.037842,0.030402000000000002,0.036352,0.050482,0.042102,0.045132000000000005,0.31349899999999997,0.34772899999999995,0.35039899999999996,0.174416,0.19089599999999998,0.23934899999999998,0.184269,0.105676,0.16123600000000002,0.10835193000000001,0.108346,0.16936500000000002,0.18584500000000004,0.138636,0.056236,0.138636,0.072716,0.089196,0.12215600000000001,0.12215600000000001,0.129559,0.116236,0.122158,0.06522900000000001,0.095549,0.073849,0.08960900000000001,0.090439,0.129559,0.146039,0.137159,0.141996,0.12524200000000002
PE1-BALZAY,0.09215000000000001,0.07066,0.14404999999999998,0.07992,0.049440000000000005,0.055880000000000006,0.11643999999999999,0.11349999999999999,0.04283,0.0801,0.12542,0.03592,0.03649,0.042940000000000006,0.08451,0.12927999999999998,0.22591999999999998,0.08985,0.099024,0.11074400000000001,0.11779399999999998,0.06290400000000002,0.060526,0.11346600000000001,0.10356599999999999,0.037756000000000005,0.036396000000000005,0.04009600000000001,0.11677599999999999,0.036286,0.036416000000000004,0.033124,0.035066,0.034696000000000005,0.035641000000000006,0.11777,0.05918,0.033678,0.041242,0.03296,0.03296,0.03296,0.040363,0.040363,0.040363,0.040363,0.046058,0.040363,0.03296,0.040363,0.03296,0.065772,0.14660199999999998,0.049522000000000004,0.22261,0.07200000000000001,0.03452,0.03296,0.039686,0.05476,0.079863,0.049212,0.072413,0.079533,0.073213,0.08637600000000001,0.068822,0.076099,0.064743,0.05028,0.04034600000000001,0.056986,0.047606,0.05972,0.040363,0.03296,0.03296,0.03296,0.054588000000000005,0.084208,0.035538,0.046093,0.308523,0.07694300000000001,0.07239300000000001,0.18018299999999998,0.128193,0.100623,0.079763,0.07414300000000001,0.103873,0.13994299999999998,0.01648,0.03296,0.05938000000000001,0.05466000000000001,0.03296,0.08373,0.12428999999999998,0.01648,0.124653,0.074863,0.18917299999999998,0.135083,0.057528,0.050428,0.106268,0.10108799999999998,0.06698000000000001,0.06851,0.06114,0.107893,0.074743,0.099283,0.074183,0.074183,0.093373,0.074183,0.084033,0.046086,0.044183,0.08035300000000001,0.076673,0.114533,0.043123,0.056723,0.11312600000000002,0.10135600000000002,0.118966,0.13941599999999998,0.10470600000000001,0.10626600000000001,0.10912600000000001,0.089196,0.0,0.03296,0.01648,0.01648,0.07813200000000001,0.070692,0.076642,0.090772,0.082392,0.085422,0.24078299999999997,0.27501299999999995,0.27768299999999996,0.10169999999999998,0.11817999999999998,0.16663299999999998,0.11155299999999999,0.03296,0.08852000000000002,0.03563593,0.03563,0.089701,0.106181,0.06592,0.03296,0.06592,0.03296,0.03296,0.049440000000000005,0.049440000000000005,0.056843000000000005,0.060000000000000005,0.049442,0.105519,0.13583900000000002,0.114139,0.129899,0.13072899999999998,0.056843000000000005,0.073323,0.064443,0.06928000000000001,0.048446
PE1-CENTRAL,0.09215000000000001,0.07066,0.14404999999999998,0.06344,0.03296,0.039400000000000004,0.11643999999999999,0.11349999999999999,0.04283,0.0801,0.12542,0.03592,0.03649,0.042940000000000006,0.08451,0.12927999999999998,0.22591999999999998,0.07336999999999999,0.106576,0.11829600000000001,0.12534599999999999,0.070456,0.068078,0.12101800000000001,0.111118,0.045308,0.043948,0.047648,0.124328,0.043838,0.04396800000000001,0.040676000000000004,0.042618,0.038776000000000005,0.042589,0.10128999999999999,0.0427,0.040626,0.041242,0.03296,0.03296,0.03296,0.03296,0.03296,0.03296,0.03296,0.040405,0.03296,0.03296,0.03296,0.03296,0.065772,0.14660199999999998,0.049522000000000004,0.22261,0.07200000000000001,0.03452,0.03296,0.043766,0.03828,0.079863,0.049212,0.072413,0.079533,0.073213,0.08637600000000001,0.068822,0.076099,0.064743,0.05028,0.04442600000000001,0.061066,0.051686,0.04324,0.03296,0.03296,0.040512000000000006,0.03296,0.061536,0.09115599999999999,0.042486,0.03869,0.30112,0.06954,0.06499,0.18018299999999998,0.128193,0.100623,0.07236000000000001,0.06674000000000001,0.09647,0.13254,0.03296,0.01648,0.05938000000000001,0.05466000000000001,0.03296,0.08373,0.12428999999999998,0.01648,0.124653,0.074863,0.18917299999999998,0.135083,0.051875000000000004,0.044775,0.10061499999999998,0.09543499999999999,0.0505,0.05203,0.044660000000000005,0.107893,0.074743,0.099283,0.074183,0.074183,0.093373,0.074183,0.084033,0.053638000000000005,0.03678000000000001,0.07295000000000001,0.06927,0.10713,0.03572,0.04932,0.11312600000000002,0.10135600000000002,0.118966,0.13941599999999998,0.10470600000000001,0.10626600000000001,0.10912600000000001,0.089196,0.03296,0.0,0.01648,0.01648,0.07813200000000001,0.070692,0.076642,0.090772,0.082392,0.085422,0.23337999999999998,0.26760999999999996,0.27027999999999996,0.10169999999999998,0.11817999999999998,0.15922999999999998,0.10414999999999999,0.03296,0.08852000000000002,0.03563593,0.03563,0.09664900000000001,0.11312900000000001,0.06592,0.03296,0.06592,0.03296,0.01648,0.049440000000000005,0.049440000000000005,0.049440000000000005,0.04352,0.049442,0.105519,0.13583900000000002,0.114139,0.129899,0.13072899999999998,0.049440000000000005,0.06592,0.05704000000000001,0.06928000000000001,0.052526
PE2-BALZAY,0.10863,0.08714,0.16052999999999998,0.07992,0.049440000000000005,0.055880000000000006,0.13291999999999998,0.12997999999999998,0.05931,0.09658,0.1419,0.0524,0.05297,0.05942000000000001,0.10099,0.14575999999999997,0.24239999999999998,0.08985,0.09009600000000001,0.10181600000000002,0.10886599999999999,0.053976,0.051598,0.10453800000000002,0.094638,0.028828,0.027468,0.031168,0.107848,0.027358,0.027488000000000002,0.024196000000000002,0.026138,0.022296000000000003,0.026109,0.11777,0.05918,0.024146,0.057722,0.049440000000000005,0.049440000000000005,0.049440000000000005,0.049440000000000005,0.049440000000000005,0.049440000000000005,0.049440000000000005,0.056885000000000005,0.049440000000000005,0.049440000000000005,0.049440000000000005,0.049440000000000005,0.08225199999999999,0.16308199999999998,0.066002,0.23909,0.07200000000000001,0.03452,0.03296,0.027286,0.05476,0.079863,0.065692,0.072413,0.079533,0.073213,0.08637600000000001,0.068822,0.076099,0.064743,0.06676,0.027946000000000002,0.044586,0.035206,0.05972,0.049440000000000005,0.049440000000000005,0.024032,0.01648,0.045056,0.07467599999999999,0.026006,0.055170000000000004,0.3176,0.08602000000000001,0.08147000000000001,0.18018299999999998,0.128193,0.100623,0.08884,0.08322000000000002,0.11295,0.14901999999999999,0.01648,0.03296,0.05938000000000001,0.05466000000000001,0.03296,0.08373,0.12428999999999998,0.01648,0.124653,0.074863,0.18917299999999998,0.135083,0.068355,0.061255000000000004,0.11709499999999998,0.11191499999999999,0.06698000000000001,0.06851,0.06114,0.107893,0.074743,0.099283,0.074183,0.074183,0.093373,0.074183,0.084033,0.037158000000000004,0.05326,0.08943000000000001,0.08574999999999999,0.12361,0.0522,0.0658,0.11312600000000002,0.10135600000000002,0.118966,0.13941599999999998,0.10470600000000001,0.10626600000000001,0.10912600000000001,0.089196,0.01648,0.01648,0.0,0.03296,0.07813200000000001,0.070692,0.076642,0.090772,0.082392,0.085422,0.24985999999999997,0.28408999999999995,0.28675999999999996,0.11817999999999998,0.13465999999999997,0.17570999999999998,0.12062999999999999,0.049440000000000005,0.10500000000000001,0.052115930000000005,0.052110000000000004,0.08016900000000002,0.09664900000000001,0.049440000000000005,0.03296,0.049440000000000005,0.049440000000000005,0.03296,0.03296,0.06592,0.06592,0.060000000000000005,0.06592200000000001,0.105519,0.13583900000000002,0.114139,0.129899,0.13072899999999998,0.06592,0.0824,0.07352,0.08576,0.036046
PE2-CENTRAL,0.07567,0.054180000000000006,0.12757,0.07992,0.049440000000000005,0.055880000000000006,0.09996,0.09702,0.02635,0.06362000000000001,0.10894000000000001,0.019440000000000002,0.02001,0.026460000000000004,0.06803000000000001,0.11279999999999998,0.20944,0.08985,0.115504,0.127224,0.13427399999999998,0.07938400000000001,0.077006,0.129946,0.12004599999999999,0.054236000000000006,0.052876000000000006,0.05657600000000001,0.13325599999999999,0.052766,0.052896000000000006,0.049604,0.051546,0.051176000000000006,0.05212100000000001,0.11777,0.05918,0.050158,0.024762,0.01648,0.01648,0.01648,0.023883,0.023883,0.023883,0.023883,0.029578,0.023883,0.01648,0.023883,0.01648,0.049292,0.130122,0.033042,0.20613,0.07200000000000001,0.03452,0.03296,0.056166,0.05476,0.07986299999999999,0.032732,0.072413,0.07953299999999999,0.073213,0.08637600000000001,0.068822,0.076099,0.064743,0.0338,0.05682600000000001,0.073466,0.064086,0.05972,0.023883,0.01648,0.049440000000000005,0.049440000000000005,0.071068,0.100688,0.052018,0.029613,0.292043,0.060463,0.055913000000000004,0.18018299999999998,0.12819299999999997,0.10062299999999999,0.063283,0.057663000000000006,0.087393,0.12346299999999999,0.03296,0.01648,0.05938000000000001,0.05466000000000001,0.03296,0.08373,0.12428999999999998,0.01648,0.12465299999999999,0.074863,0.18917299999999998,0.13508299999999998,0.041048,0.033948,0.089788,0.08460799999999999,0.06698000000000001,0.06851,0.06114,0.10789299999999999,0.074743,0.09928299999999998,0.074183,0.074183,0.09337299999999998,0.074183,0.084033,0.06256600000000001,0.027703000000000002,0.06387300000000001,0.060193,0.098053,0.026643,0.040243,0.113126,0.101356,0.11896599999999999,0.13941599999999998,0.104706,0.106266,0.109126,0.089196,0.01648,0.01648,0.03296,0.0,0.07813200000000001,0.070692,0.076642,0.09077199999999999,0.08239199999999999,0.085422,0.22430299999999997,0.25853299999999996,0.26120299999999996,0.08521999999999999,0.10169999999999998,0.15015299999999998,0.09507299999999999,0.01648,0.07204,0.01915593,0.01915,0.106181,0.12266099999999999,0.049440000000000005,0.03296,0.056843000000000005,0.01648,0.03296,0.06592,0.03296,0.040363,0.060000000000000005,0.032962,0.105519,0.135839,0.11413899999999999,0.129899,0.13072899999999998,0.040363,0.056843000000000005,0.047963000000000006,0.0528,0.06492600000000001
POS-0A-A131,0.153802,0.132312,0.205702,0.125092,0.094612,0.101052,0.17809199999999997,0.17515199999999997,0.104482,0.141752,0.18707200000000002,0.097572,0.09814200000000001,0.10459200000000002,0.14616200000000001,0.190932,0.287572,0.135022,0.16822800000000002,0.179948,0.186998,0.132108,0.12973,0.18267,0.17276999999999998,0.10696,0.1056,0.10930000000000001,0.18597999999999998,0.10549,0.10562,0.102328,0.10427,0.10042800000000002,0.104241,0.162942,0.104352,0.10227800000000001,0.10289400000000001,0.094612,0.094612,0.094612,0.10201500000000001,0.10201500000000001,0.10201500000000001,0.10201500000000001,0.10771,0.10201500000000001,0.094612,0.10201500000000001,0.094612,0.127424,0.208254,0.11117400000000001,0.284262,0.11717200000000001,0.07969200000000001,0.07813200000000001,0.10541800000000001,0.099932,0.028509000000000003,0.110864,0.021059,0.028179000000000003,0.021859000000000003,0.035022000000000005,0.00931,0.024745000000000003,0.013389000000000002,0.111932,0.106078,0.12271800000000001,0.11333800000000001,0.10489200000000001,0.10201500000000001,0.094612,0.102164,0.094612,0.123188,0.152808,0.10413800000000001,0.10774500000000001,0.370175,0.13859500000000002,0.13404500000000003,0.128829,0.07683899999999999,0.04926900000000001,0.141415,0.135795,0.165525,0.20159499999999997,0.094612,0.094612,0.104552,0.099832,0.07813200000000001,0.12890200000000002,0.169462,0.061652000000000005,0.073299,0.023509000000000002,0.137819,0.083729,0.11918000000000001,0.11208,0.16792,0.16274,0.112152,0.113682,0.106312,0.056539000000000006,0.023389,0.047929,0.022829000000000002,0.022829000000000002,0.042019,0.022829000000000002,0.032679,0.11529000000000002,0.10583500000000001,0.142005,0.138325,0.17618499999999998,0.10477500000000001,0.11837500000000001,0.06177200000000001,0.050002000000000005,0.06761199999999999,0.088062,0.053352,0.054911999999999996,0.057772000000000004,0.037842,0.07813200000000001,0.07813200000000001,0.07813200000000001,0.07813200000000001,0.0,0.01118,0.01713,0.03126,0.02288,0.025910000000000002,0.30243499999999995,0.33666499999999994,0.33933499999999994,0.163352,0.179832,0.22828499999999996,0.173205,0.094612,0.15017200000000003,0.09728793000000001,0.09728200000000001,0.15830100000000003,0.17478100000000002,0.12757200000000002,0.045172000000000004,0.12757200000000002,0.061652000000000005,0.07813200000000001,0.11109200000000001,0.11109200000000001,0.118495,0.10517200000000002,0.111094,0.054165000000000005,0.08448499999999999,0.062785,0.078545,0.079375,0.118495,0.134975,0.126095,0.130932,0.11417800000000002
POS-0A-A31,0.146362,0.12487200000000001,0.198262,0.117652,0.087172,0.093612,0.17065199999999997,0.16771199999999997,0.097042,0.134312,0.17963200000000001,0.090132,0.090702,0.09715200000000002,0.138722,0.183492,0.280132,0.127582,0.16078800000000001,0.172508,0.179558,0.12466800000000001,0.12229,0.17523,0.16532999999999998,0.09952,0.09816,0.10186,0.17853999999999998,0.09805,0.09818,0.094888,0.09683,0.09298800000000002,0.096801,0.155502,0.096912,0.094838,0.09545400000000001,0.087172,0.087172,0.087172,0.094575,0.094575,0.094575,0.094575,0.10027,0.094575,0.087172,0.094575,0.087172,0.11998400000000001,0.200814,0.103734,0.276822,0.10973200000000001,0.07225200000000001,0.070692,0.09797800000000001,0.092492,0.021069,0.103424,0.013619000000000001,0.020739,0.014419000000000001,0.027582000000000002,0.0018700000000000001,0.017305,0.005949,0.104492,0.098638,0.115278,0.105898,0.09745200000000001,0.094575,0.087172,0.094724,0.087172,0.115748,0.145368,0.096698,0.100305,0.362735,0.13115500000000002,0.12660500000000002,0.121389,0.06939899999999999,0.041829000000000005,0.133975,0.128355,0.158085,0.19415499999999997,0.087172,0.087172,0.097112,0.092392,0.070692,0.121462,0.162022,0.054212,0.065859,0.016069,0.130379,0.076289,0.11174,0.10464,0.16048,0.1553,0.104712,0.106242,0.098872,0.049099000000000004,0.015949,0.040489000000000004,0.015389,0.015389,0.034579,0.015389,0.025238999999999998,0.10785000000000002,0.09839500000000001,0.134565,0.130885,0.16874499999999998,0.097335,0.110935,0.054332000000000005,0.04256200000000001,0.060172,0.080622,0.045912,0.047472,0.05033200000000001,0.030402000000000002,0.070692,0.070692,0.070692,0.070692,0.01118,0.0,0.00969,0.02382,0.01544,0.01847,0.29499499999999995,0.32922499999999993,0.33189499999999994,0.155912,0.172392,0.22084499999999996,0.165765,0.087172,0.14273200000000003,0.08984793,0.089842,0.15086100000000002,0.16734100000000002,0.12013200000000002,0.037732,0.12013200000000002,0.054212,0.070692,0.10365200000000001,0.10365200000000001,0.111055,0.09773200000000001,0.103654,0.046725,0.077045,0.055345,0.071105,0.071935,0.111055,0.127535,0.118655,0.123492,0.10673800000000001
POS-1B-A32,0.152312,0.130822,0.20421199999999998,0.123602,0.09312200000000001,0.09956200000000001,0.17660199999999998,0.17366199999999998,0.102992,0.140262,0.185582,0.096082,0.096652,0.103102,0.144672,0.18944199999999997,0.286082,0.13353199999999998,0.166738,0.178458,0.185508,0.130618,0.12824,0.18118,0.17128,0.10547000000000001,0.10411000000000001,0.10781,0.18449,0.10400000000000001,0.10413,0.10083800000000001,0.10278000000000001,0.098938,0.10275100000000001,0.16145199999999998,0.10286200000000001,0.100788,0.101404,0.09312200000000001,0.09312200000000001,0.09312200000000001,0.100525,0.100525,0.100525,0.100525,0.10622000000000001,0.100525,0.09312200000000001,0.100525,0.09312200000000001,0.125934,0.20676399999999998,0.109684,0.282772,0.11568200000000001,0.078202,0.076642,0.103928,0.098442,0.027019,0.109374,0.019569,0.026689,0.020368999999999998,0.033532000000000006,0.00782,0.023254999999999998,0.011899,0.110442,0.104588,0.121228,0.111848,0.103402,0.100525,0.09312200000000001,0.100674,0.09312200000000001,0.121698,0.151318,0.102648,0.106255,0.368685,0.137105,0.132555,0.127339,0.075349,0.047779,0.139925,0.134305,0.164035,0.20010499999999998,0.09312200000000001,0.09312200000000001,0.10306200000000001,0.09834200000000001,0.076642,0.127412,0.16797199999999998,0.060162,0.071809,0.022019,0.136329,0.082239,0.11769,0.11059,0.16643,0.16124999999999998,0.11066200000000001,0.112192,0.104822,0.055049,0.021899000000000002,0.046439,0.021339,0.021339,0.040528999999999996,0.021339,0.031188999999999998,0.11380000000000001,0.104345,0.140515,0.136835,0.174695,0.103285,0.116885,0.060282,0.048512000000000007,0.066122,0.08657200000000001,0.051862,0.053422,0.056282000000000006,0.036352,0.076642,0.076642,0.076642,0.076642,0.01713,0.00969,0.0,0.029769999999999998,0.02139,0.02442,0.30094499999999996,0.33517499999999995,0.33784499999999995,0.16186199999999998,0.17834199999999997,0.22679499999999997,0.17171499999999998,0.09312200000000001,0.148682,0.09579793,0.095792,0.15681100000000003,0.17329100000000003,0.126082,0.043682,0.126082,0.060162,0.076642,0.109602,0.109602,0.117005,0.103682,0.10960400000000001,0.052675,0.082995,0.061294999999999995,0.07705500000000001,0.07788500000000001,0.117005,0.133485,0.124605,0.129442,0.11268800000000001
POS-2C-A133,0.166442,0.144952,0.21834199999999998,0.13773200000000002,0.10725200000000001,0.11369200000000002,0.19073199999999998,0.187792,0.117122,0.154392,0.199712,0.110212,0.11078199999999999,0.117232,0.158802,0.20357199999999998,0.300212,0.14766200000000002,0.18086800000000003,0.192588,0.199638,0.14474800000000002,0.14237,0.19531,0.18541,0.11960000000000001,0.11824000000000001,0.12194,0.19862,0.11813000000000001,0.11826,0.11496800000000001,0.11691000000000001,0.113068,0.11688100000000001,0.17558200000000002,0.11699200000000001,0.114918,0.115534,0.107252,0.107252,0.107252,0.114655,0.114655,0.114655,0.114655,0.12035,0.114655,0.107252,0.114655,0.107252,0.140064,0.22089399999999998,0.12381400000000001,0.296902,0.129812,0.092332,0.090772,0.11805800000000001,0.112572,0.041149000000000005,0.123504,0.033699,0.040819,0.034499,0.047662,0.02195,0.037385,0.026029000000000004,0.12457199999999999,0.118718,0.135358,0.125978,0.117532,0.114655,0.107252,0.114804,0.10725200000000001,0.135828,0.16544799999999998,0.116778,0.12038499999999999,0.382815,0.151235,0.146685,0.14146899999999998,0.08947899999999999,0.061909000000000006,0.154055,0.148435,0.178165,0.21423499999999998,0.10725200000000001,0.107252,0.11719200000000002,0.11247200000000002,0.090772,0.141542,0.18210199999999999,0.074292,0.085939,0.036149,0.150459,0.096369,0.13182,0.12472,0.18056,0.17537999999999998,0.12479200000000001,0.126322,0.118952,0.069179,0.036029,0.060569,0.035469,0.035469,0.054659,0.035469,0.045319,0.12793000000000002,0.118475,0.154645,0.15096500000000002,0.188825,0.11741499999999999,0.131015,0.074412,0.062642,0.08025199999999999,0.100702,0.065992,0.067552,0.070412,0.050482,0.090772,0.090772,0.090772,0.09077199999999999,0.03126,0.02382,0.029769999999999998,0.0,0.00838,0.03855,0.315075,0.349305,0.3519749999999999,0.17599199999999998,0.19247199999999998,0.24092499999999997,0.18584499999999998,0.107252,0.162812,0.10992793000000001,0.10992199999999999,0.170941,0.18742100000000003,0.140212,0.057812,0.140212,0.074292,0.090772,0.12373200000000001,0.12373200000000001,0.131135,0.117812,0.123734,0.066805,0.09712499999999999,0.07542499999999999,0.091185,0.092015,0.131135,0.147615,0.138735,0.143572,0.12681800000000001
POS-2C-A33,0.158062,0.136572,0.20996199999999998,0.12935200000000002,0.09887200000000002,0.10531200000000002,0.182352,0.179412,0.108742,0.146012,0.191332,0.101832,0.10240199999999999,0.108852,0.150422,0.19519199999999998,0.291832,0.13928200000000002,0.17248800000000003,0.184208,0.191258,0.13636800000000002,0.13399,0.18693,0.17703,0.11122000000000001,0.10986000000000001,0.11356000000000001,0.19024,0.10975000000000001,0.10988,0.10658800000000002,0.10853000000000002,0.104688,0.10850100000000001,0.16720200000000002,0.10861200000000001,0.10653800000000001,0.107154,0.098872,0.098872,0.098872,0.10627500000000001,0.10627500000000001,0.10627500000000001,0.10627500000000001,0.11197,0.10627500000000001,0.098872,0.10627500000000001,0.098872,0.131684,0.21251399999999998,0.11543400000000001,0.288522,0.12143200000000001,0.083952,0.082392,0.10967800000000001,0.104192,0.032769000000000006,0.115124,0.025319,0.032439,0.026119000000000003,0.039282000000000004,0.01357,0.029005000000000003,0.017649,0.11619199999999999,0.110338,0.126978,0.11759800000000001,0.109152,0.10627500000000001,0.098872,0.106424,0.09887200000000002,0.127448,0.15706799999999999,0.10839800000000001,0.112005,0.37443499999999996,0.142855,0.138305,0.13308899999999999,0.08109899999999999,0.05352900000000001,0.145675,0.140055,0.169785,0.20585499999999998,0.09887200000000002,0.098872,0.10881200000000002,0.10409200000000002,0.082392,0.133162,0.173722,0.065912,0.077559,0.027769000000000002,0.142079,0.087989,0.12344,0.11634,0.17218,0.16699999999999998,0.11641200000000002,0.117942,0.110572,0.060799000000000006,0.027649,0.052189,0.027089000000000002,0.027089000000000002,0.046279,0.027089000000000002,0.036939,0.11955000000000002,0.110095,0.146265,0.14258500000000002,0.180445,0.10903499999999999,0.122635,0.06603200000000001,0.054262000000000005,0.07187199999999999,0.092322,0.057612,0.059171999999999995,0.062032000000000004,0.042102,0.082392,0.082392,0.082392,0.08239199999999999,0.02288,0.01544,0.02139,0.00838,0.0,0.030170000000000002,0.30669499999999994,0.3409249999999999,0.343595,0.16761199999999998,0.18409199999999998,0.23254499999999997,0.17746499999999998,0.098872,0.154432,0.10154793000000001,0.101542,0.162561,0.17904100000000003,0.131832,0.049432000000000004,0.131832,0.065912,0.082392,0.11535200000000001,0.11535200000000001,0.122755,0.109432,0.115354,0.058425000000000005,0.08874499999999999,0.067045,0.082805,0.083635,0.122755,0.139235,0.130355,0.135192,0.11843800000000002
POSLAB-0D-A34,0.161092,0.139602,0.212992,0.132382,0.10190199999999999,0.108342,0.185382,0.182442,0.111772,0.149042,0.19436199999999998,0.104862,0.105432,0.11188200000000001,0.15345199999999998,0.19822199999999998,0.29486199999999996,0.142312,0.175518,0.18723800000000002,0.19428800000000002,0.13939800000000002,0.13701999999999998,0.18996000000000002,0.18006,0.11424999999999999,0.11288999999999999,0.11659,0.19327,0.11277999999999999,0.11291,0.109618,0.11155999999999999,0.10771800000000001,0.11153099999999999,0.170232,0.11164199999999999,0.109568,0.110184,0.10190199999999999,0.10190199999999999,0.10190199999999999,0.109305,0.109305,0.109305,0.109305,0.115,0.109305,0.10190199999999999,0.109305,0.10190199999999999,0.134714,0.21554399999999999,0.118464,0.29155200000000003,0.124462,0.086982,0.085422,0.112708,0.107222,0.035799,0.118154,0.028349,0.035469,0.029149,0.042312,0.0166,0.032035,0.020679,0.119222,0.113368,0.130008,0.120628,0.112182,0.109305,0.10190199999999999,0.109454,0.10190199999999999,0.13047799999999998,0.160098,0.111428,0.115035,0.377465,0.145885,0.141335,0.136119,0.084129,0.056559,0.14870499999999998,0.14308500000000002,0.172815,0.208885,0.10190199999999999,0.10190199999999999,0.111842,0.107122,0.085422,0.13619199999999998,0.17675199999999996,0.068942,0.080589,0.030799,0.14510900000000002,0.091019,0.12647,0.11936999999999999,0.17520999999999998,0.17003,0.11944199999999999,0.120972,0.113602,0.063829,0.030678999999999998,0.055219000000000004,0.030119,0.030119,0.049309,0.030119,0.039969,0.12258000000000001,0.113125,0.149295,0.145615,0.183475,0.112065,0.125665,0.06906200000000001,0.05729200000000001,0.074902,0.095352,0.060642,0.062202,0.06506200000000001,0.045132000000000005,0.085422,0.085422,0.085422,0.085422,0.025910000000000002,0.01847,0.02442,0.03855,0.030170000000000002,0.0,0.309725,0.34395499999999996,0.34662499999999996,0.170642,0.18712199999999998,0.23557499999999998,0.180495,0.10190199999999999,0.157462,0.10457793,0.104572,0.16559100000000002,0.18207100000000004,0.134862,0.052461999999999995,0.134862,0.068942,0.085422,0.118382,0.118382,0.12578499999999998,0.112462,0.118384,0.061454999999999996,0.091775,0.070075,0.08583500000000001,0.086665,0.12578499999999998,0.14226499999999997,0.13338499999999998,0.138222,0.121468
POST-1A-A64,0.267013,0.245523,0.318913,0.29682,0.26633999999999997,0.27277999999999997,0.291303,0.288363,0.21769299999999997,0.254963,0.30028299999999997,0.21078299999999997,0.21135299999999999,0.21780299999999997,0.25937299999999996,0.30414299999999994,0.400783,0.30674999999999997,0.315924,0.327644,0.33469399999999994,0.279804,0.277426,0.330366,0.320466,0.254656,0.25329599999999997,0.256996,0.333676,0.25318599999999997,0.253316,0.25002399999999997,0.25196599999999997,0.251596,0.252541,0.33466999999999997,0.27608,0.25057799999999997,0.21051299999999998,0.20782299999999998,0.20782299999999998,0.20782299999999998,0.20042,0.20042,0.20042,0.20042,0.207865,0.20042,0.20782299999999998,0.20042,0.20782299999999998,0.235043,0.31587299999999996,0.218793,0.39747299999999997,0.296303,0.25882299999999997,0.25726299999999996,0.256586,0.27165999999999996,0.30416599999999994,0.21848299999999998,0.296716,0.303836,0.29751599999999995,0.310679,0.29312499999999997,0.30040199999999995,0.28904599999999997,0.22514299999999998,0.257246,0.27388599999999996,0.26450599999999996,0.27662,0.20042,0.20782299999999998,0.24985999999999997,0.24985999999999997,0.271488,0.301108,0.252438,0.20615,0.46858,0.237,0.23245,0.40448599999999996,0.3524959999999999,0.32492599999999994,0.23981999999999998,0.2342,0.26393,0.3,0.23337999999999998,0.21689999999999998,0.28368299999999996,0.27896299999999996,0.25726299999999996,0.308033,0.34859299999999993,0.24078299999999997,0.34895599999999993,0.29916599999999993,0.41347599999999995,0.359386,0.219335,0.21223499999999998,0.26807499999999995,0.262895,0.28387999999999997,0.28540999999999994,0.27803999999999995,0.33219599999999994,0.299046,0.32358599999999993,0.298486,0.298486,0.31767599999999996,0.298486,0.30833599999999994,0.262986,0.20423999999999998,0.24040999999999998,0.23673,0.27459,0.20318,0.21677999999999997,0.337429,0.325659,0.34326899999999994,0.36371899999999996,0.329009,0.330569,0.333429,0.31349899999999997,0.24078299999999997,0.23337999999999998,0.24985999999999997,0.22430299999999997,0.30243499999999995,0.29499499999999995,0.30094499999999996,0.315075,0.30669499999999994,0.309725,0.0,0.03423,0.036899999999999995,0.276563,0.29304299999999994,0.32669,0.27161,0.20782299999999998,0.263383,0.21049892999999997,0.21049299999999999,0.306601,0.323081,0.24078299999999997,0.25726299999999996,0.23337999999999998,0.24078299999999997,0.24985999999999997,0.24985999999999997,0.22430299999999997,0.21689999999999998,0.2769,0.218713,0.32982199999999995,0.36014199999999996,0.33844199999999997,0.35420199999999996,0.35503199999999996,0.21689999999999998,0.23337999999999998,0.22449999999999998,0.24414299999999997,0.26534599999999997
POST-1A-A65,0.301243,0.279753,0.353143,0.33104999999999996,0.30056999999999995,0.30700999999999995,0.32553299999999996,0.32259299999999996,0.25192299999999995,0.289193,0.33451299999999995,0.24501299999999995,0.24558299999999997,0.25203299999999995,0.29360299999999995,0.3383729999999999,0.435013,0.34097999999999995,0.35015399999999997,0.361874,0.3689239999999999,0.314034,0.311656,0.364596,0.35469599999999996,0.288886,0.28752599999999995,0.291226,0.36790599999999996,0.28741599999999995,0.28754599999999997,0.28425399999999995,0.28619599999999995,0.28582599999999997,0.286771,0.36889999999999995,0.31031,0.28480799999999995,0.244743,0.24205299999999996,0.24205299999999996,0.24205299999999996,0.23464999999999997,0.23464999999999997,0.23464999999999997,0.23464999999999997,0.242095,0.23464999999999997,0.24205299999999996,0.23464999999999997,0.24205299999999996,0.269273,0.35010299999999994,0.253023,0.43170299999999995,0.33053299999999997,0.29305299999999995,0.29149299999999995,0.29081599999999996,0.30588999999999994,0.3383959999999999,0.25271299999999997,0.33094599999999996,0.338066,0.33174599999999993,0.34490899999999997,0.32735499999999995,0.33463199999999993,0.32327599999999995,0.25937299999999996,0.29147599999999996,0.30811599999999995,0.29873599999999995,0.31084999999999996,0.23464999999999997,0.24205299999999996,0.28408999999999995,0.28408999999999995,0.305718,0.33533799999999997,0.286668,0.24037999999999998,0.50281,0.27122999999999997,0.26668,0.43871599999999994,0.3867259999999999,0.3591559999999999,0.27404999999999996,0.26843,0.29816,0.33422999999999997,0.26760999999999996,0.25112999999999996,0.31791299999999995,0.31319299999999994,0.29149299999999995,0.342263,0.3828229999999999,0.27501299999999995,0.3831859999999999,0.3333959999999999,0.44770599999999994,0.39361599999999997,0.253565,0.246465,0.30230499999999993,0.297125,0.31810999999999995,0.3196399999999999,0.31226999999999994,0.3664259999999999,0.33327599999999996,0.3578159999999999,0.33271599999999996,0.33271599999999996,0.35190599999999994,0.33271599999999996,0.3425659999999999,0.297216,0.23846999999999996,0.27464,0.27096,0.30882,0.23741,0.25100999999999996,0.37165899999999996,0.35988899999999996,0.3774989999999999,0.39794899999999994,0.363239,0.364799,0.36765899999999996,0.34772899999999995,0.27501299999999995,0.26760999999999996,0.28408999999999995,0.25853299999999996,0.33666499999999994,0.32922499999999993,0.33517499999999995,0.349305,0.3409249999999999,0.34395499999999996,0.03423,0.0,0.00267,0.310793,0.3272729999999999,0.36091999999999996,0.30584,0.24205299999999996,0.29761299999999996,0.24472892999999996,0.24472299999999997,0.340831,0.357311,0.27501299999999995,0.29149299999999995,0.26760999999999996,0.27501299999999995,0.28408999999999995,0.28408999999999995,0.25853299999999996,0.25112999999999996,0.31112999999999996,0.252943,0.36405199999999993,0.39437199999999994,0.37267199999999995,0.38843199999999994,0.38926199999999994,0.25112999999999996,0.26760999999999996,0.25872999999999996,0.278373,0.29957599999999995
POST-2A-A66,0.303913,0.282423,0.35581299999999993,0.33371999999999996,0.30323999999999995,0.30967999999999996,0.32820299999999997,0.32526299999999997,0.25459299999999996,0.291863,0.33718299999999995,0.24768299999999996,0.24825299999999997,0.25470299999999996,0.29627299999999995,0.34104299999999993,0.43768299999999993,0.34364999999999996,0.35282399999999997,0.364544,0.3715939999999999,0.316704,0.314326,0.367266,0.35736599999999996,0.291556,0.29019599999999995,0.293896,0.37057599999999996,0.29008599999999996,0.290216,0.28692399999999996,0.28886599999999996,0.288496,0.289441,0.37156999999999996,0.31298,0.28747799999999996,0.247413,0.24472299999999997,0.24472299999999997,0.24472299999999997,0.23731999999999998,0.23731999999999998,0.23731999999999998,0.23731999999999998,0.244765,0.23731999999999998,0.24472299999999997,0.23731999999999998,0.24472299999999997,0.271943,0.35277299999999995,0.255693,0.43437299999999995,0.33320299999999997,0.29572299999999996,0.29416299999999995,0.29348599999999997,0.30855999999999995,0.341066,0.25538299999999997,0.33361599999999997,0.34073599999999993,0.33441599999999994,0.34757899999999997,0.33002499999999996,0.33730199999999994,0.32594599999999996,0.26204299999999997,0.29414599999999996,0.31078599999999995,0.30140599999999995,0.31351999999999997,0.23731999999999998,0.24472299999999997,0.28675999999999996,0.28675999999999996,0.308388,0.338008,0.289338,0.24305,0.5054799999999999,0.2739,0.26935,0.44138599999999995,0.38939599999999996,0.361826,0.27671999999999997,0.2711,0.30083,0.3369,0.27027999999999996,0.25379999999999997,0.32058299999999995,0.31586299999999995,0.29416299999999995,0.34493299999999993,0.3854929999999999,0.27768299999999996,0.385856,0.336066,0.45037599999999994,0.3962859999999999,0.256235,0.249135,0.30497499999999994,0.299795,0.32077999999999995,0.32231,0.31493999999999994,0.369096,0.33594599999999997,0.360486,0.33538599999999996,0.33538599999999996,0.35457599999999995,0.33538599999999996,0.34523599999999993,0.299886,0.24113999999999997,0.27731,0.27363,0.31149,0.24008000000000002,0.25367999999999996,0.37432899999999997,0.36255899999999996,0.380169,0.40061899999999995,0.36590899999999993,0.36746899999999993,0.37032899999999996,0.35039899999999996,0.27768299999999996,0.27027999999999996,0.28675999999999996,0.26120299999999996,0.33933499999999994,0.33189499999999994,0.33784499999999995,0.3519749999999999,0.343595,0.34662499999999996,0.036899999999999995,0.00267,0.0,0.31346299999999994,0.329943,0.36358999999999997,0.30851,0.24472299999999997,0.30028299999999997,0.24739892999999996,0.24739299999999997,0.343501,0.359981,0.27768299999999996,0.29416299999999995,0.27027999999999996,0.27768299999999996,0.28675999999999996,0.28675999999999996,0.26120299999999996,0.25379999999999997,0.31379999999999997,0.255613,0.36672199999999994,0.39704199999999995,0.37534199999999995,0.39110199999999995,0.39193199999999995,0.25379999999999997,0.27027999999999996,0.26139999999999997,0.281043,0.30224599999999996
PRO-1A-A73,0.12793,0.10644,0.17983,0.16513999999999998,0.13465999999999997,0.14109999999999998,0.15222,0.14928,0.07861,0.11588,0.1612,0.0717,0.07227,0.07872,0.12029,0.16505999999999998,0.2617,0.17506999999999998,0.184244,0.195964,0.20301399999999997,0.148124,0.145746,0.198686,0.18878599999999998,0.122976,0.121616,0.12531599999999998,0.20199599999999998,0.12150599999999999,0.121636,0.11834399999999999,0.12028599999999999,0.119916,0.120861,0.20298999999999998,0.14439999999999997,0.11889799999999999,0.077022,0.06874,0.06874,0.06874,0.07614299999999999,0.07614299999999999,0.07614299999999999,0.07614299999999999,0.081838,0.07614299999999999,0.06874,0.07614299999999999,0.06874,0.101552,0.182382,0.08530199999999999,0.25839,0.15722,0.11973999999999999,0.11818,0.12490599999999999,0.13998,0.16508299999999998,0.084992,0.157633,0.16475299999999998,0.158433,0.171596,0.15404199999999998,0.161319,0.14996299999999999,0.08606,0.125566,0.142206,0.132826,0.14493999999999999,0.07614299999999999,0.06874,0.11818,0.11818,0.139808,0.169428,0.12075799999999999,0.081873,0.344303,0.11272299999999999,0.10817299999999999,0.26540299999999994,0.21341299999999996,0.18584299999999998,0.11554299999999999,0.10992299999999999,0.139653,0.175723,0.10169999999999998,0.08521999999999999,0.1446,0.13988,0.11818,0.16895,0.20950999999999997,0.10169999999999998,0.20987299999999998,0.16008299999999998,0.274393,0.22030299999999997,0.093308,0.08620799999999999,0.142048,0.136868,0.15219999999999997,0.15372999999999998,0.14636,0.19311299999999998,0.159963,0.18450299999999997,0.159403,0.159403,0.17859299999999997,0.159403,0.169253,0.13130599999999998,0.07996299999999999,0.116133,0.112453,0.150313,0.078903,0.092503,0.198346,0.186576,0.20418599999999998,0.22463599999999997,0.18992599999999998,0.191486,0.194346,0.174416,0.10169999999999998,0.10169999999999998,0.11817999999999998,0.08521999999999999,0.163352,0.155912,0.16186199999999998,0.17599199999999998,0.16761199999999998,0.170642,0.276563,0.310793,0.31346299999999994,0.0,0.01648,0.20241299999999998,0.147333,0.06874,0.1243,0.07141593,0.07141,0.174921,0.191401,0.10169999999999998,0.11817999999999998,0.109103,0.10169999999999998,0.11817999999999998,0.11818,0.08521999999999999,0.092623,0.14522,0.08522199999999999,0.190739,0.22105899999999998,0.19935899999999998,0.21511899999999998,0.21594899999999997,0.092623,0.109103,0.10022299999999999,0.10505999999999999,0.133666
PRO-3A-A74,0.14440999999999998,0.12292,0.19630999999999998,0.18161999999999998,0.15113999999999997,0.15757999999999997,0.1687,0.16576,0.09509,0.13235999999999998,0.17768,0.08818,0.08875,0.09519999999999999,0.13677,0.18153999999999998,0.27818,0.19154999999999997,0.20072399999999999,0.212444,0.21949399999999997,0.164604,0.16222599999999998,0.215166,0.20526599999999998,0.139456,0.138096,0.14179599999999998,0.21847599999999998,0.137986,0.138116,0.134824,0.136766,0.136396,0.137341,0.21946999999999997,0.16087999999999997,0.135378,0.09350199999999999,0.08521999999999999,0.08521999999999999,0.08521999999999999,0.09262299999999998,0.09262299999999998,0.09262299999999998,0.09262299999999998,0.09831799999999999,0.09262299999999998,0.08521999999999999,0.09262299999999998,0.08521999999999999,0.118032,0.19886199999999998,0.10178199999999998,0.27487,0.1737,0.13621999999999998,0.13466,0.14138599999999998,0.15646,0.18156299999999997,0.10147199999999999,0.174113,0.18123299999999998,0.17491299999999999,0.188076,0.17052199999999998,0.17779899999999998,0.16644299999999998,0.10253999999999999,0.142046,0.158686,0.149306,0.16141999999999998,0.09262299999999998,0.08521999999999999,0.13466,0.13466,0.15628799999999998,0.185908,0.137238,0.098353,0.36078299999999996,0.12920299999999998,0.12465299999999999,0.281883,0.22989299999999996,0.20232299999999998,0.132023,0.126403,0.156133,0.19220299999999998,0.11817999999999998,0.10169999999999998,0.16108,0.15636,0.13466,0.18542999999999998,0.22598999999999997,0.11817999999999998,0.22635299999999997,0.17656299999999997,0.29087299999999994,0.23678299999999997,0.109788,0.10268799999999999,0.158528,0.15334799999999998,0.16867999999999997,0.17020999999999997,0.16283999999999998,0.20959299999999997,0.176443,0.20098299999999997,0.17588299999999998,0.17588299999999998,0.19507299999999997,0.17588299999999998,0.18573299999999998,0.14778599999999997,0.09644299999999999,0.13261299999999998,0.128933,0.166793,0.095383,0.108983,0.214826,0.203056,0.22066599999999997,0.24111599999999997,0.20640599999999998,0.20796599999999998,0.21082599999999999,0.19089599999999998,0.11817999999999998,0.11817999999999998,0.13465999999999997,0.10169999999999998,0.179832,0.172392,0.17834199999999997,0.19247199999999998,0.18409199999999998,0.18712199999999998,0.29304299999999994,0.3272729999999999,0.329943,0.01648,0.0,0.21889299999999998,0.163813,0.08521999999999999,0.14078,0.08789593,0.08789,0.191401,0.20788099999999998,0.11817999999999998,0.13465999999999997,0.125583,0.11817999999999998,0.13465999999999997,0.13466,0.10169999999999998,0.10910299999999999,0.16169999999999998,0.10170199999999999,0.207219,0.23753899999999997,0.21583899999999998,0.23159899999999997,0.23242899999999997,0.10910299999999999,0.125583,0.11670299999999999,0.12153999999999998,0.150146
PSIC-1A-A53,0.19286299999999998,0.171373,0.24476299999999998,0.22266999999999998,0.19218999999999997,0.19862999999999997,0.21715299999999998,0.214213,0.14354299999999998,0.180813,0.22613299999999997,0.13663299999999998,0.137203,0.14365299999999998,0.18522299999999997,0.22999299999999998,0.32663299999999995,0.23259999999999997,0.241774,0.253494,0.260544,0.205654,0.20327599999999998,0.256216,0.24631599999999998,0.180506,0.179146,0.182846,0.259526,0.17903599999999997,0.179166,0.17587399999999997,0.17781599999999997,0.177446,0.178391,0.26052,0.20192999999999997,0.17642799999999997,0.13636299999999998,0.133673,0.133673,0.133673,0.12627,0.12627,0.12627,0.12627,0.133715,0.12627,0.133673,0.12627,0.133673,0.160893,0.241723,0.144643,0.323323,0.222153,0.18467299999999998,0.18311299999999997,0.182436,0.19750999999999996,0.23001599999999997,0.144333,0.22256599999999999,0.22968599999999997,0.22336599999999995,0.236529,0.21897499999999998,0.22625199999999995,0.21489599999999998,0.150993,0.18309599999999998,0.199736,0.190356,0.20246999999999998,0.12627,0.133673,0.17570999999999998,0.17570999999999998,0.19733799999999999,0.226958,0.178288,0.132,0.39443,0.16285,0.1583,0.33033599999999996,0.278346,0.250776,0.16566999999999998,0.16005,0.18978,0.22585,0.15922999999999998,0.14275,0.209533,0.204813,0.18311299999999997,0.23388299999999998,0.274443,0.16663299999999998,0.274806,0.22501599999999997,0.33932599999999996,0.28523599999999993,0.145185,0.13808499999999999,0.193925,0.188745,0.20972999999999997,0.21125999999999998,0.20389,0.258046,0.22489599999999998,0.24943599999999996,0.22433599999999998,0.22433599999999998,0.24352599999999996,0.22433599999999998,0.23418599999999995,0.188836,0.13008999999999998,0.16626,0.16258,0.20044,0.12903,0.14262999999999998,0.263279,0.251509,0.269119,0.28956899999999997,0.25485899999999995,0.25641899999999995,0.259279,0.23934899999999998,0.16663299999999998,0.15922999999999998,0.17570999999999998,0.15015299999999998,0.22828499999999996,0.22084499999999996,0.22679499999999997,0.24092499999999997,0.23254499999999997,0.23557499999999998,0.32669,0.36091999999999996,0.36358999999999997,0.20241299999999998,0.21889299999999998,0.0,0.19746,0.133673,0.18923299999999998,0.13634892999999998,0.136343,0.232451,0.24893099999999999,0.16663299999999998,0.18311299999999997,0.15922999999999998,0.16663299999999998,0.17570999999999998,0.17570999999999998,0.15015299999999998,0.14275,0.20274999999999999,0.144563,0.25567199999999995,0.28599199999999997,0.26429199999999997,0.28005199999999997,0.28088199999999997,0.14275,0.15922999999999998,0.15034999999999998,0.16999299999999998,0.19119599999999998
PSIC-2B-A54,0.137783,0.11629300000000001,0.189683,0.16759,0.13710999999999998,0.14354999999999998,0.162073,0.159133,0.088463,0.12573299999999998,0.171053,0.081553,0.082123,0.088573,0.130143,0.17491299999999999,0.271553,0.17751999999999998,0.186694,0.198414,0.20546399999999998,0.150574,0.148196,0.201136,0.191236,0.125426,0.12406600000000001,0.127766,0.204446,0.123956,0.124086,0.120794,0.122736,0.122366,0.123311,0.20543999999999998,0.14684999999999998,0.121348,0.08128300000000001,0.078593,0.078593,0.078593,0.07119,0.07119,0.07119,0.07119,0.07863500000000001,0.07119,0.078593,0.07119,0.078593,0.105813,0.186643,0.089563,0.268243,0.167073,0.12959299999999999,0.128033,0.127356,0.14243,0.17493599999999998,0.089253,0.167486,0.17460599999999998,0.168286,0.181449,0.16389499999999999,0.171172,0.15981599999999999,0.095913,0.12801600000000002,0.144656,0.135276,0.14739,0.07119,0.078593,0.12063,0.12063,0.142258,0.171878,0.123208,0.07692,0.33935000000000004,0.10777,0.10322,0.27525599999999995,0.22326599999999996,0.19569599999999998,0.11059,0.10497000000000001,0.1347,0.17077,0.10414999999999999,0.08767,0.154453,0.149733,0.128033,0.178803,0.21936299999999997,0.11155299999999999,0.21972599999999998,0.16993599999999998,0.284246,0.23015599999999997,0.090105,0.083005,0.138845,0.133665,0.15464999999999998,0.15617999999999999,0.14881,0.20296599999999998,0.169816,0.19435599999999997,0.169256,0.169256,0.18844599999999997,0.169256,0.179106,0.13375599999999999,0.07501000000000001,0.11118,0.10750000000000001,0.14536000000000002,0.07395,0.08755,0.208199,0.196429,0.21403899999999998,0.23448899999999998,0.19977899999999998,0.201339,0.204199,0.184269,0.11155299999999999,0.10414999999999999,0.12062999999999999,0.09507299999999999,0.173205,0.165765,0.17171499999999998,0.18584499999999998,0.17746499999999998,0.180495,0.27161,0.30584,0.30851,0.147333,0.163813,0.19746,0.0,0.078593,0.134153,0.08126893,0.081263,0.177371,0.193851,0.11155299999999999,0.12803299999999998,0.10414999999999999,0.11155299999999999,0.12062999999999999,0.12063,0.09507299999999999,0.08767,0.14767,0.08948300000000001,0.200592,0.23091199999999998,0.20921199999999998,0.22497199999999998,0.22580199999999997,0.08767,0.10414999999999999,0.09527,0.11491299999999999,0.13611600000000001
QUI-0A-A78,0.05919,0.037700000000000004,0.11109,0.09640000000000001,0.06592,0.07236000000000001,0.08348,0.08054,0.009869999999999999,0.04714,0.09246,0.00296,0.0035299999999999997,0.009980000000000001,0.05155,0.09631999999999999,0.19296,0.10633000000000001,0.115504,0.127224,0.13427399999999998,0.07938400000000001,0.077006,0.129946,0.12004599999999999,0.054236000000000006,0.052876000000000006,0.05657600000000001,0.13325599999999999,0.052766,0.052896000000000006,0.049604,0.051546,0.051176000000000006,0.05212100000000001,0.13425,0.07566,0.050158,0.008282,0.0,0.0,0.0,0.007403,0.007403,0.007403,0.007403,0.013097999999999999,0.007403,0.0,0.007403,0.0,0.032812,0.11364199999999999,0.016562,0.18965,0.08848,0.051000000000000004,0.049440000000000005,0.056166,0.07124,0.096343,0.016252,0.088893,0.096013,0.089693,0.102856,0.085302,0.092579,0.081223,0.01732,0.05682600000000001,0.073466,0.064086,0.0762,0.007403,0.0,0.049440000000000005,0.049440000000000005,0.071068,0.100688,0.052018,0.013133,0.275563,0.043983,0.039433,0.19666299999999998,0.144673,0.117103,0.046803,0.041183000000000004,0.070913,0.106983,0.03296,0.01648,0.07586000000000001,0.07114000000000001,0.049440000000000005,0.10021,0.14076999999999998,0.03296,0.141133,0.09134300000000001,0.20565299999999997,0.151563,0.024568,0.017467999999999997,0.073308,0.068128,0.08346,0.08499000000000001,0.07762000000000001,0.124373,0.091223,0.11576299999999999,0.090663,0.090663,0.10985299999999999,0.090663,0.10051299999999999,0.06256600000000001,0.011223,0.047393000000000005,0.043713,0.081573,0.010163,0.023763,0.129606,0.11783600000000001,0.135446,0.15589599999999998,0.121186,0.12274600000000001,0.125606,0.105676,0.03296,0.03296,0.049440000000000005,0.01648,0.094612,0.087172,0.09312200000000001,0.107252,0.098872,0.10190199999999999,0.20782299999999998,0.24205299999999996,0.24472299999999997,0.06874,0.08521999999999999,0.133673,0.078593,0.0,0.055560000000000005,0.00267593,0.00267,0.106181,0.12266099999999999,0.03296,0.049440000000000005,0.040363,0.03296,0.049440000000000005,0.049440000000000005,0.01648,0.023883,0.07648,0.016481999999999997,0.121999,0.15231899999999998,0.13061899999999999,0.14637899999999998,0.14720899999999998,0.023883,0.040363,0.031483000000000004,0.03632,0.06492600000000001
QUI-1A-A83,0.11475,0.09326000000000001,0.16665,0.15196,0.12148,0.12792,0.13904,0.1361,0.06543,0.10270000000000001,0.14802,0.05852,0.059090000000000004,0.06554,0.10711000000000001,0.15188,0.24852,0.16189,0.171064,0.182784,0.18983399999999997,0.134944,0.13256600000000002,0.185506,0.17560599999999998,0.109796,0.108436,0.11213600000000001,0.18881599999999998,0.108326,0.10845600000000001,0.10516400000000001,0.107106,0.10673600000000001,0.10768100000000001,0.18981,0.13122,0.105718,0.06384200000000001,0.055560000000000005,0.055560000000000005,0.055560000000000005,0.062963,0.062963,0.062963,0.062963,0.068658,0.062963,0.055560000000000005,0.062963,0.055560000000000005,0.088372,0.169202,0.072122,0.24521,0.14404,0.10656000000000002,0.10500000000000001,0.111726,0.12680000000000002,0.151903,0.071812,0.144453,0.151573,0.14525300000000002,0.158416,0.14086200000000001,0.14813900000000002,0.13678300000000002,0.07288,0.11238600000000001,0.129026,0.119646,0.13176000000000002,0.062963,0.055560000000000005,0.10500000000000001,0.10500000000000001,0.12662800000000002,0.156248,0.10757800000000001,0.068693,0.331123,0.099543,0.09499300000000001,0.252223,0.200233,0.172663,0.10236300000000001,0.09674300000000001,0.126473,0.162543,0.08852000000000002,0.07204,0.13142,0.1267,0.10500000000000001,0.15577,0.19632999999999998,0.08852000000000002,0.196693,0.146903,0.26121300000000003,0.207123,0.080128,0.07302800000000001,0.128868,0.12368799999999999,0.13902,0.14055,0.13318000000000002,0.179933,0.146783,0.171323,0.146223,0.146223,0.165413,0.146223,0.15607300000000002,0.11812600000000001,0.06678300000000001,0.10295300000000002,0.099273,0.137133,0.065723,0.079323,0.18516600000000003,0.17339600000000002,0.191006,0.211456,0.17674600000000001,0.17830600000000002,0.18116600000000002,0.16123600000000002,0.08852000000000002,0.08852000000000002,0.10500000000000001,0.07204,0.15017200000000003,0.14273200000000003,0.148682,0.162812,0.154432,0.157462,0.263383,0.29761299999999996,0.30028299999999997,0.1243,0.14078,0.18923299999999998,0.134153,0.055560000000000005,0.0,0.058235930000000005,0.058230000000000004,0.161741,0.178221,0.08852000000000002,0.10500000000000001,0.09592300000000001,0.08852000000000002,0.10500000000000001,0.10500000000000001,0.07204,0.07944300000000001,0.13204000000000002,0.072042,0.17755900000000002,0.207879,0.186179,0.201939,0.202769,0.07944300000000001,0.09592300000000001,0.08704300000000001,0.09188,0.12048600000000001
QUI-2A-A81,0.06186593,0.040375930000000004,0.11376593,0.09907593,0.06859593,0.07503593,0.08615593,0.08321593000000001,0.012545929999999999,0.04981593,0.09513593000000001,0.00563593,0.00620593,0.012655930000000001,0.05422593,0.09899593,0.19563592999999999,0.10900593,0.11817993,0.12989993,0.13694992999999997,0.08205993000000002,0.07968193,0.13262193,0.12272192999999999,0.056911930000000006,0.055551930000000006,0.05925193000000001,0.13593192999999998,0.05544193,0.055571930000000005,0.05227993,0.05422193,0.053851930000000006,0.05479693000000001,0.13692593,0.07833593,0.05283393,0.01095793,0.00267593,0.00267593,0.00267593,0.01007893,0.01007893,0.01007893,0.01007893,0.01577393,0.01007893,0.00267593,0.01007893,0.00267593,0.03548793,0.11631793,0.01923793,0.19232593,0.09115593000000001,0.053675930000000004,0.052115930000000005,0.05884193,0.07391593,0.09901893,0.01892793,0.09156893,0.09868893000000001,0.09236893,0.10553193000000001,0.08797793000000001,0.09525493,0.08389893000000001,0.01999593,0.05950193000000001,0.07614193000000001,0.06676193000000001,0.07887593000000001,0.01007893,0.00267593,0.052115930000000005,0.052115930000000005,0.07374393,0.10336393,0.05469393,0.015808930000000002,0.27823893,0.04665893,0.04210893,0.19933893,0.14734893,0.11977893,0.04947893,0.043858930000000004,0.07358893000000001,0.10965893,0.03563593,0.01915593,0.07853593000000002,0.07381593000000002,0.052115930000000005,0.10288593,0.14344592999999997,0.03563593,0.14380893,0.09401893,0.20832893,0.15423893,0.02724393,0.020143929999999997,0.07598393,0.07080393,0.08613593,0.08766593,0.08029593,0.12704893,0.09389893,0.11843893,0.09333893,0.09333893,0.11252893,0.09333893,0.10318893,0.06524193,0.01389893,0.050068930000000005,0.04638893,0.08424893,0.01283893,0.02643893,0.13228193000000002,0.12051193000000002,0.13812193,0.15857193,0.12386193000000001,0.12542193000000001,0.12828193000000002,0.10835193000000001,0.03563593,0.03563593,0.052115930000000005,0.01915593,0.09728793000000001,0.08984793,0.09579793,0.10992793000000001,0.10154793000000001,0.10457793,0.21049892999999997,0.24472892999999996,0.24739892999999996,0.07141593,0.08789593,0.13634892999999998,0.08126893,0.00267593,0.058235930000000005,0.0,5.93e-06,0.10885693,0.12533693,0.03563593,0.052115930000000005,0.04303893,0.03563593,0.052115930000000005,0.052115930000000005,0.01915593,0.02655893,0.07915593000000001,0.019157929999999997,0.12467493,0.15499493,0.13329493,0.14905493,0.14988493,0.02655893,0.04303893,0.034158930000000004,0.03899593,0.06760193
QUI-2A-A82,0.06186,0.04037,0.11376,0.09907,0.06859000000000001,0.07503000000000001,0.08615,0.08321,0.012539999999999999,0.04981,0.09513,0.00563,0.0062,0.012650000000000002,0.05422,0.09899,0.19563,0.109,0.118174,0.129894,0.13694399999999998,0.08205400000000002,0.079676,0.132616,0.12271599999999999,0.056906000000000005,0.055546000000000005,0.05924600000000001,0.135926,0.055436,0.055566000000000004,0.052274,0.054216,0.053846000000000005,0.054791000000000006,0.13692,0.07833000000000001,0.052828,0.010952,0.00267,0.00267,0.00267,0.010073,0.010073,0.010073,0.010073,0.015767999999999997,0.010073,0.00267,0.010073,0.00267,0.035482,0.116312,0.019232,0.19232000000000002,0.09115000000000001,0.05367,0.052110000000000004,0.058836,0.07391,0.09901299999999999,0.018921999999999998,0.091563,0.09868299999999999,0.092363,0.10552600000000001,0.087972,0.095249,0.083893,0.019989999999999997,0.05949600000000001,0.07613600000000001,0.06675600000000001,0.07887,0.010073,0.00267,0.052110000000000004,0.052110000000000004,0.073738,0.103358,0.054688,0.015803,0.278233,0.046653,0.042103,0.19933299999999998,0.14734299999999997,0.11977299999999999,0.049472999999999996,0.043853,0.07358300000000001,0.109653,0.03563,0.01915,0.07853000000000002,0.07381000000000001,0.052110000000000004,0.10288,0.14343999999999998,0.03563,0.143803,0.094013,0.20832299999999998,0.15423299999999998,0.027238,0.020137999999999996,0.075978,0.070798,0.08613000000000001,0.08766,0.08029,0.127043,0.093893,0.11843299999999998,0.093333,0.093333,0.11252299999999998,0.093333,0.103183,0.065236,0.013893,0.050063,0.046383,0.084243,0.012833,0.026432999999999998,0.132276,0.120506,0.138116,0.15856599999999998,0.123856,0.125416,0.128276,0.108346,0.03563,0.03563,0.052110000000000004,0.01915,0.09728200000000001,0.089842,0.095792,0.10992199999999999,0.101542,0.104572,0.21049299999999999,0.24472299999999997,0.24739299999999997,0.07141,0.08789,0.136343,0.081263,0.00267,0.058230000000000004,5.93e-06,0.0,0.108851,0.125331,0.03563,0.052110000000000004,0.043033,0.03563,0.052110000000000004,0.052110000000000004,0.01915,0.026553,0.07915,0.019151999999999995,0.124669,0.154989,0.133289,0.149049,0.14987899999999998,0.026553,0.043033,0.034153,0.03899,0.067596
QUIN-1A-A117,0.165371,0.143881,0.217271,0.16008900000000004,0.12960900000000003,0.13604900000000003,0.189661,0.186721,0.116051,0.15332099999999999,0.198641,0.109141,0.109711,0.116161,0.157731,0.202501,0.299141,0.17001900000000003,0.122805,0.134525,0.141575,0.08668500000000001,0.084307,0.137247,0.12734700000000002,0.06153700000000001,0.06017700000000001,0.063877,0.140557,0.06006700000000001,0.06019700000000001,0.056905000000000004,0.058847000000000003,0.05847700000000001,0.054060000000000004,0.19793900000000003,0.13934900000000003,0.056023,0.114463,0.106181,0.106181,0.106181,0.106181,0.106181,0.106181,0.106181,0.113626,0.106181,0.106181,0.106181,0.106181,0.138993,0.219823,0.12274299999999999,0.295831,0.15216900000000003,0.11468900000000001,0.11312900000000002,0.06346700000000001,0.13492900000000002,0.160032,0.122433,0.15258200000000002,0.159702,0.15338200000000002,0.16654500000000003,0.148991,0.15626800000000002,0.144912,0.123501,0.064127,0.080767,0.071387,0.139889,0.106181,0.106181,0.05674100000000001,0.06368900000000001,0.076933,0.10655300000000001,0.057883000000000004,0.11191100000000001,0.37434100000000003,0.142761,0.138211,0.26035200000000003,0.208362,0.180792,0.14558100000000002,0.139961,0.169691,0.205761,0.07322100000000001,0.089701,0.13954900000000003,0.13482900000000003,0.11312900000000002,0.16389900000000002,0.204459,0.09664900000000001,0.204822,0.155032,0.269342,0.215252,0.125096,0.117996,0.173836,0.168656,0.14714900000000003,0.148679,0.14130900000000002,0.188062,0.15491200000000002,0.179452,0.15435200000000002,0.15435200000000002,0.17354200000000003,0.15435200000000002,0.16420200000000001,0.06986700000000001,0.110001,0.146171,0.142491,0.180351,0.10894100000000001,0.12254100000000001,0.19329500000000005,0.18152500000000005,0.199135,0.21958500000000003,0.184875,0.18643500000000002,0.18929500000000005,0.16936500000000002,0.089701,0.09664900000000001,0.08016900000000002,0.106181,0.15830100000000003,0.15086100000000002,0.15681100000000003,0.170941,0.162561,0.16559100000000002,0.306601,0.340831,0.343501,0.174921,0.191401,0.232451,0.177371,0.106181,0.161741,0.10885693,0.108851,0.0,0.01648,0.089701,0.11312900000000002,0.089701,0.12266099999999999,0.11312900000000002,0.07322100000000001,0.10618100000000001,0.10618100000000001,0.14016900000000002,0.122663,0.18568800000000002,0.21600800000000003,0.19430800000000004,0.21006800000000003,0.21089800000000003,0.122661,0.13914100000000001,0.13026100000000002,0.142501,0.07222700000000001
QUIN-1A-A128,0.18185099999999998,0.160361,0.233751,0.17656900000000003,0.14608900000000002,0.15252900000000003,0.206141,0.203201,0.132531,0.16980099999999998,0.215121,0.125621,0.126191,0.132641,0.174211,0.21898099999999998,0.315621,0.18649900000000003,0.139285,0.151005,0.158055,0.103165,0.10078700000000002,0.153727,0.143827,0.078017,0.076657,0.08035700000000001,0.15703699999999998,0.076547,0.07667700000000001,0.073385,0.075327,0.07495700000000001,0.07054,0.21441900000000003,0.15582900000000002,0.07250300000000001,0.130943,0.12266099999999999,0.12266099999999999,0.12266099999999999,0.12266099999999999,0.12266099999999999,0.12266099999999999,0.12266099999999999,0.130106,0.12266099999999999,0.12266099999999999,0.12266099999999999,0.12266099999999999,0.155473,0.23630299999999999,0.13922299999999999,0.312311,0.16864900000000002,0.131169,0.12960900000000003,0.07994700000000002,0.15140900000000002,0.17651200000000003,0.138913,0.16906200000000005,0.17618200000000003,0.169862,0.18302500000000005,0.16547100000000003,0.172748,0.16139200000000004,0.139981,0.08060700000000001,0.097247,0.087867,0.15636900000000004,0.12266099999999999,0.12266099999999999,0.07322100000000001,0.08016900000000002,0.093413,0.123033,0.07436300000000001,0.128391,0.39082100000000003,0.159241,0.154691,0.276832,0.22484200000000001,0.19727200000000003,0.162061,0.156441,0.186171,0.222241,0.089701,0.106181,0.15602900000000003,0.15130900000000003,0.12960900000000003,0.180379,0.220939,0.11312900000000001,0.22130200000000003,0.17151200000000003,0.285822,0.23173200000000002,0.141576,0.134476,0.19031599999999999,0.185136,0.16362900000000002,0.16515900000000003,0.15778900000000004,0.20454200000000003,0.17139200000000004,0.19593200000000002,0.17083200000000004,0.17083200000000004,0.19002200000000002,0.17083200000000004,0.180682,0.08634700000000001,0.126481,0.162651,0.158971,0.196831,0.125421,0.139021,0.20977500000000004,0.19800500000000004,0.21561500000000003,0.23606500000000002,0.20135500000000003,0.20291500000000004,0.20577500000000004,0.18584500000000004,0.106181,0.11312900000000001,0.09664900000000001,0.12266099999999999,0.17478100000000002,0.16734100000000002,0.17329100000000003,0.18742100000000003,0.17904100000000003,0.18207100000000004,0.323081,0.357311,0.359981,0.191401,0.20788099999999998,0.24893099999999999,0.193851,0.12266099999999999,0.178221,0.12533693,0.125331,0.01648,0.0,0.106181,0.12960900000000003,0.106181,0.139141,0.12960900000000003,0.089701,0.122661,0.122661,0.15664900000000004,0.139143,0.20216800000000001,0.23248800000000003,0.21078800000000003,0.22654800000000003,0.22737800000000002,0.13914100000000001,0.155621,0.146741,0.15898099999999998,0.08870700000000001
ROUTER-CAMPUS-CENTRO-HISTORICO,0.09215000000000001,0.07066,0.14404999999999998,0.12936,0.09888,0.10532,0.11643999999999999,0.11349999999999999,0.04283,0.0801,0.12542,0.03592000000000001,0.03649,0.042940000000000006,0.08451,0.12927999999999998,0.22591999999999998,0.13929,0.099024,0.11074400000000001,0.11779399999999998,0.06290400000000002,0.060526,0.11346600000000001,0.10356599999999999,0.037756000000000005,0.036396000000000005,0.04009600000000001,0.11677599999999999,0.036286,0.036416000000000004,0.033124,0.035066,0.034696000000000005,0.035641000000000006,0.16721,0.10862,0.033678,0.041242,0.03296,0.03296,0.03296,0.040363,0.040363,0.040363,0.040363,0.046058,0.040363,0.03296,0.040363,0.03296,0.065772,0.14660199999999998,0.049522000000000004,0.22261,0.12143999999999999,0.08396,0.0824,0.039686,0.10420000000000001,0.129303,0.049212,0.12185300000000002,0.128973,0.12265300000000001,0.13581600000000002,0.118262,0.125539,0.114183,0.05028,0.04034600000000001,0.056986,0.047606,0.10916000000000001,0.040363,0.03296,0.03296,0.03296,0.054588000000000005,0.084208,0.035538,0.046093,0.308523,0.07694300000000001,0.07239300000000001,0.229623,0.17763299999999999,0.150063,0.079763,0.07414300000000001,0.103873,0.13994299999999998,0.049440000000000005,0.049440000000000005,0.10882,0.1041,0.0824,0.13316999999999998,0.17372999999999997,0.06592,0.174093,0.124303,0.238613,0.184523,0.057528,0.050428,0.106268,0.10108799999999998,0.11642,0.11795,0.11058000000000001,0.157333,0.12418300000000002,0.148723,0.12362300000000001,0.12362300000000001,0.142813,0.12362300000000001,0.133473,0.046086,0.044183,0.08035300000000001,0.076673,0.114533,0.043123,0.056723,0.16256600000000002,0.150796,0.168406,0.188856,0.154146,0.155706,0.158566,0.138636,0.06592,0.06592,0.049440000000000005,0.049440000000000005,0.12757200000000002,0.12013200000000002,0.126082,0.140212,0.131832,0.134862,0.24078299999999997,0.27501299999999995,0.27768299999999996,0.10169999999999998,0.11817999999999998,0.16663299999999998,0.11155299999999999,0.03296,0.08852000000000002,0.03563593,0.03563,0.089701,0.106181,0.0,0.0824,0.03296,0.06592,0.0824,0.01648,0.01648,0.049440000000000005,0.10944000000000001,0.049442,0.154959,0.185279,0.163579,0.179339,0.180169,0.056843000000000005,0.073323,0.064443,0.06928000000000001,0.048446
ROUTER-CAMPUS-HUAYNA-CAPAC,0.10863,0.08714,0.16052999999999998,0.07992,0.049440000000000005,0.055880000000000006,0.13291999999999998,0.12997999999999998,0.05931,0.09658,0.1419,0.0524,0.05297,0.05942000000000001,0.10099,0.14575999999999997,0.24239999999999998,0.08985,0.12305600000000001,0.134776,0.141826,0.08693600000000001,0.084558,0.137498,0.127598,0.061788,0.060428,0.064128,0.140808,0.060318000000000004,0.060448,0.057156000000000005,0.059098000000000005,0.055256000000000007,0.059069,0.11777,0.05918,0.057106000000000004,0.057722,0.049440000000000005,0.049440000000000005,0.049440000000000005,0.056843000000000005,0.056843000000000005,0.056843000000000005,0.056843000000000005,0.06253800000000001,0.056843000000000005,0.049440000000000005,0.056843000000000005,0.049440000000000005,0.08225199999999999,0.16308199999999998,0.066002,0.23909,0.07200000000000001,0.03452,0.03296,0.06024600000000001,0.05476,0.046903,0.065692,0.039453,0.046573,0.040253,0.053416000000000005,0.035862,0.043139,0.031783,0.06676,0.060906,0.077546,0.068166,0.05972,0.056843000000000005,0.049440000000000005,0.056992,0.049440000000000005,0.078016,0.107636,0.058966000000000005,0.062573,0.325003,0.093423,0.08887300000000001,0.147223,0.09523299999999998,0.067663,0.096243,0.09062300000000001,0.12035299999999999,0.15642299999999998,0.049440000000000005,0.049440000000000005,0.05938000000000001,0.05466000000000001,0.03296,0.08373,0.12428999999999998,0.01648,0.091693,0.041902999999999996,0.156213,0.10212299999999999,0.074008,0.066908,0.122748,0.11756799999999998,0.06698000000000001,0.06851,0.06114,0.074933,0.041783,0.066323,0.041222999999999996,0.041222999999999996,0.060412999999999994,0.041222999999999996,0.05107299999999999,0.07011800000000001,0.060663,0.096833,0.09315300000000001,0.131013,0.059603,0.073203,0.08016600000000002,0.06839600000000001,0.086006,0.106456,0.071746,0.07330600000000001,0.07616600000000001,0.056236,0.03296,0.03296,0.03296,0.03296,0.045172000000000004,0.037732,0.043682,0.057812,0.049432000000000004,0.052461999999999995,0.25726299999999996,0.29149299999999995,0.29416299999999995,0.11817999999999998,0.13465999999999997,0.18311299999999997,0.12803299999999998,0.049440000000000005,0.10500000000000001,0.052115930000000005,0.052110000000000004,0.11312900000000002,0.12960900000000003,0.0824,0.0,0.0824,0.01648,0.03296,0.06592,0.06592,0.073323,0.060000000000000005,0.06592200000000001,0.072559,0.102879,0.081179,0.096939,0.097769,0.073323,0.089803,0.080923,0.08576,0.06900600000000001
ROUTER-CAMPUS-MUSEO,0.099553,0.07806300000000001,0.15145299999999998,0.12936,0.09888,0.10532,0.12384300000000001,0.12090300000000001,0.050233,0.087503,0.132823,0.043323,0.043893,0.050343000000000006,0.091913,0.136683,0.233323,0.13929,0.099024,0.11074400000000001,0.11779399999999998,0.06290400000000002,0.060526,0.11346600000000001,0.10356599999999999,0.037756000000000005,0.036396000000000005,0.04009600000000001,0.11677599999999999,0.036286,0.036416000000000004,0.033124,0.035066,0.034696000000000005,0.035641000000000006,0.16721,0.10862,0.033678,0.04305300000000001,0.040363,0.040363,0.040363,0.03296,0.03296,0.03296,0.03296,0.040405,0.03296,0.040363,0.03296,0.040363,0.067583,0.148413,0.051333000000000004,0.23001300000000002,0.12144000000000002,0.08396,0.0824,0.039686,0.10420000000000001,0.129303,0.051023000000000006,0.12185300000000002,0.128973,0.12265300000000001,0.13581600000000002,0.118262,0.125539,0.114183,0.057683000000000005,0.04034600000000001,0.056986,0.047606,0.10916000000000001,0.03296,0.040363,0.03296,0.03296,0.054588000000000005,0.084208,0.035538,0.03869,0.30112,0.06954,0.06499,0.229623,0.17763299999999999,0.150063,0.07236000000000001,0.06674000000000001,0.09647,0.13254,0.049440000000000005,0.049440000000000005,0.10882,0.1041,0.0824,0.13317,0.17373,0.06592,0.174093,0.124303,0.238613,0.184523,0.051875000000000004,0.044775,0.10061499999999998,0.09543499999999999,0.11642,0.11795,0.11058000000000001,0.157333,0.12418300000000002,0.148723,0.12362300000000001,0.12362300000000001,0.142813,0.12362300000000001,0.133473,0.046086,0.03678000000000001,0.07295000000000001,0.06927,0.10713,0.03572,0.04932,0.16256600000000002,0.150796,0.168406,0.188856,0.154146,0.155706,0.158566,0.138636,0.06592,0.06592,0.049440000000000005,0.056843000000000005,0.12757200000000002,0.12013200000000002,0.126082,0.140212,0.131832,0.134862,0.23337999999999998,0.26760999999999996,0.27027999999999996,0.109103,0.125583,0.15922999999999998,0.10414999999999999,0.040363,0.09592300000000001,0.04303893,0.043033,0.089701,0.106181,0.03296,0.0824,0.0,0.073323,0.0824,0.01648,0.049440000000000005,0.01648,0.10944000000000001,0.051253,0.154959,0.185279,0.163579,0.179339,0.180169,0.049440000000000005,0.06592,0.05704000000000001,0.076683,0.048446
ROUTER-CAMPUS-PARAISO,0.09215000000000001,0.07066,0.14404999999999998,0.09640000000000001,0.06592,0.07236000000000001,0.11643999999999999,0.11349999999999999,0.04283,0.0801,0.12542,0.03592,0.03649,0.042940000000000006,0.08451,0.12927999999999998,0.22591999999999998,0.10633000000000001,0.131984,0.143704,0.15075399999999997,0.095864,0.09348600000000001,0.146426,0.13652599999999998,0.070716,0.069356,0.07305600000000001,0.14973599999999998,0.069246,0.06937600000000001,0.066084,0.068026,0.06765600000000001,0.06860100000000001,0.13425,0.07566,0.066638,0.041242,0.03296,0.03296,0.03296,0.040363,0.040363,0.040363,0.040363,0.046058,0.040363,0.03296,0.040363,0.03296,0.065772,0.14660199999999998,0.049522000000000004,0.22261,0.08848,0.051000000000000004,0.049440000000000005,0.072646,0.07124,0.063383,0.049212,0.055933000000000004,0.063053,0.056733,0.06989600000000001,0.052342,0.059619,0.048263,0.05028,0.07330600000000001,0.089946,0.080566,0.0762,0.040363,0.03296,0.06592,0.06592,0.08754800000000001,0.117168,0.068498,0.046093,0.308523,0.07694300000000001,0.07239300000000001,0.163703,0.11171299999999998,0.084143,0.079763,0.07414300000000001,0.103873,0.13994299999999998,0.049440000000000005,0.03296,0.07586000000000001,0.07114000000000001,0.049440000000000005,0.10021,0.14076999999999998,0.03296,0.10817299999999999,0.058383,0.17269299999999999,0.11860299999999999,0.057528,0.050428,0.106268,0.10108799999999998,0.08346,0.08499000000000001,0.07762000000000001,0.091413,0.058263,0.08280299999999999,0.057703,0.057703,0.07689299999999999,0.057703,0.067553,0.079046,0.044183,0.08035300000000001,0.076673,0.114533,0.043123,0.056723,0.09664600000000001,0.08487600000000001,0.102486,0.12293599999999999,0.088226,0.089786,0.092646,0.072716,0.03296,0.03296,0.049440000000000005,0.01648,0.061652000000000005,0.054212,0.060162,0.074292,0.065912,0.068942,0.24078299999999997,0.27501299999999995,0.27768299999999996,0.10169999999999998,0.11817999999999998,0.16663299999999998,0.11155299999999999,0.03296,0.08852000000000002,0.03563593,0.03563,0.12266099999999999,0.139141,0.06592,0.01648,0.073323,0.0,0.049440000000000005,0.0824,0.049440000000000005,0.056843000000000005,0.07648,0.049442,0.08903900000000001,0.11935899999999999,0.097659,0.11341899999999999,0.11424899999999999,0.056843000000000005,0.073323,0.064443,0.06928000000000001,0.081406
ROUTER-CAMPUS-YANUNCAY,0.10863,0.08714,0.16052999999999998,0.04696,0.01648,0.022920000000000003,0.13291999999999998,0.12997999999999998,0.05931,0.09658,0.1419,0.0524,0.05297,0.05942000000000001,0.10099,0.14575999999999997,0.24239999999999998,0.056889999999999996,0.12305600000000001,0.134776,0.141826,0.08693600000000001,0.084558,0.137498,0.127598,0.061788,0.060428,0.064128,0.140808,0.060318000000000004,0.060448,0.057156000000000005,0.059098000000000005,0.055256000000000007,0.059069,0.08481,0.02622,0.057106000000000004,0.057722,0.049440000000000005,0.049440000000000005,0.049440000000000005,0.049440000000000005,0.049440000000000005,0.049440000000000005,0.049440000000000005,0.056885000000000005,0.049440000000000005,0.049440000000000005,0.049440000000000005,0.049440000000000005,0.08225199999999999,0.16308199999999998,0.066002,0.23909,0.07200000000000001,0.03452,0.03296,0.06024600000000001,0.0218,0.079863,0.065692,0.072413,0.079533,0.073213,0.08637600000000001,0.068822,0.076099,0.064743,0.06676,0.060906,0.077546,0.068166,0.02676,0.049440000000000005,0.049440000000000005,0.056992,0.049440000000000005,0.078016,0.107636,0.058966000000000005,0.055170000000000004,0.3176,0.08602000000000001,0.08147000000000001,0.18018299999999998,0.128193,0.100623,0.08884,0.08322000000000002,0.11295,0.14901999999999999,0.049440000000000005,0.03296,0.05938000000000001,0.05466000000000001,0.03296,0.08373,0.12428999999999998,0.01648,0.124653,0.074863,0.18917299999999998,0.135083,0.068355,0.061255000000000004,0.11709499999999998,0.11191499999999999,0.03402,0.03555,0.02818,0.107893,0.074743,0.099283,0.074183,0.074183,0.093373,0.074183,0.084033,0.07011800000000001,0.05326000000000001,0.08943000000000001,0.08574999999999999,0.12361,0.0522,0.0658,0.11312600000000002,0.10135600000000002,0.118966,0.13941599999999998,0.10470600000000001,0.10626600000000001,0.10912600000000001,0.089196,0.03296,0.01648,0.03296,0.03296,0.07813200000000001,0.070692,0.076642,0.090772,0.082392,0.085422,0.24985999999999997,0.28408999999999995,0.28675999999999996,0.11817999999999998,0.13465999999999997,0.17570999999999998,0.12062999999999999,0.049440000000000005,0.10500000000000001,0.052115930000000005,0.052110000000000004,0.11312900000000002,0.12960900000000003,0.0824,0.03296,0.0824,0.049440000000000005,0.0,0.06592,0.06592,0.06592,0.02704,0.06592200000000001,0.105519,0.13583900000000002,0.114139,0.129899,0.13072899999999998,0.06592,0.0824,0.07352,0.08576,0.06900600000000001
ROUTER-L2TP-BALZAY,0.10863,0.08714000000000001,0.16053,0.11288000000000001,0.0824,0.08884,0.13291999999999998,0.12997999999999998,0.05931,0.09658000000000001,0.14190000000000003,0.0524,0.05297,0.05942000000000001,0.10099000000000001,0.14576,0.2424,0.12281,0.082544,0.09426400000000001,0.10131399999999999,0.04642400000000001,0.044046,0.09698600000000002,0.087086,0.021276000000000003,0.019916000000000003,0.023616,0.100296,0.019806,0.019936000000000002,0.016644000000000003,0.018586000000000002,0.018216000000000003,0.019161,0.15073,0.09214,0.017198,0.057722,0.049440000000000005,0.049440000000000005,0.049440000000000005,0.049440000000000005,0.049440000000000005,0.049440000000000005,0.049440000000000005,0.056885000000000005,0.049440000000000005,0.049440000000000005,0.049440000000000005,0.049440000000000005,0.082252,0.163082,0.066002,0.23909000000000002,0.10496000000000001,0.06748000000000001,0.06592,0.023206,0.08772,0.112823,0.065692,0.10537300000000001,0.11249300000000001,0.106173,0.11933600000000001,0.10178200000000001,0.109059,0.09770300000000001,0.06676,0.023866000000000002,0.040506,0.031126,0.09268000000000001,0.049440000000000005,0.049440000000000005,0.01648,0.01648,0.038108,0.06772800000000001,0.019058000000000002,0.055170000000000004,0.3176,0.08602000000000001,0.08147000000000001,0.213143,0.161153,0.133583,0.08884,0.08322000000000002,0.11295000000000001,0.14901999999999999,0.03296,0.049440000000000005,0.09234,0.08762,0.06592,0.11669,0.15725,0.049440000000000005,0.157613,0.107823,0.222133,0.168043,0.068355,0.061255000000000004,0.11709499999999999,0.111915,0.09994,0.10147,0.0941,0.140853,0.10770300000000001,0.132243,0.107143,0.107143,0.126333,0.107143,0.116993,0.029606,0.05326,0.08943000000000001,0.08575,0.12361000000000001,0.0522,0.0658,0.14608600000000002,0.13431600000000002,0.151926,0.172376,0.137666,0.13922600000000002,0.14208600000000002,0.12215600000000001,0.049440000000000005,0.049440000000000005,0.03296,0.06592,0.11109200000000001,0.10365200000000001,0.109602,0.12373200000000001,0.11535200000000001,0.118382,0.24985999999999997,0.28408999999999995,0.28675999999999996,0.11818,0.13466,0.17570999999999998,0.12063,0.049440000000000005,0.10500000000000001,0.052115930000000005,0.052110000000000004,0.07322100000000001,0.089701,0.01648,0.06592,0.01648,0.0824,0.06592,0.0,0.03296,0.03296,0.09296000000000001,0.06592200000000001,0.13847900000000002,0.168799,0.147099,0.162859,0.163689,0.06592,0.0824,0.07352,0.08576,0.031966
SW-ARUBA-CENTRO-HISTORICO,0.07567,0.054180000000000006,0.12757,0.11288000000000001,0.0824,0.08884,0.09996,0.09702,0.02635,0.06362000000000001,0.10894000000000001,0.019440000000000002,0.02001,0.026460000000000004,0.06803000000000001,0.11279999999999998,0.20944,0.12281,0.11550400000000001,0.127224,0.134274,0.07938400000000001,0.077006,0.129946,0.120046,0.054236000000000006,0.052876000000000006,0.056576,0.13325599999999999,0.05276600000000001,0.052896000000000006,0.04960400000000001,0.05154600000000001,0.051176000000000006,0.052121,0.15073,0.09214,0.05015800000000001,0.024762,0.01648,0.01648,0.01648,0.023883,0.023883,0.023883,0.023883,0.029578,0.023883,0.01648,0.023883,0.01648,0.049292,0.130122,0.033042,0.20613,0.10496,0.06748000000000001,0.06592,0.05616600000000001,0.08772,0.112823,0.032732,0.10537300000000001,0.11249300000000001,0.106173,0.11933600000000001,0.10178200000000001,0.109059,0.09770300000000001,0.0338,0.056826,0.073466,0.064086,0.09268000000000001,0.023883,0.01648,0.049440000000000005,0.049440000000000005,0.071068,0.10068800000000001,0.05201800000000001,0.029613,0.292043,0.060463,0.055913000000000004,0.213143,0.161153,0.133583,0.063283,0.057663000000000006,0.087393,0.12346299999999999,0.049440000000000005,0.03296,0.09234,0.08762,0.06592,0.11668999999999999,0.15724999999999997,0.049440000000000005,0.157613,0.107823,0.222133,0.168043,0.041048,0.033948,0.089788,0.08460799999999999,0.09994,0.10147,0.0941,0.140853,0.10770300000000001,0.132243,0.107143,0.107143,0.126333,0.107143,0.116993,0.06256600000000001,0.027703000000000002,0.06387300000000001,0.060193,0.098053,0.026643,0.040243,0.14608600000000002,0.13431600000000002,0.151926,0.172376,0.137666,0.13922600000000002,0.14208600000000002,0.12215600000000001,0.049440000000000005,0.049440000000000005,0.06592,0.03296,0.11109200000000001,0.10365200000000001,0.109602,0.12373200000000001,0.11535200000000001,0.118382,0.22430299999999997,0.25853299999999996,0.26120299999999996,0.08521999999999999,0.10169999999999998,0.15015299999999998,0.09507299999999999,0.01648,0.07204,0.01915593,0.01915,0.10618100000000001,0.122661,0.01648,0.06592,0.049440000000000005,0.049440000000000005,0.06592,0.03296,0.0,0.040363,0.09296000000000001,0.032962,0.13847900000000002,0.168799,0.147099,0.162859,0.163689,0.040363,0.056843000000000005,0.047963000000000006,0.0528,0.06492600000000001
SW-ARUBA-MUSEO,0.08307300000000001,0.061583000000000006,0.13497299999999998,0.11288000000000001,0.0824,0.08884,0.107363,0.104423,0.033753,0.071023,0.116343,0.026843000000000002,0.027413,0.033863000000000004,0.075433,0.12020299999999999,0.216843,0.12281,0.11550400000000001,0.127224,0.134274,0.07938400000000001,0.077006,0.129946,0.120046,0.054236000000000006,0.052876000000000006,0.056576,0.13325599999999999,0.05276600000000001,0.052896000000000006,0.04960400000000001,0.05154600000000001,0.051176000000000006,0.052121,0.15073,0.09214,0.05015800000000001,0.026573000000000003,0.023883,0.023883,0.023883,0.01648,0.01648,0.01648,0.01648,0.023925000000000002,0.01648,0.023883,0.01648,0.023883,0.051103,0.131933,0.034853,0.21353300000000003,0.112363,0.074883,0.073323,0.05616600000000001,0.08772,0.120226,0.034543000000000004,0.112776,0.119896,0.113576,0.126739,0.109185,0.116462,0.105106,0.041203000000000004,0.056826,0.073466,0.064086,0.09268000000000001,0.01648,0.023883,0.049440000000000005,0.049440000000000005,0.071068,0.10068800000000001,0.05201800000000001,0.02221,0.28464,0.05306,0.048510000000000005,0.220546,0.16855599999999998,0.140986,0.05588,0.050260000000000006,0.07999,0.11606,0.049440000000000005,0.03296,0.09974300000000001,0.09502300000000001,0.073323,0.124093,0.164653,0.056843000000000005,0.165016,0.115226,0.229536,0.175446,0.035395,0.028295,0.08413499999999999,0.078955,0.09994,0.10147,0.0941,0.148256,0.115106,0.139646,0.114546,0.114546,0.133736,0.114546,0.12439599999999999,0.06256600000000001,0.020300000000000002,0.056470000000000006,0.052790000000000004,0.09065000000000001,0.01924,0.03284,0.15348900000000001,0.141719,0.159329,0.179779,0.145069,0.146629,0.149489,0.129559,0.056843000000000005,0.049440000000000005,0.06592,0.040363,0.118495,0.111055,0.117005,0.131135,0.122755,0.12578499999999998,0.21689999999999998,0.25112999999999996,0.25379999999999997,0.092623,0.10910299999999999,0.14275,0.08767,0.023883,0.07944300000000001,0.02655893,0.026553,0.10618100000000001,0.122661,0.049440000000000005,0.073323,0.01648,0.056843000000000005,0.06592,0.03296,0.040363,0.0,0.09296000000000001,0.034773,0.145882,0.176202,0.154502,0.170262,0.171092,0.03296,0.049440000000000005,0.040560000000000006,0.060203,0.06492600000000001
TALL-0A-A12,0.13567,0.11418,0.18757,0.04104,0.01056,0.017,0.15996,0.15702,0.08635000000000001,0.12362000000000001,0.16894,0.07944000000000001,0.08001,0.08646000000000001,0.12803,0.17279999999999998,0.26943999999999996,0.050969999999999994,0.150096,0.16181600000000002,0.16886600000000002,0.11397600000000002,0.111598,0.16453800000000002,0.154638,0.088828,0.087468,0.091168,0.167848,0.087358,0.08748800000000001,0.08419600000000001,0.086138,0.08229600000000001,0.086109,0.07889,0.0203,0.084146,0.084762,0.07648,0.07648,0.07648,0.07648,0.07648,0.07648,0.07648,0.083925,0.07648,0.07648,0.07648,0.07648,0.109292,0.19012199999999999,0.09304200000000001,0.26613,0.09904000000000002,0.061560000000000004,0.060000000000000005,0.087286,0.01588,0.106903,0.09273200000000001,0.09945300000000001,0.106573,0.10025300000000001,0.11341600000000002,0.095862,0.10313900000000001,0.091783,0.0938,0.087946,0.10458600000000001,0.09520600000000001,0.020839999999999997,0.07648,0.07648,0.084032,0.07648,0.10505600000000001,0.134676,0.086006,0.08221,0.34464,0.11306000000000002,0.10851000000000002,0.207223,0.155233,0.127663,0.11588000000000001,0.11026000000000002,0.13999,0.17606,0.07648,0.060000000000000005,0.08642000000000001,0.08170000000000001,0.060000000000000005,0.11077000000000001,0.15133,0.04352,0.151693,0.101903,0.216213,0.16212300000000002,0.09539500000000001,0.08829500000000001,0.14413499999999999,0.138955,0.0281,0.02963,0.02226,0.134933,0.10178300000000001,0.126323,0.10122300000000001,0.10122300000000001,0.12041299999999999,0.10122300000000001,0.111073,0.09715800000000002,0.08030000000000001,0.11647000000000002,0.11279,0.15065,0.07924,0.09284,0.140166,0.128396,0.146006,0.166456,0.131746,0.133306,0.136166,0.116236,0.060000000000000005,0.04352,0.060000000000000005,0.060000000000000005,0.10517200000000002,0.09773200000000001,0.103682,0.117812,0.109432,0.112462,0.2769,0.31112999999999996,0.31379999999999997,0.14522,0.16169999999999998,0.20274999999999999,0.14767,0.07648,0.13204000000000002,0.07915593000000001,0.07915,0.14016900000000002,0.15664900000000004,0.10944000000000001,0.060000000000000005,0.10944000000000001,0.07648,0.02704,0.09296000000000001,0.09296000000000001,0.09296000000000001,0.0,0.09296200000000002,0.132559,0.162879,0.141179,0.156939,0.157769,0.09296000000000001,0.10944000000000001,0.10056000000000001,0.11280000000000001,0.09604600000000002
TEAT-0A-A75,0.07567199999999999,0.054182,0.127572,0.11288200000000001,0.082402,0.088842,0.099962,0.097022,0.026351999999999993,0.063622,0.108942,0.019441999999999997,0.020011999999999995,0.026462,0.068032,0.11280199999999999,0.209442,0.122812,0.131986,0.143706,0.15075599999999997,0.095866,0.093488,0.146428,0.13652799999999998,0.070718,0.069358,0.07305800000000001,0.14973799999999998,0.069248,0.069378,0.066086,0.068028,0.067658,0.068603,0.150732,0.092142,0.06664,0.008199999999999999,0.016481999999999997,0.016481999999999997,0.016481999999999997,0.018293,0.018293,0.018293,0.018293,0.025738,0.018293,0.016481999999999997,0.018293,0.016481999999999997,0.032729999999999995,0.11356,0.016479999999999998,0.206132,0.104962,0.067482,0.06592200000000001,0.07264799999999999,0.08772200000000001,0.112825,0.016169999999999997,0.105375,0.112495,0.10617499999999999,0.11933800000000001,0.101784,0.10906099999999999,0.097705,0.033802,0.07330800000000001,0.089948,0.080568,0.09268200000000001,0.018293,0.016481999999999997,0.06592200000000001,0.06592200000000001,0.08755,0.11717,0.0685,0.024023000000000003,0.286453,0.054873000000000005,0.05032300000000001,0.21314499999999997,0.161155,0.133585,0.057692999999999994,0.05207300000000001,0.081803,0.117873,0.049442,0.032962,0.09234200000000001,0.087622,0.06592200000000001,0.11669199999999999,0.15725199999999998,0.049442,0.157615,0.107825,0.22213499999999997,0.168045,0.037208000000000005,0.030108,0.085948,0.080768,0.099942,0.101472,0.094102,0.140855,0.107705,0.132245,0.10714499999999999,0.10714499999999999,0.12633499999999998,0.10714499999999999,0.116995,0.07904800000000001,0.022113,0.058283,0.054603,0.09246299999999999,0.021053,0.034653,0.146088,0.134318,0.151928,0.17237799999999998,0.137668,0.13922800000000002,0.142088,0.122158,0.049442,0.049442,0.06592200000000001,0.032962,0.111094,0.103654,0.10960400000000001,0.123734,0.115354,0.118384,0.218713,0.252943,0.255613,0.08522199999999999,0.10170199999999999,0.144563,0.08948300000000001,0.016481999999999997,0.072042,0.019157929999999997,0.019151999999999995,0.122663,0.139143,0.049442,0.06592200000000001,0.051253,0.049442,0.06592200000000001,0.06592200000000001,0.032962,0.034773,0.09296200000000002,0.0,0.13848100000000002,0.16880099999999998,0.14710099999999998,0.16286099999999998,0.16369099999999998,0.034773,0.051253,0.042373,0.052801999999999995,0.08140800000000001
TECMED-0B-A42,0.181189,0.159699,0.233089,0.152479,0.121999,0.128439,0.20547899999999997,0.20253899999999997,0.13186900000000001,0.16913899999999998,0.214459,0.124959,0.125529,0.131979,0.173549,0.21831899999999999,0.314959,0.162409,0.195615,0.207335,0.214385,0.159495,0.157117,0.210057,0.20015699999999997,0.134347,0.132987,0.136687,0.21336699999999997,0.132877,0.133007,0.129715,0.131657,0.127815,0.131628,0.190329,0.131739,0.129665,0.130281,0.121999,0.121999,0.121999,0.12940200000000002,0.12940200000000002,0.12940200000000002,0.12940200000000002,0.13509700000000002,0.12940200000000002,0.121999,0.12940200000000002,0.121999,0.154811,0.235641,0.138561,0.311649,0.144559,0.10707900000000001,0.105519,0.132805,0.12731900000000002,0.055896,0.138251,0.048446,0.055566000000000004,0.049246,0.062409000000000006,0.044855,0.02942,0.040776,0.139319,0.133465,0.150105,0.140725,0.132279,0.12940200000000002,0.121999,0.129551,0.121999,0.15057500000000001,0.180195,0.131525,0.135132,0.39756199999999997,0.16598200000000002,0.16143200000000002,0.156216,0.10422599999999999,0.076656,0.168802,0.163182,0.192912,0.22898199999999996,0.121999,0.121999,0.131939,0.127219,0.105519,0.156289,0.196849,0.08903900000000001,0.100686,0.050896,0.165206,0.11111599999999999,0.146567,0.139467,0.195307,0.190127,0.139539,0.141069,0.133699,0.083926,0.050776,0.075316,0.050216,0.050216,0.069406,0.050216,0.060065999999999994,0.142677,0.133222,0.169392,0.16571200000000003,0.20357199999999998,0.132162,0.145762,0.08915900000000002,0.07738900000000001,0.094999,0.115449,0.080739,0.08229900000000001,0.08515900000000001,0.06522900000000001,0.105519,0.105519,0.105519,0.105519,0.054165000000000005,0.046725,0.052675,0.066805,0.058425000000000005,0.061454999999999996,0.32982199999999995,0.36405199999999993,0.36672199999999994,0.190739,0.207219,0.25567199999999995,0.200592,0.121999,0.17755900000000002,0.12467493,0.124669,0.18568800000000002,0.20216800000000001,0.154959,0.072559,0.154959,0.08903900000000001,0.105519,0.13847900000000002,0.13847900000000002,0.145882,0.132559,0.13848100000000002,0.0,0.08915999999999999,0.06745999999999999,0.08322,0.08405000000000001,0.145882,0.162362,0.153482,0.158319,0.141565
TECMED-1A-A141,0.211509,0.190019,0.263409,0.182799,0.152319,0.158759,0.23579899999999998,0.23285899999999998,0.162189,0.199459,0.244779,0.155279,0.155849,0.162299,0.203869,0.24863899999999997,0.34527899999999995,0.19272899999999998,0.225935,0.237655,0.244705,0.189815,0.187437,0.240377,0.230477,0.164667,0.163307,0.16700700000000002,0.243687,0.163197,0.163327,0.160035,0.161977,0.158135,0.161948,0.22064899999999998,0.162059,0.159985,0.160601,0.15231899999999998,0.15231899999999998,0.15231899999999998,0.159722,0.159722,0.159722,0.159722,0.16541699999999998,0.159722,0.15231899999999998,0.159722,0.15231899999999998,0.185131,0.265961,0.168881,0.341969,0.174879,0.137399,0.13583900000000002,0.16312500000000002,0.157639,0.08621599999999999,0.168571,0.078766,0.08588599999999999,0.079566,0.09272899999999999,0.07517499999999999,0.05974,0.07109599999999999,0.16963899999999998,0.16378500000000001,0.180425,0.171045,0.162599,0.159722,0.15231899999999998,0.15987099999999999,0.152319,0.180895,0.210515,0.16184500000000002,0.165452,0.427882,0.196302,0.191752,0.18653599999999998,0.134546,0.10697599999999999,0.199122,0.193502,0.22323199999999999,0.259302,0.152319,0.15231899999999998,0.16225900000000001,0.157539,0.13583900000000002,0.186609,0.22716899999999998,0.11935899999999999,0.13100599999999998,0.081216,0.195526,0.141436,0.176887,0.169787,0.225627,0.22044699999999998,0.169859,0.171389,0.164019,0.11424599999999999,0.081096,0.105636,0.080536,0.080536,0.099726,0.080536,0.090386,0.172997,0.163542,0.199712,0.19603199999999998,0.233892,0.162482,0.176082,0.119479,0.107709,0.12531899999999999,0.145769,0.11105899999999999,0.112619,0.115479,0.095549,0.13583900000000002,0.13583900000000002,0.13583900000000002,0.135839,0.08448499999999999,0.077045,0.082995,0.09712499999999999,0.08874499999999999,0.091775,0.36014199999999996,0.39437199999999994,0.39704199999999995,0.22105899999999998,0.23753899999999997,0.28599199999999997,0.23091199999999998,0.15231899999999998,0.207879,0.15499493,0.154989,0.21600800000000003,0.23248800000000003,0.185279,0.102879,0.185279,0.11935899999999999,0.13583900000000002,0.168799,0.168799,0.176202,0.162879,0.16880099999999998,0.08915999999999999,0.0,0.0217,0.11354,0.11437,0.176202,0.192682,0.183802,0.188639,0.171885
TECMED-1A-A41,0.189809,0.168319,0.24170899999999998,0.161099,0.130619,0.13705900000000001,0.21409899999999998,0.21115899999999999,0.140489,0.177759,0.223079,0.133579,0.134149,0.140599,0.182169,0.22693899999999997,0.32357899999999995,0.171029,0.204235,0.215955,0.223005,0.16811500000000001,0.165737,0.218677,0.208777,0.142967,0.141607,0.14530700000000002,0.221987,0.141497,0.141627,0.138335,0.140277,0.136435,0.140248,0.198949,0.140359,0.138285,0.138901,0.13061899999999999,0.13061899999999999,0.13061899999999999,0.138022,0.138022,0.138022,0.138022,0.14371699999999998,0.138022,0.13061899999999999,0.138022,0.13061899999999999,0.163431,0.24426099999999998,0.147181,0.320269,0.153179,0.115699,0.114139,0.14142500000000002,0.135939,0.06451599999999999,0.146871,0.057066,0.06418599999999999,0.057865999999999994,0.071029,0.053474999999999995,0.03804,0.049395999999999995,0.147939,0.14208500000000002,0.158725,0.149345,0.140899,0.138022,0.13061899999999999,0.138171,0.130619,0.159195,0.188815,0.14014500000000002,0.143752,0.406182,0.174602,0.170052,0.16483599999999998,0.11284599999999999,0.08527599999999999,0.177422,0.171802,0.201532,0.23760199999999998,0.130619,0.13061899999999999,0.14055900000000002,0.13583900000000002,0.114139,0.164909,0.20546899999999998,0.097659,0.10930599999999999,0.059516,0.173826,0.119736,0.155187,0.148087,0.203927,0.19874699999999998,0.148159,0.14968900000000002,0.142319,0.09254599999999999,0.059396,0.083936,0.058836,0.058836,0.078026,0.058836,0.068686,0.15129700000000001,0.141842,0.178012,0.174332,0.212192,0.140782,0.154382,0.097779,0.086009,0.10361899999999999,0.124069,0.089359,0.090919,0.093779,0.073849,0.114139,0.114139,0.114139,0.11413899999999999,0.062785,0.055345,0.061294999999999995,0.07542499999999999,0.067045,0.070075,0.33844199999999997,0.37267199999999995,0.37534199999999995,0.19935899999999998,0.21583899999999998,0.26429199999999997,0.20921199999999998,0.13061899999999999,0.186179,0.13329493,0.133289,0.19430800000000004,0.21078800000000003,0.163579,0.081179,0.163579,0.097659,0.114139,0.147099,0.147099,0.154502,0.141179,0.14710099999999998,0.06745999999999999,0.0217,0.0,0.09184,0.09267,0.154502,0.170982,0.162102,0.166939,0.150185
TECMED-2C-A43,0.205569,0.184079,0.25746899999999995,0.176859,0.14637899999999998,0.15281899999999998,0.22985899999999998,0.22691899999999998,0.156249,0.193519,0.238839,0.149339,0.149909,0.156359,0.197929,0.24269899999999997,0.33933899999999995,0.18678899999999998,0.219995,0.231715,0.238765,0.183875,0.181497,0.234437,0.224537,0.158727,0.157367,0.16106700000000002,0.23774699999999999,0.157257,0.157387,0.154095,0.156037,0.152195,0.156008,0.21470899999999998,0.15611899999999998,0.154045,0.154661,0.14637899999999998,0.14637899999999998,0.14637899999999998,0.153782,0.153782,0.153782,0.153782,0.15947699999999998,0.153782,0.14637899999999998,0.153782,0.14637899999999998,0.179191,0.26002099999999995,0.162941,0.336029,0.168939,0.131459,0.129899,0.15718500000000002,0.15169899999999997,0.08027600000000001,0.162631,0.072826,0.079946,0.07362600000000001,0.086789,0.069235,0.0538,0.065156,0.16369899999999998,0.157845,0.174485,0.165105,0.156659,0.153782,0.14637899999999998,0.15393099999999998,0.146379,0.174955,0.204575,0.15590500000000002,0.159512,0.421942,0.190362,0.185812,0.180596,0.128606,0.10103600000000001,0.193182,0.187562,0.21729199999999999,0.253362,0.146379,0.14637899999999998,0.156319,0.151599,0.129899,0.180669,0.22122899999999998,0.11341899999999999,0.125066,0.07527600000000001,0.189586,0.135496,0.170947,0.163847,0.219687,0.21450699999999998,0.16391899999999998,0.16544899999999998,0.158079,0.10830600000000001,0.075156,0.099696,0.07459600000000001,0.07459600000000001,0.09378600000000001,0.07459600000000001,0.08444600000000001,0.167057,0.157602,0.193772,0.19009199999999998,0.227952,0.156542,0.170142,0.11353900000000001,0.10176900000000001,0.119379,0.139829,0.105119,0.10667900000000001,0.10953900000000001,0.08960900000000001,0.129899,0.129899,0.129899,0.129899,0.078545,0.071105,0.07705500000000001,0.091185,0.082805,0.08583500000000001,0.35420199999999996,0.38843199999999994,0.39110199999999995,0.21511899999999998,0.23159899999999997,0.28005199999999997,0.22497199999999998,0.14637899999999998,0.201939,0.14905493,0.149049,0.21006800000000003,0.22654800000000003,0.179339,0.096939,0.179339,0.11341899999999999,0.129899,0.162859,0.162859,0.170262,0.156939,0.16286099999999998,0.08322,0.11354,0.09184,0.0,0.10843,0.170262,0.186742,0.177862,0.182699,0.165945
TECMED-3D-A44,0.206399,0.184909,0.25829899999999995,0.17768899999999999,0.14720899999999998,0.15364899999999998,0.23068899999999998,0.22774899999999998,0.157079,0.194349,0.239669,0.150169,0.15073899999999998,0.157189,0.198759,0.24352899999999997,0.34016899999999994,0.18761899999999998,0.220825,0.232545,0.239595,0.184705,0.182327,0.235267,0.22536699999999998,0.159557,0.158197,0.161897,0.23857699999999998,0.158087,0.158217,0.154925,0.156867,0.153025,0.156838,0.21553899999999998,0.15694899999999998,0.15487499999999998,0.155491,0.14720899999999998,0.14720899999999998,0.14720899999999998,0.154612,0.154612,0.154612,0.154612,0.16030699999999998,0.154612,0.14720899999999998,0.154612,0.14720899999999998,0.180021,0.26085099999999994,0.163771,0.336859,0.169769,0.132289,0.13072899999999998,0.15801500000000002,0.15252899999999997,0.08110600000000001,0.163461,0.073656,0.080776,0.07445600000000001,0.087619,0.070065,0.054630000000000005,0.065986,0.16452899999999998,0.158675,0.175315,0.165935,0.157489,0.154612,0.14720899999999998,0.15476099999999998,0.147209,0.175785,0.205405,0.156735,0.16034199999999998,0.422772,0.191192,0.186642,0.181426,0.129436,0.10186600000000001,0.194012,0.188392,0.21812199999999998,0.254192,0.147209,0.14720899999999998,0.157149,0.152429,0.13072899999999998,0.181499,0.22205899999999998,0.11424899999999999,0.125896,0.07610600000000001,0.190416,0.136326,0.17177699999999999,0.164677,0.220517,0.21533699999999997,0.16474899999999998,0.16627899999999998,0.158909,0.10913600000000001,0.075986,0.100526,0.075426,0.075426,0.094616,0.075426,0.085276,0.167887,0.158432,0.194602,0.19092199999999998,0.22878199999999999,0.15737199999999998,0.17097199999999999,0.11436900000000001,0.10259900000000001,0.120209,0.140659,0.105949,0.10750900000000001,0.11036900000000001,0.090439,0.13072899999999998,0.13072899999999998,0.13072899999999998,0.13072899999999998,0.079375,0.071935,0.07788500000000001,0.092015,0.083635,0.086665,0.35503199999999996,0.38926199999999994,0.39193199999999995,0.21594899999999997,0.23242899999999997,0.28088199999999997,0.22580199999999997,0.14720899999999998,0.202769,0.14988493,0.14987899999999998,0.21089800000000003,0.22737800000000002,0.180169,0.097769,0.180169,0.11424899999999999,0.13072899999999998,0.163689,0.163689,0.171092,0.157769,0.16369099999999998,0.08405000000000001,0.11437,0.09267,0.10843,0.0,0.171092,0.187572,0.178692,0.183529,0.166775
TECQUI-0A-A10,0.08307300000000001,0.061583000000000006,0.13497299999999998,0.11288000000000001,0.0824,0.08884,0.107363,0.104423,0.033753,0.071023,0.116343,0.026843000000000002,0.027413,0.033863000000000004,0.075433,0.12020299999999999,0.216843,0.12281,0.131984,0.143704,0.150754,0.09586400000000002,0.09348600000000001,0.146426,0.13652599999999998,0.070716,0.069356,0.07305600000000001,0.14973599999999998,0.069246,0.06937600000000001,0.066084,0.068026,0.06765600000000001,0.06860100000000001,0.15073,0.09214,0.066638,0.026573000000000003,0.023883,0.023883,0.023883,0.01648,0.01648,0.01648,0.01648,0.023925000000000002,0.01648,0.023883,0.01648,0.023883,0.051103,0.131933,0.034853,0.21353300000000003,0.112363,0.074883,0.073323,0.072646,0.08772,0.120226,0.034543000000000004,0.112776,0.119896,0.113576,0.126739,0.109185,0.116462,0.105106,0.041203000000000004,0.07330600000000001,0.089946,0.080566,0.09268000000000001,0.01648,0.023883,0.06592,0.06592,0.08754800000000001,0.11716800000000001,0.068498,0.02221,0.28464,0.05306,0.048510000000000005,0.220546,0.16855599999999998,0.140986,0.05588,0.050260000000000006,0.07999,0.11606,0.049440000000000005,0.03296,0.09974300000000001,0.09502300000000001,0.073323,0.124093,0.164653,0.056843000000000005,0.165016,0.115226,0.229536,0.175446,0.035395,0.028295,0.08413499999999999,0.078955,0.09994,0.10147,0.0941,0.148256,0.115106,0.139646,0.114546,0.114546,0.133736,0.114546,0.12439599999999999,0.079046,0.020300000000000002,0.056470000000000006,0.052790000000000004,0.09065000000000001,0.01924,0.03284,0.15348900000000001,0.141719,0.159329,0.179779,0.145069,0.146629,0.149489,0.129559,0.056843000000000005,0.049440000000000005,0.06592,0.040363,0.118495,0.111055,0.117005,0.131135,0.122755,0.12578499999999998,0.21689999999999998,0.25112999999999996,0.25379999999999997,0.092623,0.10910299999999999,0.14275,0.08767,0.023883,0.07944300000000001,0.02655893,0.026553,0.122661,0.13914100000000001,0.056843000000000005,0.073323,0.049440000000000005,0.056843000000000005,0.06592,0.06592,0.040363,0.03296,0.09296000000000001,0.034773,0.145882,0.176202,0.154502,0.170262,0.171092,0.0,0.01648,0.0076,0.060203,0.081406
TECQUI-0A-A11,0.099553,0.07806300000000001,0.15145299999999998,0.12936,0.09888,0.10532,0.12384300000000001,0.12090300000000001,0.050233,0.087503,0.132823,0.043323,0.043893,0.050343000000000006,0.091913,0.136683,0.233323,0.13929,0.14846399999999998,0.160184,0.167234,0.11234400000000003,0.10996600000000001,0.162906,0.15300599999999998,0.087196,0.085836,0.089536,0.16621599999999997,0.085726,0.08585600000000002,0.082564,0.084506,0.08413600000000002,0.08508100000000002,0.16721,0.10862,0.083118,0.04305300000000001,0.040363,0.040363,0.040363,0.03296,0.03296,0.03296,0.03296,0.040405,0.03296,0.040363,0.03296,0.040363,0.067583,0.148413,0.051333000000000004,0.23001300000000002,0.128843,0.091363,0.089803,0.08912600000000001,0.10420000000000001,0.136706,0.051023000000000006,0.129256,0.136376,0.130056,0.14321899999999999,0.125665,0.132942,0.121586,0.057683000000000005,0.089786,0.10642599999999999,0.097046,0.10916000000000001,0.03296,0.040363,0.0824,0.0824,0.10402800000000001,0.13364800000000002,0.084978,0.03869,0.30112,0.06954,0.06499,0.237026,0.18503599999999998,0.157466,0.07236000000000001,0.06674000000000001,0.09647,0.13254,0.06592,0.049440000000000005,0.11622300000000002,0.11150300000000002,0.089803,0.140573,0.181133,0.073323,0.181496,0.131706,0.24601599999999998,0.19192599999999999,0.051875000000000004,0.044775,0.10061499999999998,0.09543499999999999,0.11642,0.11795,0.11058000000000001,0.164736,0.131586,0.156126,0.131026,0.131026,0.150216,0.131026,0.140876,0.095526,0.03678000000000001,0.07295000000000001,0.06927,0.10713,0.03572,0.04932,0.169969,0.158199,0.175809,0.196259,0.161549,0.163109,0.165969,0.146039,0.073323,0.06592,0.0824,0.056843000000000005,0.134975,0.127535,0.133485,0.147615,0.139235,0.14226499999999997,0.23337999999999998,0.26760999999999996,0.27027999999999996,0.109103,0.125583,0.15922999999999998,0.10414999999999999,0.040363,0.09592300000000001,0.04303893,0.043033,0.13914100000000001,0.155621,0.073323,0.089803,0.06592,0.073323,0.0824,0.0824,0.056843000000000005,0.049440000000000005,0.10944000000000001,0.051253,0.162362,0.192682,0.170982,0.186742,0.187572,0.01648,0.0,0.02408,0.076683,0.097886
TECQUI-0A-A12,0.090673,0.06918300000000001,0.14257299999999998,0.12048,0.09,0.09644,0.114963,0.112023,0.041353,0.078623,0.123943,0.034443,0.035013,0.04146300000000001,0.083033,0.127803,0.224443,0.13041,0.13958399999999999,0.151304,0.158354,0.10346400000000001,0.10108600000000001,0.154026,0.14412599999999998,0.078316,0.076956,0.080656,0.15733599999999998,0.076846,0.076976,0.073684,0.075626,0.075256,0.076201,0.15833,0.09974,0.074238,0.034173,0.031483000000000004,0.031483000000000004,0.031483000000000004,0.02408,0.02408,0.02408,0.02408,0.031525000000000004,0.02408,0.031483000000000004,0.02408,0.031483000000000004,0.058703000000000005,0.139533,0.042453000000000005,0.22113300000000002,0.119963,0.082483,0.080923,0.080246,0.09532,0.127826,0.04214300000000001,0.120376,0.127496,0.12117599999999999,0.134339,0.116785,0.12406199999999999,0.112706,0.048803000000000006,0.080906,0.097546,0.088166,0.10028000000000001,0.02408,0.031483000000000004,0.07352,0.07352,0.09514800000000001,0.124768,0.076098,0.02981,0.29224,0.060660000000000006,0.05611000000000001,0.228146,0.17615599999999998,0.148586,0.06348,0.05786000000000001,0.08759,0.12365999999999999,0.05704000000000001,0.040560000000000006,0.10734300000000001,0.102623,0.080923,0.131693,0.172253,0.064443,0.172616,0.12282599999999999,0.23713599999999999,0.183046,0.042995000000000005,0.035895,0.09173499999999998,0.08655499999999999,0.10754,0.10907,0.1017,0.155856,0.122706,0.147246,0.12214599999999999,0.12214599999999999,0.141336,0.12214599999999999,0.131996,0.086646,0.0279,0.06407,0.060390000000000006,0.09825,0.02684,0.040440000000000004,0.161089,0.149319,0.166929,0.187379,0.152669,0.154229,0.157089,0.137159,0.064443,0.05704000000000001,0.07352,0.047963000000000006,0.126095,0.118655,0.124605,0.138735,0.130355,0.13338499999999998,0.22449999999999998,0.25872999999999996,0.26139999999999997,0.10022299999999999,0.11670299999999999,0.15034999999999998,0.09527,0.031483000000000004,0.08704300000000001,0.034158930000000004,0.034153,0.13026100000000002,0.146741,0.064443,0.080923,0.05704000000000001,0.064443,0.07352,0.07352,0.047963000000000006,0.040560000000000006,0.10056000000000001,0.042373,0.153482,0.183802,0.162102,0.177862,0.178692,0.0076,0.02408,0.0,0.067803,0.089006
VIN-0A-A72,0.09551,0.07402,0.14740999999999999,0.13272,0.10224,0.10868,0.11979999999999999,0.11685999999999999,0.046189999999999995,0.08346,0.12878,0.039279999999999995,0.03985,0.0463,0.08787,0.13263999999999998,0.22927999999999998,0.14265,0.151824,0.163544,0.17059399999999997,0.115704,0.11332600000000001,0.166266,0.15636599999999998,0.090556,0.089196,0.092896,0.16957599999999998,0.089086,0.089216,0.085924,0.087866,0.087496,0.088441,0.17057,0.11198,0.086478,0.044601999999999996,0.03632,0.03632,0.03632,0.043723,0.043723,0.043723,0.043723,0.049418,0.043723,0.03632,0.043723,0.03632,0.069132,0.14996199999999998,0.052882,0.22597,0.1248,0.08732000000000001,0.08576,0.092486,0.10756,0.132663,0.052571999999999994,0.12521300000000002,0.132333,0.126013,0.13917600000000002,0.12162200000000001,0.12889899999999999,0.11754300000000001,0.05363999999999999,0.093146,0.109786,0.100406,0.11252000000000001,0.043723,0.03632,0.08576,0.08576,0.10738800000000001,0.137008,0.088338,0.049453,0.311883,0.080303,0.075753,0.232983,0.180993,0.153423,0.083123,0.077503,0.107233,0.14330299999999999,0.06928000000000001,0.0528,0.11218,0.10746,0.08576,0.13652999999999998,0.17708999999999997,0.06928000000000001,0.177453,0.127663,0.241973,0.187883,0.060888,0.053787999999999996,0.109628,0.10444799999999999,0.11978,0.12131,0.11394,0.160693,0.12754300000000002,0.152083,0.126983,0.126983,0.146173,0.126983,0.13683299999999998,0.098886,0.047543,0.08371300000000001,0.08003299999999999,0.117893,0.046483,0.060083,0.16592600000000002,0.15415600000000002,0.171766,0.192216,0.157506,0.159066,0.16192600000000001,0.141996,0.06928000000000001,0.06928000000000001,0.08576,0.0528,0.130932,0.123492,0.129442,0.143572,0.135192,0.138222,0.24414299999999997,0.278373,0.281043,0.10505999999999999,0.12153999999999998,0.16999299999999998,0.11491299999999999,0.03632,0.09188,0.03899593,0.03899,0.142501,0.15898099999999998,0.06928000000000001,0.08576,0.076683,0.06928000000000001,0.08576,0.08576,0.0528,0.060203,0.11280000000000001,0.052801999999999995,0.158319,0.188639,0.166939,0.182699,0.183529,0.060203,0.076683,0.067803,0.0,0.101246
VLIR-0A-A107,0.124116,0.10262600000000001,0.176016,0.11596600000000001,0.085486,0.09192600000000001,0.14840599999999998,0.14546599999999998,0.074796,0.11206600000000001,0.15738600000000003,0.067886,0.068456,0.074906,0.11647600000000001,0.161246,0.257886,0.125896,0.08155,0.09327,0.10031999999999999,0.04543,0.043052,0.09599200000000001,0.086092,0.020282,0.018922,0.022622,0.09930199999999999,0.018812,0.018942,0.01565,0.017592,0.01375,0.018167,0.153816,0.095226,0.016204,0.073208,0.06492600000000001,0.06492600000000001,0.06492600000000001,0.06492600000000001,0.06492600000000001,0.06492600000000001,0.06492600000000001,0.072371,0.06492600000000001,0.06492600000000001,0.06492600000000001,0.06492600000000001,0.097738,0.178568,0.081488,0.254576,0.108046,0.070566,0.06900600000000001,0.01874,0.09080600000000001,0.11590900000000001,0.081178,0.10845900000000001,0.11557900000000002,0.10925900000000001,0.12242200000000002,0.10486800000000002,0.11214500000000001,0.10078900000000002,0.082246,0.0194,0.03604,0.02666,0.09576600000000002,0.06492600000000001,0.06492600000000001,0.015486,0.019566,0.037114,0.066734,0.018064,0.070656,0.333086,0.10150600000000001,0.09695600000000001,0.216229,0.164239,0.136669,0.104326,0.09870600000000002,0.128436,0.16450599999999999,0.031966,0.048446,0.09542600000000001,0.09070600000000001,0.06900600000000001,0.119776,0.16033599999999998,0.052526,0.160699,0.11090900000000001,0.225219,0.171129,0.083841,0.076741,0.132581,0.127401,0.103026,0.10455600000000001,0.09718600000000001,0.143939,0.11078900000000001,0.135329,0.11022900000000001,0.11022900000000001,0.129419,0.11022900000000001,0.120079,0.028612,0.068746,0.10491600000000001,0.101236,0.139096,0.067686,0.081286,0.14917200000000003,0.13740200000000002,0.155012,0.175462,0.14075200000000002,0.14231200000000002,0.14517200000000002,0.12524200000000002,0.048446,0.052526,0.036046,0.06492600000000001,0.11417800000000002,0.10673800000000001,0.11268800000000001,0.12681800000000001,0.11843800000000002,0.121468,0.26534599999999997,0.29957599999999995,0.30224599999999996,0.133666,0.150146,0.19119599999999998,0.13611600000000001,0.06492600000000001,0.12048600000000001,0.06760193,0.067596,0.07222700000000001,0.08870700000000001,0.048446,0.06900600000000001,0.048446,0.081406,0.06900600000000001,0.031966,0.06492600000000001,0.06492600000000001,0.09604600000000002,0.08140800000000001,0.141565,0.171885,0.150185,0.165945,0.166775,0.081406,0.097886,0.089006,0.101246,0.0
