ataque,modelo,removed,f,S_mean,S_std,AUC_S,f50
fallo_aleatorio,UCuenca,0,0.0,1.0,0.0,0.2779852532797089,0.23728813559322035
fallo_aleatorio,UCuenca,1,0.005649717514124294,0.9865536723163858,0.02685941077761927,0.2779852532797089,0.23728813559322035
fallo_aleatorio,UCuenca,2,0.011299435028248588,0.9751977401129943,0.03513040755006837,0.2779852532797089,0.23728813559322035
fallo_aleatorio,UCuenca,3,0.01694915254237288,0.9636723163841815,0.03710641589569775,0.2779852532797089,0.23728813559322035
fallo_aleatorio,UCuenca,4,0.022598870056497175,0.9400564971751411,0.06259350400611137,0.2779852532797089,0.23728813559322035
fallo_aleatorio,UCuenca,5,0.02824858757062147,0.9277401129943503,0.06651616167414957,0.2779852532797089,0.23728813559322035
fallo_aleatorio,UCuenca,6,0.03389830508474576,0.9155367231638419,0.0658148553286076,0.2779852532797089,0.23728813559322035
fallo_aleatorio,UCuenca,7,0.03954802259887006,0.8988135593220343,0.07401739803835436,0.2779852532797089,0.23728813559322035
fallo_aleatorio,UCuenca,8,0.04519774011299435,0.8877401129943501,0.07818032874988604,0.2779852532797089,0.23728813559322035
fallo_aleatorio,UCuenca,9,0.05084745762711865,0.872033898305085,0.08164099004133003,0.2779852532797089,0.23728813559322035
fallo_aleatorio,UCuenca,10,0.05649717514124294,0.8587005649717514,0.08488259607020282,0.2779852532797089,0.23728813559322035
fallo_aleatorio,UCuenca,11,0.062146892655367235,0.8467796610169493,0.08503737231886326,0.2779852532797089,0.23728813559322035
fallo_aleatorio,UCuenca,12,0.06779661016949153,0.830282485875706,0.09326026063910206,0.2779852532797089,0.23728813559322035
fallo_aleatorio,UCuenca,13,0.07344632768361582,0.8182485875706216,0.09394275117905058,0.2779852532797089,0.23728813559322035
fallo_aleatorio,UCuenca,14,0.07909604519774012,0.8079096045197738,0.09657914429346957,0.2779852532797089,0.23728813559322035
fallo_aleatorio,UCuenca,15,0.0847457627118644,0.7980790960451978,0.0953988949839011,0.2779852532797089,0.23728813559322035
fallo_aleatorio,UCuenca,16,0.0903954802259887,0.780508474576271,0.1032628935528845,0.2779852532797089,0.23728813559322035
fallo_aleatorio,UCuenca,17,0.096045197740113,0.7684745762711863,0.10593109626768375,0.2779852532797089,0.23728813559322035
fallo_aleatorio,UCuenca,18,0.1016949152542373,0.7568361581920903,0.10692155699149025,0.2779852532797089,0.23728813559322035
fallo_aleatorio,UCuenca,19,0.10734463276836158,0.7462711864406777,0.10657474479193772,0.2779852532797089,0.23728813559322035
fallo_aleatorio,UCuenca,20,0.11299435028248588,0.7331638418079096,0.10896441729550889,0.2779852532797089,0.23728813559322035
fallo_aleatorio,UCuenca,21,0.11864406779661017,0.717514124293785,0.11256839189817223,0.2779852532797089,0.23728813559322035
fallo_aleatorio,UCuenca,22,0.12429378531073447,0.7045762711864405,0.11765839271385271,0.2779852532797089,0.23728813559322035
fallo_aleatorio,UCuenca,23,0.12994350282485875,0.6924858757062147,0.11935597309579829,0.2779852532797089,0.23728813559322035
fallo_aleatorio,UCuenca,24,0.13559322033898305,0.6771186440677966,0.11795145719653094,0.2779852532797089,0.23728813559322035
fallo_aleatorio,UCuenca,25,0.14124293785310735,0.6638418079096041,0.11724719353295934,0.2779852532797089,0.23728813559322035
fallo_aleatorio,UCuenca,26,0.14689265536723164,0.6531638418079093,0.11528493514575285,0.2779852532797089,0.23728813559322035
fallo_aleatorio,UCuenca,27,0.15254237288135594,0.6443502824858757,0.11452024263117164,0.2779852532797089,0.23728813559322035
fallo_aleatorio,UCuenca,28,0.15819209039548024,0.6359887005649718,0.11278087178549882,0.2779852532797089,0.23728813559322035
fallo_aleatorio,UCuenca,29,0.1638418079096045,0.628135593220339,0.11266395799150648,0.2779852532797089,0.23728813559322035
fallo_aleatorio,UCuenca,30,0.1694915254237288,0.6122598870056496,0.1174674044196533,0.2779852532797089,0.23728813559322035
fallo_aleatorio,UCuenca,31,0.1751412429378531,0.6031638418079097,0.1138163333963954,0.2779852532797089,0.23728813559322035
fallo_aleatorio,UCuenca,32,0.1807909604519774,0.5884745762711865,0.11422804231756582,0.2779852532797089,0.23728813559322035
fallo_aleatorio,UCuenca,33,0.1864406779661017,0.5800564971751413,0.11367442152179526,0.2779852532797089,0.23728813559322035
fallo_aleatorio,UCuenca,34,0.192090395480226,0.5693785310734465,0.1156972283825642,0.2779852532797089,0.23728813559322035
fallo_aleatorio,UCuenca,35,0.1977401129943503,0.5577966101694916,0.11963550128764447,0.2779852532797089,0.23728813559322035
fallo_aleatorio,UCuenca,36,0.2033898305084746,0.5481920903954803,0.11711775335992057,0.2779852532797089,0.23728813559322035
fallo_aleatorio,UCuenca,37,0.20903954802259886,0.5391525423728815,0.1171970109935167,0.2779852532797089,0.23728813559322035
fallo_aleatorio,UCuenca,38,0.21468926553672316,0.5329378531073448,0.114946485244204,0.2779852532797089,0.23728813559322035
fallo_aleatorio,UCuenca,39,0.22033898305084745,0.5192655367231639,0.11769346310508962,0.2779852532797089,0.23728813559322035
fallo_aleatorio,UCuenca,40,0.22598870056497175,0.5132203389830508,0.11588696077888473,0.2779852532797089,0.23728813559322035
fallo_aleatorio,UCuenca,41,0.23163841807909605,0.5027683615819208,0.11610869627719574,0.2779852532797089,0.23728813559322035
fallo_aleatorio,UCuenca,42,0.23728813559322035,0.49209039548022604,0.11678429772252218,0.2779852532797089,0.23728813559322035
fallo_aleatorio,UCuenca,43,0.24293785310734464,0.4848022598870056,0.11598144649412073,0.2779852532797089,0.23728813559322035
fallo_aleatorio,UCuenca,44,0.24858757062146894,0.47508474576271176,0.11216696163818182,0.2779852532797089,0.23728813559322035
fallo_aleatorio,UCuenca,45,0.2542372881355932,0.46451977401129924,0.11382613441203276,0.2779852532797089,0.23728813559322035
fallo_aleatorio,UCuenca,46,0.2598870056497175,0.4523163841807908,0.11258219644710173,0.2779852532797089,0.23728813559322035
fallo_aleatorio,UCuenca,47,0.2655367231638418,0.4446892655367231,0.1113105583586117,0.2779852532797089,0.23728813559322035
fallo_aleatorio,UCuenca,48,0.2711864406779661,0.4346327683615819,0.10826505081147074,0.2779852532797089,0.23728813559322035
fallo_aleatorio,UCuenca,49,0.2768361581920904,0.425649717514124,0.11031526929153544,0.2779852532797089,0.23728813559322035
fallo_aleatorio,UCuenca,50,0.2824858757062147,0.4164406779661015,0.1113597889217114,0.2779852532797089,0.23728813559322035
fallo_aleatorio,UCuenca,51,0.288135593220339,0.4093785310734461,0.11075920932590702,0.2779852532797089,0.23728813559322035
fallo_aleatorio,UCuenca,52,0.2937853107344633,0.40401129943502817,0.10934439056143648,0.2779852532797089,0.23728813559322035
fallo_aleatorio,UCuenca,53,0.2994350282485876,0.39480225988700546,0.10687136802401301,0.2779852532797089,0.23728813559322035
fallo_aleatorio,UCuenca,54,0.3050847457627119,0.3827683615819207,0.10726914149577403,0.2779852532797089,0.23728813559322035
fallo_aleatorio,UCuenca,55,0.3107344632768362,0.37598870056497175,0.10507663015508491,0.2779852532797089,0.23728813559322035
fallo_aleatorio,UCuenca,56,0.3163841807909605,0.3690395480225988,0.10539680561893908,0.2779852532797089,0.23728813559322035
fallo_aleatorio,UCuenca,57,0.3220338983050847,0.36050847457627105,0.10300441868218313,0.2779852532797089,0.23728813559322035
fallo_aleatorio,UCuenca,58,0.327683615819209,0.3540677966101694,0.10063379832021518,0.2779852532797089,0.23728813559322035
fallo_aleatorio,UCuenca,59,0.3333333333333333,0.3474576271186441,0.10121026887909619,0.2779852532797089,0.23728813559322035
fallo_aleatorio,UCuenca,60,0.3389830508474576,0.3390960451977401,0.09966452636625589,0.2779852532797089,0.23728813559322035
fallo_aleatorio,UCuenca,61,0.3446327683615819,0.3264406779661017,0.09381060969589433,0.2779852532797089,0.23728813559322035
fallo_aleatorio,UCuenca,62,0.3502824858757062,0.3203954802259888,0.09415612034631647,0.2779852532797089,0.23728813559322035
fallo_aleatorio,UCuenca,63,0.3559322033898305,0.3125988700564972,0.09181830853445908,0.2779852532797089,0.23728813559322035
fallo_aleatorio,UCuenca,64,0.3615819209039548,0.3072881355932203,0.09175100409813756,0.2779852532797089,0.23728813559322035
fallo_aleatorio,UCuenca,65,0.3672316384180791,0.2989830508474575,0.09325251624048764,0.2779852532797089,0.23728813559322035
fallo_aleatorio,UCuenca,66,0.3728813559322034,0.2902259887005648,0.09330427740405225,0.2779852532797089,0.23728813559322035
fallo_aleatorio,UCuenca,67,0.3785310734463277,0.28542372881355915,0.09117494788815954,0.2779852532797089,0.23728813559322035
fallo_aleatorio,UCuenca,68,0.384180790960452,0.27677966101694895,0.09250901527291286,0.2779852532797089,0.23728813559322035
fallo_aleatorio,UCuenca,69,0.3898305084745763,0.26937853107344617,0.08936913783159889,0.2779852532797089,0.23728813559322035
fallo_aleatorio,UCuenca,70,0.3954802259887006,0.25847457627118625,0.08574756461313744,0.2779852532797089,0.23728813559322035
fallo_aleatorio,UCuenca,71,0.4011299435028249,0.2518079096045197,0.08707912135047181,0.2779852532797089,0.23728813559322035
fallo_aleatorio,UCuenca,72,0.4067796610169492,0.247909604519774,0.08579983252241184,0.2779852532797089,0.23728813559322035
fallo_aleatorio,UCuenca,73,0.4124293785310734,0.24050847457627111,0.08257508393540415,0.2779852532797089,0.23728813559322035
fallo_aleatorio,UCuenca,74,0.4180790960451977,0.23570621468926548,0.08193941939699832,0.2779852532797089,0.23728813559322035
fallo_aleatorio,UCuenca,75,0.423728813559322,0.22666666666666668,0.08127647397128915,0.2779852532797089,0.23728813559322035
fallo_aleatorio,UCuenca,76,0.4293785310734463,0.2171751412429378,0.08040318562113481,0.2779852532797089,0.23728813559322035
fallo_aleatorio,UCuenca,77,0.4350282485875706,0.21271186440677958,0.07807187427398651,0.2779852532797089,0.23728813559322035
fallo_aleatorio,UCuenca,78,0.4406779661016949,0.2062146892655366,0.07544290395351082,0.2779852532797089,0.23728813559322035
fallo_aleatorio,UCuenca,79,0.4463276836158192,0.203276836158192,0.0747019739241493,0.2779852532797089,0.23728813559322035
fallo_aleatorio,UCuenca,80,0.4519774011299435,0.19898305084745754,0.07298429292636625,0.2779852532797089,0.23728813559322035
fallo_aleatorio,UCuenca,81,0.4576271186440678,0.19192090395480219,0.06968426810348187,0.2779852532797089,0.23728813559322035
fallo_aleatorio,UCuenca,82,0.4632768361581921,0.187457627118644,0.06928952248081226,0.2779852532797089,0.23728813559322035
fallo_aleatorio,UCuenca,83,0.4689265536723164,0.1833898305084745,0.06771295415117388,0.2779852532797089,0.23728813559322035
fallo_aleatorio,UCuenca,84,0.4745762711864407,0.17751412429378527,0.0649459665132939,0.2779852532797089,0.23728813559322035
fallo_aleatorio,UCuenca,85,0.480225988700565,0.17322033898305086,0.06425241134427427,0.2779852532797089,0.23728813559322035
fallo_aleatorio,UCuenca,86,0.4858757062146893,0.16824858757062142,0.06457955362798612,0.2779852532797089,0.23728813559322035
fallo_aleatorio,UCuenca,87,0.4915254237288136,0.1618079096045197,0.06492282832373644,0.2779852532797089,0.23728813559322035
fallo_aleatorio,UCuenca,88,0.4971751412429379,0.15830508474576266,0.06339748080133238,0.2779852532797089,0.23728813559322035
fallo_aleatorio,UCuenca,89,0.5028248587570622,0.15497175141242933,0.06381453071864375,0.2779852532797089,0.23728813559322035
fallo_aleatorio,UCuenca,90,0.5084745762711864,0.15090395480225985,0.06304209133179026,0.2779852532797089,0.23728813559322035
fallo_aleatorio,UCuenca,91,0.5141242937853108,0.14519774011299436,0.05999823850122032,0.2779852532797089,0.23728813559322035
fallo_aleatorio,UCuenca,92,0.519774011299435,0.14129943502824863,0.059023005584316314,0.2779852532797089,0.23728813559322035
fallo_aleatorio,UCuenca,93,0.5254237288135594,0.1376271186440678,0.058258899001754155,0.2779852532797089,0.23728813559322035
fallo_aleatorio,UCuenca,94,0.5310734463276836,0.1312994350282486,0.055912745055018934,0.2779852532797089,0.23728813559322035
fallo_aleatorio,UCuenca,95,0.536723163841808,0.1275706214689266,0.05336993608833852,0.2779852532797089,0.23728813559322035
fallo_aleatorio,UCuenca,96,0.5423728813559322,0.12282485875706212,0.05270390886569479,0.2779852532797089,0.23728813559322035
fallo_aleatorio,UCuenca,97,0.5480225988700564,0.11824858757062144,0.05094093128575966,0.2779852532797089,0.23728813559322035
fallo_aleatorio,UCuenca,98,0.5536723163841808,0.11576271186440679,0.04930213425206215,0.2779852532797089,0.23728813559322035
fallo_aleatorio,UCuenca,99,0.559322033898305,0.11203389830508476,0.047351082767070916,0.2779852532797089,0.23728813559322035
fallo_aleatorio,UCuenca,100,0.5649717514124294,0.11056497175141246,0.046990188096650926,0.2779852532797089,0.23728813559322035
fallo_aleatorio,UCuenca,101,0.5706214689265536,0.10638418079096047,0.044333858806099594,0.2779852532797089,0.23728813559322035
fallo_aleatorio,UCuenca,102,0.576271186440678,0.10316384180790962,0.0452235559441016,0.2779852532797089,0.23728813559322035
fallo_aleatorio,UCuenca,103,0.5819209039548022,0.10073446327683618,0.044782482913959025,0.2779852532797089,0.23728813559322035
fallo_aleatorio,UCuenca,104,0.5875706214689266,0.09870056497175143,0.04462669997472999,0.2779852532797089,0.23728813559322035
fallo_aleatorio,UCuenca,105,0.5932203389830508,0.09553672316384183,0.043266798203912514,0.2779852532797089,0.23728813559322035
fallo_aleatorio,UCuenca,106,0.5988700564971752,0.0906779661016949,0.03987986587071132,0.2779852532797089,0.23728813559322035
fallo_aleatorio,UCuenca,107,0.6045197740112994,0.08757062146892654,0.03865752145389567,0.2779852532797089,0.23728813559322035
fallo_aleatorio,UCuenca,108,0.6101694915254238,0.0846327683615819,0.03772448615268183,0.2779852532797089,0.23728813559322035
fallo_aleatorio,UCuenca,109,0.615819209039548,0.0814689265536723,0.036914108128603434,0.2779852532797089,0.23728813559322035
fallo_aleatorio,UCuenca,110,0.6214689265536724,0.07898305084745762,0.034482777298649576,0.2779852532797089,0.23728813559322035
fallo_aleatorio,UCuenca,111,0.6271186440677966,0.07576271186440678,0.03381350080001969,0.2779852532797089,0.23728813559322035
fallo_aleatorio,UCuenca,112,0.632768361581921,0.07338983050847457,0.03288930917016304,0.2779852532797089,0.23728813559322035
fallo_aleatorio,UCuenca,113,0.6384180790960452,0.07112994350282487,0.031174137647518734,0.2779852532797089,0.23728813559322035
fallo_aleatorio,UCuenca,114,0.6440677966101694,0.06830508474576272,0.031298001088320024,0.2779852532797089,0.23728813559322035
fallo_aleatorio,UCuenca,115,0.6497175141242938,0.06649717514124293,0.030491930981341873,0.2779852532797089,0.23728813559322035
fallo_aleatorio,UCuenca,116,0.655367231638418,0.06401129943502823,0.028842190921231137,0.2779852532797089,0.23728813559322035
fallo_aleatorio,UCuenca,117,0.6610169491525424,0.06265536723163842,0.027713880178317427,0.2779852532797089,0.23728813559322035
fallo_aleatorio,UCuenca,118,0.6666666666666666,0.06011299435028248,0.02682024956698061,0.2779852532797089,0.23728813559322035
fallo_aleatorio,UCuenca,119,0.672316384180791,0.058644067796610154,0.02569374767061881,0.2779852532797089,0.23728813559322035
fallo_aleatorio,UCuenca,120,0.6779661016949152,0.057457627118644064,0.025432350938296988,0.2779852532797089,0.23728813559322035
fallo_aleatorio,UCuenca,121,0.6836158192090396,0.05627118644067797,0.025430639425514705,0.2779852532797089,0.23728813559322035
fallo_aleatorio,UCuenca,122,0.6892655367231638,0.05429378531073446,0.02446096304042811,0.2779852532797089,0.23728813559322035
fallo_aleatorio,UCuenca,123,0.6949152542372882,0.052429378531073434,0.022897642655793117,0.2779852532797089,0.23728813559322035
fallo_aleatorio,UCuenca,124,0.7005649717514124,0.050960451977401115,0.022527136050021226,0.2779852532797089,0.23728813559322035
fallo_aleatorio,UCuenca,125,0.7062146892655368,0.04909604519774009,0.021691761431626787,0.2779852532797089,0.23728813559322035
fallo_aleatorio,UCuenca,126,0.711864406779661,0.04790960451977399,0.02164392226639069,0.2779852532797089,0.23728813559322035
fallo_aleatorio,UCuenca,127,0.7175141242937854,0.04649717514124291,0.020454928321449465,0.2779852532797089,0.23728813559322035
fallo_aleatorio,UCuenca,128,0.7231638418079096,0.044745762711864374,0.020198363659462776,0.2779852532797089,0.23728813559322035
fallo_aleatorio,UCuenca,129,0.7288135593220338,0.04310734463276834,0.019047817678640666,0.2779852532797089,0.23728813559322035
fallo_aleatorio,UCuenca,130,0.7344632768361582,0.041073446327683595,0.018273772804269627,0.2779852532797089,0.23728813559322035
fallo_aleatorio,UCuenca,131,0.7401129943502824,0.040395480225988684,0.01783662590916984,0.2779852532797089,0.23728813559322035
fallo_aleatorio,UCuenca,132,0.7457627118644068,0.03819209039548022,0.01669268960443205,0.2779852532797089,0.23728813559322035
fallo_aleatorio,UCuenca,133,0.751412429378531,0.036045197740112986,0.01525265198760149,0.2779852532797089,0.23728813559322035
fallo_aleatorio,UCuenca,134,0.7570621468926554,0.03480225988700566,0.014492601385373107,0.2779852532797089,0.23728813559322035
fallo_aleatorio,UCuenca,135,0.7627118644067796,0.03401129943502826,0.014115274184526395,0.2779852532797089,0.23728813559322035
fallo_aleatorio,UCuenca,136,0.768361581920904,0.03299435028248588,0.013878939559085028,0.2779852532797089,0.23728813559322035
fallo_aleatorio,UCuenca,137,0.7740112994350282,0.03231638418079096,0.013653159292197263,0.2779852532797089,0.23728813559322035
fallo_aleatorio,UCuenca,138,0.7796610169491526,0.031525423728813555,0.013655520572596128,0.2779852532797089,0.23728813559322035
fallo_aleatorio,UCuenca,139,0.7853107344632768,0.0303954802259887,0.013359539447474398,0.2779852532797089,0.23728813559322035
fallo_aleatorio,UCuenca,140,0.7909604519774012,0.028474576271186436,0.012971130212973685,0.2779852532797089,0.23728813559322035
fallo_aleatorio,UCuenca,141,0.7966101694915254,0.027457627118644065,0.012178868289068298,0.2779852532797089,0.23728813559322035
fallo_aleatorio,UCuenca,142,0.8022598870056498,0.026440677966101687,0.012015221551963896,0.2779852532797089,0.23728813559322035
fallo_aleatorio,UCuenca,143,0.807909604519774,0.025028248587570613,0.011532577369999993,0.2779852532797089,0.23728813559322035
fallo_aleatorio,UCuenca,144,0.8135593220338984,0.024067796610169476,0.011231318971345279,0.2779852532797089,0.23728813559322035
fallo_aleatorio,UCuenca,145,0.8192090395480226,0.02338983050847456,0.010684035007717974,0.2779852532797089,0.23728813559322035
fallo_aleatorio,UCuenca,146,0.8248587570621468,0.02220338983050846,0.009875952765633939,0.2779852532797089,0.23728813559322035
fallo_aleatorio,UCuenca,147,0.8305084745762712,0.02158192090395479,0.009204257560792658,0.2779852532797089,0.23728813559322035
fallo_aleatorio,UCuenca,148,0.8361581920903954,0.020621468926553657,0.008883221404949716,0.2779852532797089,0.23728813559322035
fallo_aleatorio,UCuenca,149,0.8418079096045198,0.01971751412429377,0.008592457543173898,0.2779852532797089,0.23728813559322035
fallo_aleatorio,UCuenca,150,0.847457627118644,0.018926553672316365,0.00832100384309553,0.2779852532797089,0.23728813559322035
fallo_aleatorio,UCuenca,151,0.8531073446327684,0.01813559322033896,0.007630552510415256,0.2779852532797089,0.23728813559322035
fallo_aleatorio,UCuenca,152,0.8587570621468926,0.017683615819209016,0.0075181758772614755,0.2779852532797089,0.23728813559322035
fallo_aleatorio,UCuenca,153,0.864406779661017,0.016836158192090372,0.00740256956880508,0.2779852532797089,0.23728813559322035
fallo_aleatorio,UCuenca,154,0.8700564971751412,0.016271186440677946,0.006967290831025048,0.2779852532797089,0.23728813559322035
fallo_aleatorio,UCuenca,155,0.8757062146892656,0.015254237288135575,0.00654839633586895,0.2779852532797089,0.23728813559322035
fallo_aleatorio,UCuenca,156,0.8813559322033898,0.014463276836158175,0.005918395923112471,0.2779852532797089,0.23728813559322035
fallo_aleatorio,UCuenca,157,0.8870056497175142,0.013841807909604502,0.0055271181158561625,0.2779852532797089,0.23728813559322035
fallo_aleatorio,UCuenca,158,0.8926553672316384,0.013333333333333317,0.005236254686858211,0.2779852532797089,0.23728813559322035
fallo_aleatorio,UCuenca,159,0.8983050847457628,0.012824858757062135,0.005069504826928907,0.2779852532797089,0.23728813559322035
fallo_aleatorio,UCuenca,160,0.903954802259887,0.01186440677966101,0.0049174479083530466,0.2779852532797089,0.23728813559322035
fallo_aleatorio,UCuenca,161,0.9096045197740112,0.011581920903954797,0.00503888466110647,0.2779852532797089,0.23728813559322035
fallo_aleatorio,UCuenca,162,0.9152542372881356,0.011186440677966092,0.004883234582615382,0.2779852532797089,0.23728813559322035
fallo_aleatorio,UCuenca,163,0.9209039548022598,0.010508474576271179,0.004683723930222084,0.2779852532797089,0.23728813559322035
fallo_aleatorio,UCuenca,164,0.9265536723163842,0.010056497175141238,0.00465333672458882,0.2779852532797089,0.23728813559322035
fallo_aleatorio,UCuenca,165,0.9322033898305084,0.009774011299435021,0.004602829309935424,0.2779852532797089,0.23728813559322035
fallo_aleatorio,UCuenca,166,0.9378531073446328,0.008926553672316378,0.0036073203777317823,0.2779852532797089,0.23728813559322035
fallo_aleatorio,UCuenca,167,0.943502824858757,0.008474576271186434,0.0036358090363970723,0.2779852532797089,0.23728813559322035
fallo_aleatorio,UCuenca,168,0.9491525423728814,0.007966101694915247,0.0033201575053269095,0.2779852532797089,0.23728813559322035
fallo_aleatorio,UCuenca,169,0.9548022598870056,0.007683615819209032,0.0032638422173716765,0.2779852532797089,0.23728813559322035
fallo_aleatorio,UCuenca,170,0.96045197740113,0.007231638418079088,0.0029042099309899007,0.2779852532797089,0.23728813559322035
fallo_aleatorio,UCuenca,171,0.9661016949152542,0.0070621468926553585,0.0027083191267858898,0.2779852532797089,0.23728813559322035
fallo_aleatorio,UCuenca,172,0.9717514124293786,0.006892655367231629,0.0026119626837245048,0.2779852532797089,0.23728813559322035
fallo_aleatorio,UCuenca,173,0.9774011299435028,0.006384180790960444,0.002071563088512241,0.2779852532797089,0.23728813559322035
fallo_aleatorio,UCuenca,174,0.9830508474576272,0.006045197740112989,0.0016564331613678127,0.2779852532797089,0.23728813559322035
fallo_aleatorio,UCuenca,175,0.9887005649717514,0.0057627118644067755,0.0007949451646118083,0.2779852532797089,0.23728813559322035
fallo_aleatorio,UCuenca,176,0.9943502824858758,0.00564971751412429,3.486925384749193e-18,0.2779852532797089,0.23728813559322035
fallo_aleatorio,UCuenca,177,1.0,0.0,0.0,0.2779852532797089,0.23728813559322035
fallo_aleatorio,Erdos-Renyi,0,0.0,0.8719774011299437,0.028664630169473022,0.28092565993169266,0.2711864406779661
fallo_aleatorio,Erdos-Renyi,1,0.005649717514124294,0.863954802259887,0.027940798813121948,0.28092565993169266,0.2711864406779661
fallo_aleatorio,Erdos-Renyi,2,0.011299435028248588,0.857175141242938,0.028606757477872325,0.28092565993169266,0.2711864406779661
fallo_aleatorio,Erdos-Renyi,3,0.01694915254237288,0.8501129943502823,0.029180043627173947,0.28092565993169266,0.2711864406779661
fallo_aleatorio,Erdos-Renyi,4,0.022598870056497175,0.8433333333333333,0.02852521067582782,0.28092565993169266,0.2711864406779661
fallo_aleatorio,Erdos-Renyi,5,0.02824858757062147,0.8361581920903959,0.02940617402835056,0.28092565993169266,0.2711864406779661
fallo_aleatorio,Erdos-Renyi,6,0.03389830508474576,0.8299999999999998,0.029385279669486307,0.28092565993169266,0.2711864406779661
fallo_aleatorio,Erdos-Renyi,7,0.03954802259887006,0.8217514124293781,0.02984557361014208,0.28092565993169266,0.2711864406779661
fallo_aleatorio,Erdos-Renyi,8,0.04519774011299435,0.814406779661017,0.029780685974124088,0.28092565993169266,0.2711864406779661
fallo_aleatorio,Erdos-Renyi,9,0.05084745762711865,0.8082485875706213,0.029904337277345636,0.28092565993169266,0.2711864406779661
fallo_aleatorio,Erdos-Renyi,10,0.05649717514124294,0.8006214689265536,0.02960608583132227,0.28092565993169266,0.2711864406779661
fallo_aleatorio,Erdos-Renyi,11,0.062146892655367235,0.7933333333333334,0.029408147530854606,0.28092565993169266,0.2711864406779661
fallo_aleatorio,Erdos-Renyi,12,0.06779661016949153,0.7868361581920904,0.02928372227755956,0.28092565993169266,0.2711864406779661
fallo_aleatorio,Erdos-Renyi,13,0.07344632768361582,0.7797175141242935,0.028779970418502134,0.28092565993169266,0.2711864406779661
fallo_aleatorio,Erdos-Renyi,14,0.07909604519774012,0.772542372881356,0.0285112481923694,0.28092565993169266,0.2711864406779661
fallo_aleatorio,Erdos-Renyi,15,0.0847457627118644,0.7646892655367232,0.029606957037358796,0.28092565993169266,0.2711864406779661
fallo_aleatorio,Erdos-Renyi,16,0.0903954802259887,0.7581355932203393,0.028860518112547452,0.28092565993169266,0.2711864406779661
fallo_aleatorio,Erdos-Renyi,17,0.096045197740113,0.7492655367231639,0.02984994844372211,0.28092565993169266,0.2711864406779661
fallo_aleatorio,Erdos-Renyi,18,0.1016949152542373,0.7410734463276838,0.030610129065802454,0.28092565993169266,0.2711864406779661
fallo_aleatorio,Erdos-Renyi,19,0.10734463276836158,0.7330508474576272,0.030927841560828728,0.28092565993169266,0.2711864406779661
fallo_aleatorio,Erdos-Renyi,20,0.11299435028248588,0.7266666666666666,0.030459399023430266,0.28092565993169266,0.2711864406779661
fallo_aleatorio,Erdos-Renyi,21,0.11864406779661017,0.7190395480225987,0.03159288388994549,0.28092565993169266,0.2711864406779661
fallo_aleatorio,Erdos-Renyi,22,0.12429378531073447,0.7110734463276835,0.032815949167545315,0.28092565993169266,0.2711864406779661
fallo_aleatorio,Erdos-Renyi,23,0.12994350282485875,0.7036158192090395,0.03314248017617955,0.28092565993169266,0.2711864406779661
fallo_aleatorio,Erdos-Renyi,24,0.13559322033898305,0.6958757062146889,0.03402224863349186,0.28092565993169266,0.2711864406779661
fallo_aleatorio,Erdos-Renyi,25,0.14124293785310735,0.6878531073446328,0.03594224987569172,0.28092565993169266,0.2711864406779661
fallo_aleatorio,Erdos-Renyi,26,0.14689265536723164,0.6797175141242934,0.0370406688893158,0.28092565993169266,0.2711864406779661
fallo_aleatorio,Erdos-Renyi,27,0.15254237288135594,0.672259887005649,0.03695177722138134,0.28092565993169266,0.2711864406779661
fallo_aleatorio,Erdos-Renyi,28,0.15819209039548024,0.6658192090395474,0.037779102320493405,0.28092565993169266,0.2711864406779661
fallo_aleatorio,Erdos-Renyi,29,0.1638418079096045,0.6565536723163836,0.03892179952211456,0.28092565993169266,0.2711864406779661
fallo_aleatorio,Erdos-Renyi,30,0.1694915254237288,0.6468361581920901,0.03912175191701822,0.28092565993169266,0.2711864406779661
fallo_aleatorio,Erdos-Renyi,31,0.1751412429378531,0.6374011299435024,0.041043303518900225,0.28092565993169266,0.2711864406779661
fallo_aleatorio,Erdos-Renyi,32,0.1807909604519774,0.630056497175141,0.04124000618108539,0.28092565993169266,0.2711864406779661
fallo_aleatorio,Erdos-Renyi,33,0.1864406779661017,0.6216949152542375,0.04190265826781382,0.28092565993169266,0.2711864406779661
fallo_aleatorio,Erdos-Renyi,34,0.192090395480226,0.6145197740112999,0.042520847246475715,0.28092565993169266,0.2711864406779661
fallo_aleatorio,Erdos-Renyi,35,0.1977401129943503,0.607570621468927,0.04449621062899445,0.28092565993169266,0.2711864406779661
fallo_aleatorio,Erdos-Renyi,36,0.2033898305084746,0.6001694915254242,0.04338408024395941,0.28092565993169266,0.2711864406779661
fallo_aleatorio,Erdos-Renyi,37,0.20903954802259886,0.5898305084745765,0.05143064396679274,0.28092565993169266,0.2711864406779661
fallo_aleatorio,Erdos-Renyi,38,0.21468926553672316,0.5818644067796612,0.05043358484338322,0.28092565993169266,0.2711864406779661
fallo_aleatorio,Erdos-Renyi,39,0.22033898305084745,0.5739548022598872,0.05171257053013892,0.28092565993169266,0.2711864406779661
fallo_aleatorio,Erdos-Renyi,40,0.22598870056497175,0.565762711864407,0.05196089845682221,0.28092565993169266,0.2711864406779661
fallo_aleatorio,Erdos-Renyi,41,0.23163841807909605,0.5593220338983051,0.05181164003999504,0.28092565993169266,0.2711864406779661
fallo_aleatorio,Erdos-Renyi,42,0.23728813559322035,0.5496610169491526,0.052339728722300784,0.28092565993169266,0.2711864406779661
fallo_aleatorio,Erdos-Renyi,43,0.24293785310734464,0.5396045197740112,0.060957818284017896,0.28092565993169266,0.2711864406779661
fallo_aleatorio,Erdos-Renyi,44,0.24858757062146894,0.5311864406779659,0.06059966673467202,0.28092565993169266,0.2711864406779661
fallo_aleatorio,Erdos-Renyi,45,0.2542372881355932,0.522372881355932,0.06087803158600758,0.28092565993169266,0.2711864406779661
fallo_aleatorio,Erdos-Renyi,46,0.2598870056497175,0.5145762711864404,0.06164254529105262,0.28092565993169266,0.2711864406779661
fallo_aleatorio,Erdos-Renyi,47,0.2655367231638418,0.5043502824858754,0.06487978226357535,0.28092565993169266,0.2711864406779661
fallo_aleatorio,Erdos-Renyi,48,0.2711864406779661,0.4958757062146891,0.06612022717586295,0.28092565993169266,0.2711864406779661
fallo_aleatorio,Erdos-Renyi,49,0.2768361581920904,0.48649717514124274,0.07211911957579319,0.28092565993169266,0.2711864406779661
fallo_aleatorio,Erdos-Renyi,50,0.2824858757062147,0.4783615819209037,0.07191837754837557,0.28092565993169266,0.2711864406779661
fallo_aleatorio,Erdos-Renyi,51,0.288135593220339,0.46706214689265524,0.07666617231531606,0.28092565993169266,0.2711864406779661
fallo_aleatorio,Erdos-Renyi,52,0.2937853107344633,0.4571751412429378,0.07769642390250027,0.28092565993169266,0.2711864406779661
fallo_aleatorio,Erdos-Renyi,53,0.2994350282485876,0.45056497175141225,0.07743328120975086,0.28092565993169266,0.2711864406779661
fallo_aleatorio,Erdos-Renyi,54,0.3050847457627119,0.44361581920903964,0.07693663263007955,0.28092565993169266,0.2711864406779661
fallo_aleatorio,Erdos-Renyi,55,0.3107344632768362,0.4305649717514124,0.07923978672214578,0.28092565993169266,0.2711864406779661
fallo_aleatorio,Erdos-Renyi,56,0.3163841807909605,0.4210734463276836,0.08063197180684897,0.28092565993169266,0.2711864406779661
fallo_aleatorio,Erdos-Renyi,57,0.3220338983050847,0.4122598870056497,0.08133268562092179,0.28092565993169266,0.2711864406779661
fallo_aleatorio,Erdos-Renyi,58,0.327683615819209,0.4031073446327682,0.08102655062804354,0.28092565993169266,0.2711864406779661
fallo_aleatorio,Erdos-Renyi,59,0.3333333333333333,0.3922598870056494,0.08047106641747742,0.28092565993169266,0.2711864406779661
fallo_aleatorio,Erdos-Renyi,60,0.3389830508474576,0.3849717514124293,0.0802574904012149,0.28092565993169266,0.2711864406779661
fallo_aleatorio,Erdos-Renyi,61,0.3446327683615819,0.37423728813559315,0.08038634183184572,0.28092565993169266,0.2711864406779661
fallo_aleatorio,Erdos-Renyi,62,0.3502824858757062,0.36757062146892644,0.08022052286077798,0.28092565993169266,0.2711864406779661
fallo_aleatorio,Erdos-Renyi,63,0.3559322033898305,0.3587005649717512,0.08360816482561191,0.28092565993169266,0.2711864406779661
fallo_aleatorio,Erdos-Renyi,64,0.3615819209039548,0.35118644067796595,0.08413567994871654,0.28092565993169266,0.2711864406779661
fallo_aleatorio,Erdos-Renyi,65,0.3672316384180791,0.34180790960451973,0.08667551210461177,0.28092565993169266,0.2711864406779661
fallo_aleatorio,Erdos-Renyi,66,0.3728813559322034,0.33225988700564973,0.08550401710628194,0.28092565993169266,0.2711864406779661
fallo_aleatorio,Erdos-Renyi,67,0.3785310734463277,0.3233898305084745,0.0825042448192445,0.28092565993169266,0.2711864406779661
fallo_aleatorio,Erdos-Renyi,68,0.384180790960452,0.3129943502824858,0.08187218500671997,0.28092565993169266,0.2711864406779661
fallo_aleatorio,Erdos-Renyi,69,0.3898305084745763,0.3005649717514124,0.07911234861854562,0.28092565993169266,0.2711864406779661
fallo_aleatorio,Erdos-Renyi,70,0.3954802259887006,0.29107344632768367,0.07734622952626581,0.28092565993169266,0.2711864406779661
fallo_aleatorio,Erdos-Renyi,71,0.4011299435028249,0.2781920903954802,0.07540708218588048,0.28092565993169266,0.2711864406779661
fallo_aleatorio,Erdos-Renyi,72,0.4067796610169492,0.2662711864406779,0.07704624574643408,0.28092565993169266,0.2711864406779661
fallo_aleatorio,Erdos-Renyi,73,0.4124293785310734,0.25762711864406784,0.07476246041913069,0.28092565993169266,0.2711864406779661
fallo_aleatorio,Erdos-Renyi,74,0.4180790960451977,0.2522033898305085,0.07551560660029807,0.28092565993169266,0.2711864406779661
fallo_aleatorio,Erdos-Renyi,75,0.423728813559322,0.24333333333333354,0.07459518332326961,0.28092565993169266,0.2711864406779661
fallo_aleatorio,Erdos-Renyi,76,0.4293785310734463,0.23225988700564978,0.07139120547101062,0.28092565993169266,0.2711864406779661
fallo_aleatorio,Erdos-Renyi,77,0.4350282485875706,0.2258757062146893,0.07185076303721681,0.28092565993169266,0.2711864406779661
fallo_aleatorio,Erdos-Renyi,78,0.4406779661016949,0.2190960451977401,0.0711953173462066,0.28092565993169266,0.2711864406779661
fallo_aleatorio,Erdos-Renyi,79,0.4463276836158192,0.2111299435028248,0.0708551973164439,0.28092565993169266,0.2711864406779661
fallo_aleatorio,Erdos-Renyi,80,0.4519774011299435,0.2045762711864407,0.06926120203733875,0.28092565993169266,0.2711864406779661
fallo_aleatorio,Erdos-Renyi,81,0.4576271186440678,0.19881355932203396,0.0680325319328323,0.28092565993169266,0.2711864406779661
fallo_aleatorio,Erdos-Renyi,82,0.4632768361581921,0.18994350282485875,0.06735661595150091,0.28092565993169266,0.2711864406779661
fallo_aleatorio,Erdos-Renyi,83,0.4689265536723164,0.18259887005649716,0.06578302958831127,0.28092565993169266,0.2711864406779661
fallo_aleatorio,Erdos-Renyi,84,0.4745762711864407,0.1749152542372882,0.0660278312565137,0.28092565993169266,0.2711864406779661
fallo_aleatorio,Erdos-Renyi,85,0.480225988700565,0.17045197740112997,0.06396491537620333,0.28092565993169266,0.2711864406779661
fallo_aleatorio,Erdos-Renyi,86,0.4858757062146893,0.16355932203389834,0.06149431965068059,0.28092565993169266,0.2711864406779661
fallo_aleatorio,Erdos-Renyi,87,0.4915254237288136,0.15728813559322036,0.060768303049672394,0.28092565993169266,0.2711864406779661
fallo_aleatorio,Erdos-Renyi,88,0.4971751412429379,0.15220338983050846,0.05922110098262625,0.28092565993169266,0.2711864406779661
fallo_aleatorio,Erdos-Renyi,89,0.5028248587570622,0.14418079096045197,0.05928454749697268,0.28092565993169266,0.2711864406779661
fallo_aleatorio,Erdos-Renyi,90,0.5084745762711864,0.1410734463276836,0.058853203185350166,0.28092565993169266,0.2711864406779661
fallo_aleatorio,Erdos-Renyi,91,0.5141242937853108,0.13587570621468925,0.05834105183715785,0.28092565993169266,0.2711864406779661
fallo_aleatorio,Erdos-Renyi,92,0.519774011299435,0.12943502824858757,0.05564671195589592,0.28092565993169266,0.2711864406779661
fallo_aleatorio,Erdos-Renyi,93,0.5254237288135594,0.12621468926553678,0.05464769396313558,0.28092565993169266,0.2711864406779661
fallo_aleatorio,Erdos-Renyi,94,0.5310734463276836,0.12141242937853107,0.054085936314516136,0.28092565993169266,0.2711864406779661
fallo_aleatorio,Erdos-Renyi,95,0.536723163841808,0.1165536723163842,0.0549444508912406,0.28092565993169266,0.2711864406779661
fallo_aleatorio,Erdos-Renyi,96,0.5423728813559322,0.11327683615819212,0.053714349922320166,0.28092565993169266,0.2711864406779661
fallo_aleatorio,Erdos-Renyi,97,0.5480225988700564,0.10830508474576281,0.053035870653683335,0.28092565993169266,0.2711864406779661
fallo_aleatorio,Erdos-Renyi,98,0.5536723163841808,0.1055932203389831,0.05146633337769496,0.28092565993169266,0.2711864406779661
fallo_aleatorio,Erdos-Renyi,99,0.559322033898305,0.10112994350282492,0.05077766012321192,0.28092565993169266,0.2711864406779661
fallo_aleatorio,Erdos-Renyi,100,0.5649717514124294,0.09807909604519778,0.050267254787700576,0.28092565993169266,0.2711864406779661
fallo_aleatorio,Erdos-Renyi,101,0.5706214689265536,0.09457627118644073,0.04919165436879764,0.28092565993169266,0.2711864406779661
fallo_aleatorio,Erdos-Renyi,102,0.576271186440678,0.08960451977401133,0.047105078577922115,0.28092565993169266,0.2711864406779661
fallo_aleatorio,Erdos-Renyi,103,0.5819209039548022,0.08610169491525427,0.044203234381603035,0.28092565993169266,0.2711864406779661
fallo_aleatorio,Erdos-Renyi,104,0.5875706214689266,0.0832768361581921,0.042275716555662514,0.28092565993169266,0.2711864406779661
fallo_aleatorio,Erdos-Renyi,105,0.5932203389830508,0.07954802259887007,0.03767060389884151,0.28092565993169266,0.2711864406779661
fallo_aleatorio,Erdos-Renyi,106,0.5988700564971752,0.07593220338983049,0.03588789284981605,0.28092565993169266,0.2711864406779661
fallo_aleatorio,Erdos-Renyi,107,0.6045197740112994,0.07209039548022597,0.03355530398588231,0.28092565993169266,0.2711864406779661
fallo_aleatorio,Erdos-Renyi,108,0.6101694915254238,0.06971751412429378,0.032412609767952856,0.28092565993169266,0.2711864406779661
fallo_aleatorio,Erdos-Renyi,109,0.615819209039548,0.06655367231638416,0.032025940527995615,0.28092565993169266,0.2711864406779661
fallo_aleatorio,Erdos-Renyi,110,0.6214689265536724,0.06344632768361583,0.029305734241593558,0.28092565993169266,0.2711864406779661
fallo_aleatorio,Erdos-Renyi,111,0.6271186440677966,0.06186440677966102,0.028655124107148384,0.28092565993169266,0.2711864406779661
fallo_aleatorio,Erdos-Renyi,112,0.632768361581921,0.05983050847457628,0.02801472562178476,0.28092565993169266,0.2711864406779661
fallo_aleatorio,Erdos-Renyi,113,0.6384180790960452,0.05807909604519775,0.027113887996263197,0.28092565993169266,0.2711864406779661
fallo_aleatorio,Erdos-Renyi,114,0.6440677966101694,0.05649717514124296,0.027207903475869107,0.28092565993169266,0.2711864406779661
fallo_aleatorio,Erdos-Renyi,115,0.6497175141242938,0.054689265536723174,0.025518727823780795,0.28092565993169266,0.2711864406779661
fallo_aleatorio,Erdos-Renyi,116,0.655367231638418,0.052316384180790966,0.023924213742209023,0.28092565993169266,0.2711864406779661
fallo_aleatorio,Erdos-Renyi,117,0.6610169491525424,0.051129943502824876,0.02362252441257743,0.28092565993169266,0.2711864406779661
fallo_aleatorio,Erdos-Renyi,118,0.6666666666666666,0.04909604519774012,0.02242262783993956,0.28092565993169266,0.2711864406779661
fallo_aleatorio,Erdos-Renyi,119,0.672316384180791,0.04723163841807911,0.021177707496417703,0.28092565993169266,0.2711864406779661
fallo_aleatorio,Erdos-Renyi,120,0.6779661016949152,0.04610169491525423,0.020889528623520982,0.28092565993169266,0.2711864406779661
fallo_aleatorio,Erdos-Renyi,121,0.6836158192090396,0.0448587570621469,0.019715961457800895,0.28092565993169266,0.2711864406779661
fallo_aleatorio,Erdos-Renyi,122,0.6892655367231638,0.04327683615819209,0.019376159201602888,0.28092565993169266,0.2711864406779661
fallo_aleatorio,Erdos-Renyi,123,0.6949152542372882,0.041807909604519786,0.018951855296880184,0.28092565993169266,0.2711864406779661
fallo_aleatorio,Erdos-Renyi,124,0.7005649717514124,0.040790960451977394,0.01823358916953986,0.28092565993169266,0.2711864406779661
fallo_aleatorio,Erdos-Renyi,125,0.7062146892655368,0.03937853107344633,0.017398873022928286,0.28092565993169266,0.2711864406779661
fallo_aleatorio,Erdos-Renyi,126,0.711864406779661,0.03807909604519775,0.016721636821411007,0.28092565993169266,0.2711864406779661
fallo_aleatorio,Erdos-Renyi,127,0.7175141242937854,0.0371186440677966,0.01555562188124894,0.28092565993169266,0.2711864406779661
fallo_aleatorio,Erdos-Renyi,128,0.7231638418079096,0.0354237288135593,0.013576787815238727,0.28092565993169266,0.2711864406779661
fallo_aleatorio,Erdos-Renyi,129,0.7288135593220338,0.034406779661016934,0.013221626605249049,0.28092565993169266,0.2711864406779661
fallo_aleatorio,Erdos-Renyi,130,0.7344632768361582,0.03344632768361581,0.013014804175646707,0.28092565993169266,0.2711864406779661
fallo_aleatorio,Erdos-Renyi,131,0.7401129943502824,0.032768361581920896,0.012848254092993469,0.28092565993169266,0.2711864406779661
fallo_aleatorio,Erdos-Renyi,132,0.7457627118644068,0.03186440677966101,0.012401851720351397,0.28092565993169266,0.2711864406779661
fallo_aleatorio,Erdos-Renyi,133,0.751412429378531,0.030790960451977392,0.01189371975029216,0.28092565993169266,0.2711864406779661
fallo_aleatorio,Erdos-Renyi,134,0.7570621468926554,0.029209039548022574,0.011610593327155057,0.28092565993169266,0.2711864406779661
fallo_aleatorio,Erdos-Renyi,135,0.7627118644067796,0.028531073446327663,0.011647191032818256,0.28092565993169266,0.2711864406779661
fallo_aleatorio,Erdos-Renyi,136,0.768361581920904,0.027909604519773992,0.01097579073204022,0.28092565993169266,0.2711864406779661
fallo_aleatorio,Erdos-Renyi,137,0.7740112994350282,0.027570621468926537,0.01098929506682593,0.28092565993169266,0.2711864406779661
fallo_aleatorio,Erdos-Renyi,138,0.7796610169491526,0.026610169491525396,0.010540482010363235,0.28092565993169266,0.2711864406779661
fallo_aleatorio,Erdos-Renyi,139,0.7853107344632768,0.025706214689265518,0.009944922934808788,0.28092565993169266,0.2711864406779661
fallo_aleatorio,Erdos-Renyi,140,0.7909604519774012,0.024802259887005625,0.009152091455275499,0.28092565993169266,0.2711864406779661
fallo_aleatorio,Erdos-Renyi,141,0.7966101694915254,0.02395480225988698,0.008800995439207477,0.28092565993169266,0.2711864406779661
fallo_aleatorio,Erdos-Renyi,142,0.8022598870056498,0.023276836158192073,0.008879772702687687,0.28092565993169266,0.2711864406779661
fallo_aleatorio,Erdos-Renyi,143,0.807909604519774,0.02203389830508473,0.008050209173435205,0.28092565993169266,0.2711864406779661
fallo_aleatorio,Erdos-Renyi,144,0.8135593220338984,0.021073446327683598,0.007779520708335585,0.28092565993169266,0.2711864406779661
fallo_aleatorio,Erdos-Renyi,145,0.8192090395480226,0.020508474576271172,0.007687802451987316,0.28092565993169266,0.2711864406779661
fallo_aleatorio,Erdos-Renyi,146,0.8248587570621468,0.019830508474576257,0.007806000034237613,0.28092565993169266,0.2711864406779661
fallo_aleatorio,Erdos-Renyi,147,0.8305084745762712,0.01881355932203388,0.007274056316413316,0.28092565993169266,0.2711864406779661
fallo_aleatorio,Erdos-Renyi,148,0.8361581920903954,0.018474576271186424,0.00703979799917605,0.28092565993169266,0.2711864406779661
fallo_aleatorio,Erdos-Renyi,149,0.8418079096045198,0.017909604519773994,0.006222984508091855,0.28092565993169266,0.2711864406779661
fallo_aleatorio,Erdos-Renyi,150,0.847457627118644,0.017740112994350264,0.0062727825950783835,0.28092565993169266,0.2711864406779661
fallo_aleatorio,Erdos-Renyi,151,0.8531073446327684,0.017570621468926535,0.006162591026698181,0.28092565993169266,0.2711864406779661
fallo_aleatorio,Erdos-Renyi,152,0.8587570621468926,0.016892655367231627,0.005649432167650001,0.28092565993169266,0.2711864406779661
fallo_aleatorio,Erdos-Renyi,153,0.864406779661017,0.01615819209039547,0.0053278152091546125,0.28092565993169266,0.2711864406779661
fallo_aleatorio,Erdos-Renyi,154,0.8700564971751412,0.015593220338983041,0.005333863360959187,0.28092565993169266,0.2711864406779661
fallo_aleatorio,Erdos-Renyi,155,0.8757062146892656,0.015141242937853093,0.005134280334936225,0.28092565993169266,0.2711864406779661
fallo_aleatorio,Erdos-Renyi,156,0.8813559322033898,0.014915254237288122,0.005111623434484561,0.28092565993169266,0.2711864406779661
fallo_aleatorio,Erdos-Renyi,157,0.8870056497175142,0.014350282485875695,0.005041763201564676,0.28092565993169266,0.2711864406779661
fallo_aleatorio,Erdos-Renyi,158,0.8926553672316384,0.013785310734463265,0.00503536421027993,0.28092565993169266,0.2711864406779661
fallo_aleatorio,Erdos-Renyi,159,0.8983050847457628,0.012937853107344618,0.004492226155132415,0.28092565993169266,0.2711864406779661
fallo_aleatorio,Erdos-Renyi,160,0.903954802259887,0.012372881355932192,0.004301572516682832,0.28092565993169266,0.2711864406779661
fallo_aleatorio,Erdos-Renyi,161,0.9096045197740112,0.012033898305084733,0.004372935769128564,0.28092565993169266,0.2711864406779661
fallo_aleatorio,Erdos-Renyi,162,0.9152542372881356,0.011525423728813551,0.0045368620647291595,0.28092565993169266,0.2711864406779661
fallo_aleatorio,Erdos-Renyi,163,0.9209039548022598,0.010734463276836153,0.0038927639105982084,0.28092565993169266,0.2711864406779661
fallo_aleatorio,Erdos-Renyi,164,0.9265536723163842,0.009999999999999992,0.004083160065751237,0.28092565993169266,0.2711864406779661
fallo_aleatorio,Erdos-Renyi,165,0.9322033898305084,0.009491525423728804,0.003841069313440892,0.28092565993169266,0.2711864406779661
fallo_aleatorio,Erdos-Renyi,166,0.9378531073446328,0.008926553672316375,0.003607320377731781,0.28092565993169266,0.2711864406779661
fallo_aleatorio,Erdos-Renyi,167,0.943502824858757,0.008474576271186432,0.0035460221155980114,0.28092565993169266,0.2711864406779661
fallo_aleatorio,Erdos-Renyi,168,0.9491525423728814,0.008135593220338973,0.0034370580630247176,0.28092565993169266,0.2711864406779661
fallo_aleatorio,Erdos-Renyi,169,0.9548022598870056,0.007740112994350274,0.0032771510001906494,0.28092565993169266,0.2711864406779661
fallo_aleatorio,Erdos-Renyi,170,0.96045197740113,0.007062146892655362,0.002708319126785888,0.28092565993169266,0.2711864406779661
fallo_aleatorio,Erdos-Renyi,171,0.9661016949152542,0.006553672316384177,0.0022311706293641383,0.28092565993169266,0.2711864406779661
fallo_aleatorio,Erdos-Renyi,172,0.9717514124293786,0.00621468926553672,0.0018832391713747645,0.28092565993169266,0.2711864406779661
fallo_aleatorio,Erdos-Renyi,173,0.9774011299435028,0.00604519774011299,0.0016564331613678127,0.28092565993169266,0.2711864406779661
fallo_aleatorio,Erdos-Renyi,174,0.9830508474576272,0.005932203389830506,0.0012375305850711312,0.28092565993169266,0.2711864406779661
fallo_aleatorio,Erdos-Renyi,175,0.9887005649717514,0.005706214689265534,0.0005649717514124293,0.28092565993169266,0.2711864406779661
fallo_aleatorio,Erdos-Renyi,176,0.9943502824858758,0.00564971751412429,3.486925384749193e-18,0.28092565993169266,0.2711864406779661
fallo_aleatorio,Erdos-Renyi,177,1.0,0.0,0.0,0.28092565993169266,0.2711864406779661
fallo_aleatorio,Configuracion,0,0.0,0.7982485875706213,0.03273011363732519,0.27604471895049315,0.22598870056497175
fallo_aleatorio,Configuracion,1,0.005649717514124294,0.791186440677966,0.03306943805755068,0.27604471895049315,0.22598870056497175
fallo_aleatorio,Configuracion,2,0.011299435028248588,0.7848022598870054,0.03272814342139275,0.27604471895049315,0.22598870056497175
fallo_aleatorio,Configuracion,3,0.01694915254237288,0.7755932203389833,0.0348556995894818,0.27604471895049315,0.22598870056497175
fallo_aleatorio,Configuracion,4,0.022598870056497175,0.7677966101694916,0.03551927235617948,0.27604471895049315,0.22598870056497175
fallo_aleatorio,Configuracion,5,0.02824858757062147,0.7594915254237291,0.0373661763600396,0.27604471895049315,0.22598870056497175
fallo_aleatorio,Configuracion,6,0.03389830508474576,0.7530508474576273,0.038362775788720486,0.27604471895049315,0.22598870056497175
fallo_aleatorio,Configuracion,7,0.03954802259887006,0.7430508474576274,0.039929192535261115,0.27604471895049315,0.22598870056497175
fallo_aleatorio,Configuracion,8,0.04519774011299435,0.7341807909604519,0.041628261162757856,0.27604471895049315,0.22598870056497175
fallo_aleatorio,Configuracion,9,0.05084745762711865,0.7266101694915253,0.04283090541462562,0.27604471895049315,0.22598870056497175
fallo_aleatorio,Configuracion,10,0.05649717514124294,0.7176271186440676,0.041964629582758935,0.27604471895049315,0.22598870056497175
fallo_aleatorio,Configuracion,11,0.062146892655367235,0.7114124293785311,0.041885419188762464,0.27604471895049315,0.22598870056497175
fallo_aleatorio,Configuracion,12,0.06779661016949153,0.7037288135593219,0.042577413497495636,0.27604471895049315,0.22598870056497175
fallo_aleatorio,Configuracion,13,0.07344632768361582,0.6947457627118646,0.04451095369184065,0.27604471895049315,0.22598870056497175
fallo_aleatorio,Configuracion,14,0.07909604519774012,0.6875141242937854,0.04510987721929386,0.27604471895049315,0.22598870056497175
fallo_aleatorio,Configuracion,15,0.0847457627118644,0.6790395480225991,0.044563366124791316,0.27604471895049315,0.22598870056497175
fallo_aleatorio,Configuracion,16,0.0903954802259887,0.6705084745762714,0.04565115266333072,0.27604471895049315,0.22598870056497175
fallo_aleatorio,Configuracion,17,0.096045197740113,0.6641242937853109,0.04602041206706125,0.27604471895049315,0.22598870056497175
fallo_aleatorio,Configuracion,18,0.1016949152542373,0.6570621468926555,0.046522972986294014,0.27604471895049315,0.22598870056497175
fallo_aleatorio,Configuracion,19,0.10734463276836158,0.6497175141242936,0.047520631687059285,0.27604471895049315,0.22598870056497175
fallo_aleatorio,Configuracion,20,0.11299435028248588,0.6406779661016947,0.047139152555665476,0.27604471895049315,0.22598870056497175
fallo_aleatorio,Configuracion,21,0.11864406779661017,0.6343502824858755,0.048168102881075,0.27604471895049315,0.22598870056497175
fallo_aleatorio,Configuracion,22,0.12429378531073447,0.6284180790960452,0.048473533341615534,0.27604471895049315,0.22598870056497175
fallo_aleatorio,Configuracion,23,0.12994350282485875,0.6207909604519773,0.04999559074965829,0.27604471895049315,0.22598870056497175
fallo_aleatorio,Configuracion,24,0.13559322033898305,0.614180790960452,0.050457872044638516,0.27604471895049315,0.22598870056497175
fallo_aleatorio,Configuracion,25,0.14124293785310735,0.6071186440677966,0.05039473296424788,0.27604471895049315,0.22598870056497175
fallo_aleatorio,Configuracion,26,0.14689265536723164,0.5984180790960453,0.05177229654519346,0.27604471895049315,0.22598870056497175
fallo_aleatorio,Configuracion,27,0.15254237288135594,0.5907909604519774,0.05214816909244194,0.27604471895049315,0.22598870056497175
fallo_aleatorio,Configuracion,28,0.15819209039548024,0.5835593220338984,0.05198121585191642,0.27604471895049315,0.22598870056497175
fallo_aleatorio,Configuracion,29,0.1638418079096045,0.5761581920903955,0.05208460295669654,0.27604471895049315,0.22598870056497175
fallo_aleatorio,Configuracion,30,0.1694915254237288,0.5684180790960454,0.050894326779169496,0.27604471895049315,0.22598870056497175
fallo_aleatorio,Configuracion,31,0.1751412429378531,0.5614124293785311,0.05212590656743061,0.27604471895049315,0.22598870056497175
fallo_aleatorio,Configuracion,32,0.1807909604519774,0.5550847457627118,0.052407938034591914,0.27604471895049315,0.22598870056497175
fallo_aleatorio,Configuracion,33,0.1864406779661017,0.5492090395480226,0.05323756075305286,0.27604471895049315,0.22598870056497175
fallo_aleatorio,Configuracion,34,0.192090395480226,0.5418079096045196,0.053679073994076516,0.27604471895049315,0.22598870056497175
fallo_aleatorio,Configuracion,35,0.1977401129943503,0.5323163841807907,0.05436589500484764,0.27604471895049315,0.22598870056497175
fallo_aleatorio,Configuracion,36,0.2033898305084746,0.5253107344632767,0.05408286620777328,0.27604471895049315,0.22598870056497175
fallo_aleatorio,Configuracion,37,0.20903954802259886,0.5185875706214689,0.055363242568209736,0.27604471895049315,0.22598870056497175
fallo_aleatorio,Configuracion,38,0.21468926553672316,0.5115819209039547,0.05691437016020342,0.27604471895049315,0.22598870056497175
fallo_aleatorio,Configuracion,39,0.22033898305084745,0.5027118644067796,0.05847135750051132,0.27604471895049315,0.22598870056497175
fallo_aleatorio,Configuracion,40,0.22598870056497175,0.4967796610169492,0.0590490016888453,0.27604471895049315,0.22598870056497175
fallo_aleatorio,Configuracion,41,0.23163841807909605,0.49180790960451987,0.057713187664687374,0.27604471895049315,0.22598870056497175
fallo_aleatorio,Configuracion,42,0.23728813559322035,0.48655367231638436,0.05719074367580541,0.27604471895049315,0.22598870056497175
fallo_aleatorio,Configuracion,43,0.24293785310734464,0.479265536723164,0.05692388648626145,0.27604471895049315,0.22598870056497175
fallo_aleatorio,Configuracion,44,0.24858757062146894,0.4737853107344634,0.056102140019759154,0.27604471895049315,0.22598870056497175
fallo_aleatorio,Configuracion,45,0.2542372881355932,0.467683615819209,0.054885298360341665,0.27604471895049315,0.22598870056497175
fallo_aleatorio,Configuracion,46,0.2598870056497175,0.46152542372881356,0.05412883996034569,0.27604471895049315,0.22598870056497175
fallo_aleatorio,Configuracion,47,0.2655367231638418,0.4557627118644069,0.05371242910664075,0.27604471895049315,0.22598870056497175
fallo_aleatorio,Configuracion,48,0.2711864406779661,0.4490960451977402,0.054062086243489973,0.27604471895049315,0.22598870056497175
fallo_aleatorio,Configuracion,49,0.2768361581920904,0.4432768361581922,0.054684261258780044,0.27604471895049315,0.22598870056497175
fallo_aleatorio,Configuracion,50,0.2824858757062147,0.4352542372881357,0.057950379760858255,0.27604471895049315,0.22598870056497175
fallo_aleatorio,Configuracion,51,0.288135593220339,0.4306214689265538,0.05681914761085321,0.27604471895049315,0.22598870056497175
fallo_aleatorio,Configuracion,52,0.2937853107344633,0.424858757062147,0.057228615657415466,0.27604471895049315,0.22598870056497175
fallo_aleatorio,Configuracion,53,0.2994350282485876,0.41971751412429387,0.055357418591924924,0.27604471895049315,0.22598870056497175
fallo_aleatorio,Configuracion,54,0.3050847457627119,0.41423728813559324,0.0541061112243041,0.27604471895049315,0.22598870056497175
fallo_aleatorio,Configuracion,55,0.3107344632768362,0.4078531073446328,0.055237308065853134,0.27604471895049315,0.22598870056497175
fallo_aleatorio,Configuracion,56,0.3163841807909605,0.4025423728813559,0.05423404824921541,0.27604471895049315,0.22598870056497175
fallo_aleatorio,Configuracion,57,0.3220338983050847,0.3936723163841808,0.055320043201475086,0.27604471895049315,0.22598870056497175
fallo_aleatorio,Configuracion,58,0.327683615819209,0.3859887005649717,0.05791676539671804,0.27604471895049315,0.22598870056497175
fallo_aleatorio,Configuracion,59,0.3333333333333333,0.3798870056497174,0.05713908013021714,0.27604471895049315,0.22598870056497175
fallo_aleatorio,Configuracion,60,0.3389830508474576,0.3740112994350281,0.05734680439802852,0.27604471895049315,0.22598870056497175
fallo_aleatorio,Configuracion,61,0.3446327683615819,0.3669491525423728,0.05805296663577534,0.27604471895049315,0.22598870056497175
fallo_aleatorio,Configuracion,62,0.3502824858757062,0.36033898305084755,0.06073571742950871,0.27604471895049315,0.22598870056497175
fallo_aleatorio,Configuracion,63,0.3559322033898305,0.3543502824858757,0.06028547798614897,0.27604471895049315,0.22598870056497175
fallo_aleatorio,Configuracion,64,0.3615819209039548,0.34920903954802257,0.06007983757926036,0.27604471895049315,0.22598870056497175
fallo_aleatorio,Configuracion,65,0.3672316384180791,0.3418079096045198,0.06120066356946096,0.27604471895049315,0.22598870056497175
fallo_aleatorio,Configuracion,66,0.3728813559322034,0.3355932203389832,0.0615500017539721,0.27604471895049315,0.22598870056497175
fallo_aleatorio,Configuracion,67,0.3785310734463277,0.3280225988700565,0.06160142036310089,0.27604471895049315,0.22598870056497175
fallo_aleatorio,Configuracion,68,0.384180790960452,0.32259887005649707,0.061735681261614495,0.27604471895049315,0.22598870056497175
fallo_aleatorio,Configuracion,69,0.3898305084745763,0.31440677966101693,0.06209953423223965,0.27604471895049315,0.22598870056497175
fallo_aleatorio,Configuracion,70,0.3954802259887006,0.30807909604519773,0.061834595323935246,0.27604471895049315,0.22598870056497175
fallo_aleatorio,Configuracion,71,0.4011299435028249,0.3021468926553672,0.061284791561443945,0.27604471895049315,0.22598870056497175
fallo_aleatorio,Configuracion,72,0.4067796610169492,0.2968361581920904,0.06089921237426871,0.27604471895049315,0.22598870056497175
fallo_aleatorio,Configuracion,73,0.4124293785310734,0.2919774011299434,0.06122373393116045,0.27604471895049315,0.22598870056497175
fallo_aleatorio,Configuracion,74,0.4180790960451977,0.28728813559322036,0.060233551590031714,0.27604471895049315,0.22598870056497175
fallo_aleatorio,Configuracion,75,0.423728813559322,0.28050847457627115,0.06261657609886337,0.27604471895049315,0.22598870056497175
fallo_aleatorio,Configuracion,76,0.4293785310734463,0.27463276836158196,0.06331053288703373,0.27604471895049315,0.22598870056497175
fallo_aleatorio,Configuracion,77,0.4350282485875706,0.26751412429378535,0.06546118771896309,0.27604471895049315,0.22598870056497175
fallo_aleatorio,Configuracion,78,0.4406779661016949,0.2622033898305085,0.0656467078770882,0.27604471895049315,0.22598870056497175
fallo_aleatorio,Configuracion,79,0.4463276836158192,0.25553672316384185,0.06461087434254222,0.27604471895049315,0.22598870056497175
fallo_aleatorio,Configuracion,80,0.4519774011299435,0.2501129943502825,0.06463582022247388,0.27604471895049315,0.22598870056497175
fallo_aleatorio,Configuracion,81,0.4576271186440678,0.24519774011299436,0.06444171173352353,0.27604471895049315,0.22598870056497175
fallo_aleatorio,Configuracion,82,0.4632768361581921,0.24022598870056502,0.06425873368679093,0.27604471895049315,0.22598870056497175
fallo_aleatorio,Configuracion,83,0.4689265536723164,0.2367796610169492,0.06447219926025112,0.27604471895049315,0.22598870056497175
fallo_aleatorio,Configuracion,84,0.4745762711864407,0.23096045197740128,0.06417739895049945,0.27604471895049315,0.22598870056497175
fallo_aleatorio,Configuracion,85,0.480225988700565,0.2251977401129944,0.06425642560209596,0.27604471895049315,0.22598870056497175
fallo_aleatorio,Configuracion,86,0.4858757062146893,0.22033898305084743,0.06306103703021546,0.27604471895049315,0.22598870056497175
fallo_aleatorio,Configuracion,87,0.4915254237288136,0.2166666666666667,0.06112620496940351,0.27604471895049315,0.22598870056497175
fallo_aleatorio,Configuracion,88,0.4971751412429379,0.212090395480226,0.059933288099610314,0.27604471895049315,0.22598870056497175
fallo_aleatorio,Configuracion,89,0.5028248587570622,0.20548022598870053,0.0604060923662931,0.27604471895049315,0.22598870056497175
fallo_aleatorio,Configuracion,90,0.5084745762711864,0.20096045197740112,0.05956004570098884,0.27604471895049315,0.22598870056497175
fallo_aleatorio,Configuracion,91,0.5141242937853108,0.19531073446327682,0.060323838932802104,0.27604471895049315,0.22598870056497175
fallo_aleatorio,Configuracion,92,0.519774011299435,0.19056497175141235,0.05849272075787588,0.27604471895049315,0.22598870056497175
fallo_aleatorio,Configuracion,93,0.5254237288135594,0.18627118644067786,0.05727060058439873,0.27604471895049315,0.22598870056497175
fallo_aleatorio,Configuracion,94,0.5310734463276836,0.18214689265536713,0.05648073720806371,0.27604471895049315,0.22598870056497175
fallo_aleatorio,Configuracion,95,0.536723163841808,0.17395480225988702,0.057684801040957516,0.27604471895049315,0.22598870056497175
fallo_aleatorio,Configuracion,96,0.5423728813559322,0.17000000000000004,0.057071186628689576,0.27604471895049315,0.22598870056497175
fallo_aleatorio,Configuracion,97,0.5480225988700564,0.16531073446327688,0.05535348706152876,0.27604471895049315,0.22598870056497175
fallo_aleatorio,Configuracion,98,0.5536723163841808,0.16129943502824864,0.05544517920878721,0.27604471895049315,0.22598870056497175
fallo_aleatorio,Configuracion,99,0.559322033898305,0.1571186440677966,0.05474480892245131,0.27604471895049315,0.22598870056497175
fallo_aleatorio,Configuracion,100,0.5649717514124294,0.1535593220338983,0.053407378254351,0.27604471895049315,0.22598870056497175
fallo_aleatorio,Configuracion,101,0.5706214689265536,0.14774011299435025,0.05386420193596455,0.27604471895049315,0.22598870056497175
fallo_aleatorio,Configuracion,102,0.576271186440678,0.14440677966101698,0.0521052743242263,0.27604471895049315,0.22598870056497175
fallo_aleatorio,Configuracion,103,0.5819209039548022,0.14282485875706216,0.05163760513675071,0.27604471895049315,0.22598870056497175
fallo_aleatorio,Configuracion,104,0.5875706214689266,0.1393785310734463,0.05052657984214992,0.27604471895049315,0.22598870056497175
fallo_aleatorio,Configuracion,105,0.5932203389830508,0.13480225988700564,0.04911556554986558,0.27604471895049315,0.22598870056497175
fallo_aleatorio,Configuracion,106,0.5988700564971752,0.1292655367231639,0.049457434532190356,0.27604471895049315,0.22598870056497175
fallo_aleatorio,Configuracion,107,0.6045197740112994,0.12451977401129943,0.04871282573447818,0.27604471895049315,0.22598870056497175
fallo_aleatorio,Configuracion,108,0.6101694915254238,0.11983050847457631,0.049169856465223344,0.27604471895049315,0.22598870056497175
fallo_aleatorio,Configuracion,109,0.615819209039548,0.11615819209039553,0.047786664757726194,0.27604471895049315,0.22598870056497175
fallo_aleatorio,Configuracion,110,0.6214689265536724,0.11265536723163848,0.04724723257009678,0.27604471895049315,0.22598870056497175
fallo_aleatorio,Configuracion,111,0.6271186440677966,0.1099435028248588,0.045866338258775716,0.27604471895049315,0.22598870056497175
fallo_aleatorio,Configuracion,112,0.632768361581921,0.1065536723163842,0.04655428731540525,0.27604471895049315,0.22598870056497175
fallo_aleatorio,Configuracion,113,0.6384180790960452,0.10372881355932202,0.04611241347390299,0.27604471895049315,0.22598870056497175
fallo_aleatorio,Configuracion,114,0.6440677966101694,0.10039548022598871,0.04480263733925241,0.27604471895049315,0.22598870056497175
fallo_aleatorio,Configuracion,115,0.6497175141242938,0.09598870056497176,0.044460510010609654,0.27604471895049315,0.22598870056497175
fallo_aleatorio,Configuracion,116,0.655367231638418,0.09327683615819211,0.04285047290694912,0.27604471895049315,0.22598870056497175
fallo_aleatorio,Configuracion,117,0.6610169491525424,0.09028248587570623,0.04148554443078104,0.27604471895049315,0.22598870056497175
fallo_aleatorio,Configuracion,118,0.6666666666666666,0.08706214689265536,0.03965870165012954,0.27604471895049315,0.22598870056497175
fallo_aleatorio,Configuracion,119,0.672316384180791,0.08406779661016951,0.03788056661300605,0.27604471895049315,0.22598870056497175
fallo_aleatorio,Configuracion,120,0.6779661016949152,0.08158192090395483,0.037254398417495914,0.27604471895049315,0.22598870056497175
fallo_aleatorio,Configuracion,121,0.6836158192090396,0.07875706214689267,0.03656871193821113,0.27604471895049315,0.22598870056497175
fallo_aleatorio,Configuracion,122,0.6892655367231638,0.07632768361581921,0.03534633826788906,0.27604471895049315,0.22598870056497175
fallo_aleatorio,Configuracion,123,0.6949152542372882,0.07378531073446327,0.0340484415133059,0.27604471895049315,0.22598870056497175
fallo_aleatorio,Configuracion,124,0.7005649717514124,0.07163841807909604,0.03336026041875392,0.27604471895049315,0.22598870056497175
fallo_aleatorio,Configuracion,125,0.7062146892655368,0.06932203389830507,0.03304929878514361,0.27604471895049315,0.22598870056497175
fallo_aleatorio,Configuracion,126,0.711864406779661,0.06655367231638418,0.03165125574165685,0.27604471895049315,0.22598870056497175
fallo_aleatorio,Configuracion,127,0.7175141242937854,0.06350282485875706,0.030673945339602417,0.27604471895049315,0.22598870056497175
fallo_aleatorio,Configuracion,128,0.7231638418079096,0.06084745762711861,0.02881758735956407,0.27604471895049315,0.22598870056497175
fallo_aleatorio,Configuracion,129,0.7288135593220338,0.05966101694915253,0.028519162989826208,0.27604471895049315,0.22598870056497175
fallo_aleatorio,Configuracion,130,0.7344632768361582,0.05836158192090393,0.02792204115470425,0.27604471895049315,0.22598870056497175
fallo_aleatorio,Configuracion,131,0.7401129943502824,0.0563276836158192,0.027787772526578942,0.27604471895049315,0.22598870056497175
fallo_aleatorio,Configuracion,132,0.7457627118644068,0.05440677966101694,0.027603838805725554,0.27604471895049315,0.22598870056497175
fallo_aleatorio,Configuracion,133,0.751412429378531,0.053163841807909576,0.027748759576828753,0.27604471895049315,0.22598870056497175
fallo_aleatorio,Configuracion,134,0.7570621468926554,0.0498870056497175,0.025596627176477153,0.27604471895049315,0.22598870056497175
fallo_aleatorio,Configuracion,135,0.7627118644067796,0.04774011299435027,0.024082110222886515,0.27604471895049315,0.22598870056497175
fallo_aleatorio,Configuracion,136,0.768361581920904,0.04570621468926553,0.02326107067260052,0.27604471895049315,0.22598870056497175
fallo_aleatorio,Configuracion,137,0.7740112994350282,0.04468926553672314,0.02302423119788144,0.27604471895049315,0.22598870056497175
fallo_aleatorio,Configuracion,138,0.7796610169491526,0.0415819209039548,0.021389786765452733,0.27604471895049315,0.22598870056497175
fallo_aleatorio,Configuracion,139,0.7853107344632768,0.039548022598870046,0.021032272114961434,0.27604471895049315,0.22598870056497175
fallo_aleatorio,Configuracion,140,0.7909604519774012,0.03802259887005649,0.0205021607678348,0.27604471895049315,0.22598870056497175
fallo_aleatorio,Configuracion,141,0.7966101694915254,0.03627118644067797,0.020158417801449977,0.27604471895049315,0.22598870056497175
fallo_aleatorio,Configuracion,142,0.8022598870056498,0.03418079096045197,0.019194851268006987,0.27604471895049315,0.22598870056497175
fallo_aleatorio,Configuracion,143,0.807909604519774,0.03288135593220338,0.017926868675827785,0.27604471895049315,0.22598870056497175
fallo_aleatorio,Configuracion,144,0.8135593220338984,0.03062146892655366,0.015429193190037825,0.27604471895049315,0.22598870056497175
fallo_aleatorio,Configuracion,145,0.8192090395480226,0.02977401129943501,0.014912223280428826,0.27604471895049315,0.22598870056497175
fallo_aleatorio,Configuracion,146,0.8248587570621468,0.028361581920903944,0.01467521134175817,0.27604471895049315,0.22598870056497175
fallo_aleatorio,Configuracion,147,0.8305084745762712,0.027062146892655358,0.014190792496823066,0.27604471895049315,0.22598870056497175
fallo_aleatorio,Configuracion,148,0.8361581920903954,0.025706214689265528,0.014328265264060938,0.27604471895049315,0.22598870056497175
fallo_aleatorio,Configuracion,149,0.8418079096045198,0.024632768361581906,0.013473448326302689,0.27604471895049315,0.22598870056497175
fallo_aleatorio,Configuracion,150,0.847457627118644,0.02327683615819209,0.013054380986403342,0.27604471895049315,0.22598870056497175
fallo_aleatorio,Configuracion,151,0.8531073446327684,0.02231638418079095,0.012527433800047148,0.27604471895049315,0.22598870056497175
fallo_aleatorio,Configuracion,152,0.8587570621468926,0.021468926553672305,0.012283780937957258,0.27604471895049315,0.22598870056497175
fallo_aleatorio,Configuracion,153,0.864406779661017,0.020451977401129928,0.011850403303823693,0.27604471895049315,0.22598870056497175
fallo_aleatorio,Configuracion,154,0.8700564971751412,0.019661016949152524,0.010936356978311338,0.27604471895049315,0.22598870056497175
fallo_aleatorio,Configuracion,155,0.8757062146892656,0.01858757062146891,0.01075246960212611,0.27604471895049315,0.22598870056497175
fallo_aleatorio,Configuracion,156,0.8813559322033898,0.017966101694915238,0.010724997854205874,0.27604471895049315,0.22598870056497175
fallo_aleatorio,Configuracion,157,0.8870056497175142,0.01728813559322032,0.01052594245761365,0.27604471895049315,0.22598870056497175
fallo_aleatorio,Configuracion,158,0.8926553672316384,0.016327683615819193,0.009395457388524611,0.27604471895049315,0.22598870056497175
fallo_aleatorio,Configuracion,159,0.8983050847457628,0.01564971751412427,0.00893677668941743,0.27604471895049315,0.22598870056497175
fallo_aleatorio,Configuracion,160,0.903954802259887,0.014689265536723149,0.008110062853844895,0.27604471895049315,0.22598870056497175
fallo_aleatorio,Configuracion,161,0.9096045197740112,0.014124293785310715,0.007681299186500452,0.27604471895049315,0.22598870056497175
fallo_aleatorio,Configuracion,162,0.9152542372881356,0.01282485875706213,0.007309429724555917,0.27604471895049315,0.22598870056497175
fallo_aleatorio,Configuracion,163,0.9209039548022598,0.012542372881355917,0.007385127109201598,0.27604471895049315,0.22598870056497175
fallo_aleatorio,Configuracion,164,0.9265536723163842,0.01214689265536722,0.007109071972947979,0.27604471895049315,0.22598870056497175
fallo_aleatorio,Configuracion,165,0.9322033898305084,0.011355932203389825,0.006548150150927953,0.27604471895049315,0.22598870056497175
fallo_aleatorio,Configuracion,166,0.9378531073446328,0.010508474576271179,0.00590203015506219,0.27604471895049315,0.22598870056497175
fallo_aleatorio,Configuracion,167,0.943502824858757,0.010056497175141232,0.0056542810992901375,0.27604471895049315,0.22598870056497175
fallo_aleatorio,Configuracion,168,0.9491525423728814,0.0087005649717514,0.004127532873010007,0.27604471895049315,0.22598870056497175
fallo_aleatorio,Configuracion,169,0.9548022598870056,0.0076271186440677865,0.0036247073034994214,0.27604471895049315,0.22598870056497175
fallo_aleatorio,Configuracion,170,0.96045197740113,0.007118644067796601,0.0030704202417109693,0.27604471895049315,0.22598870056497175
fallo_aleatorio,Configuracion,171,0.9661016949152542,0.006610169491525416,0.0024163974096356317,0.27604471895049315,0.22598870056497175
fallo_aleatorio,Configuracion,172,0.9717514124293786,0.006440677966101688,0.0022741092165478954,0.27604471895049315,0.22598870056497175
fallo_aleatorio,Configuracion,173,0.9774011299435028,0.006158192090395473,0.0018125760127899616,0.27604471895049315,0.22598870056497175
fallo_aleatorio,Configuracion,174,0.9830508474576272,0.005819209039548019,0.0009686249039421752,0.27604471895049315,0.22598870056497175
fallo_aleatorio,Configuracion,175,0.9887005649717514,0.005762711864406776,0.0007949451646118059,0.27604471895049315,0.22598870056497175
fallo_aleatorio,Configuracion,176,0.9943502824858758,0.00564971751412429,3.486925384749193e-18,0.27604471895049315,0.22598870056497175
fallo_aleatorio,Configuracion,177,1.0,0.0,0.0,0.27604471895049315,0.22598870056497175
grado_desc,UCuenca,0,0.0,1.0,0.0,0.045181780458999656,0.022598870056497175
grado_desc,UCuenca,1,0.005649717514124294,0.9943502824858758,0.0,0.045181780458999656,0.022598870056497175
grado_desc,UCuenca,2,0.011299435028248588,0.6101694915254238,0.0,0.045181780458999656,0.022598870056497175
grado_desc,UCuenca,3,0.01694915254237288,0.5423728813559322,0.0,0.045181780458999656,0.022598870056497175
grado_desc,UCuenca,4,0.022598870056497175,0.480225988700565,0.0,0.045181780458999656,0.022598870056497175
grado_desc,UCuenca,5,0.02824858757062147,0.480225988700565,0.0,0.045181780458999656,0.022598870056497175
grado_desc,UCuenca,6,0.03389830508474576,0.4293785310734463,0.0,0.045181780458999656,0.022598870056497175
grado_desc,UCuenca,7,0.03954802259887006,0.4293785310734463,0.0,0.045181780458999656,0.022598870056497175
grado_desc,UCuenca,8,0.04519774011299435,0.423728813559322,0.0,0.045181780458999656,0.022598870056497175
grado_desc,UCuenca,9,0.05084745762711865,0.3728813559322034,0.0,0.045181780458999656,0.022598870056497175
grado_desc,UCuenca,10,0.05649717514124294,0.3389830508474576,0.0,0.045181780458999656,0.022598870056497175
grado_desc,UCuenca,11,0.062146892655367235,0.3389830508474576,0.0,0.045181780458999656,0.022598870056497175
grado_desc,UCuenca,12,0.06779661016949153,0.15254237288135594,0.0,0.045181780458999656,0.022598870056497175
grado_desc,UCuenca,13,0.07344632768361582,0.05084745762711865,0.0,0.045181780458999656,0.022598870056497175
grado_desc,UCuenca,14,0.07909604519774012,0.05084745762711865,0.0,0.045181780458999656,0.022598870056497175
grado_desc,UCuenca,15,0.0847457627118644,0.05084745762711865,0.0,0.045181780458999656,0.022598870056497175
grado_desc,UCuenca,16,0.0903954802259887,0.05084745762711865,0.0,0.045181780458999656,0.022598870056497175
grado_desc,UCuenca,17,0.096045197740113,0.05084745762711865,0.0,0.045181780458999656,0.022598870056497175
grado_desc,UCuenca,18,0.1016949152542373,0.05084745762711865,0.0,0.045181780458999656,0.022598870056497175
grado_desc,UCuenca,19,0.10734463276836158,0.05084745762711865,0.0,0.045181780458999656,0.022598870056497175
grado_desc,UCuenca,20,0.11299435028248588,0.03389830508474576,0.0,0.045181780458999656,0.022598870056497175
grado_desc,UCuenca,21,0.11864406779661017,0.03389830508474576,0.0,0.045181780458999656,0.022598870056497175
grado_desc,UCuenca,22,0.12429378531073447,0.03389830508474576,0.0,0.045181780458999656,0.022598870056497175
grado_desc,UCuenca,23,0.12994350282485875,0.03389830508474576,0.0,0.045181780458999656,0.022598870056497175
grado_desc,UCuenca,24,0.13559322033898305,0.03389830508474576,0.0,0.045181780458999656,0.022598870056497175
grado_desc,UCuenca,25,0.14124293785310735,0.02824858757062147,0.0,0.045181780458999656,0.022598870056497175
grado_desc,UCuenca,26,0.14689265536723164,0.02824858757062147,0.0,0.045181780458999656,0.022598870056497175
grado_desc,UCuenca,27,0.15254237288135594,0.02824858757062147,0.0,0.045181780458999656,0.022598870056497175
grado_desc,UCuenca,28,0.15819209039548024,0.02824858757062147,0.0,0.045181780458999656,0.022598870056497175
grado_desc,UCuenca,29,0.1638418079096045,0.02824858757062147,0.0,0.045181780458999656,0.022598870056497175
grado_desc,UCuenca,30,0.1694915254237288,0.02824858757062147,0.0,0.045181780458999656,0.022598870056497175
grado_desc,UCuenca,31,0.1751412429378531,0.02824858757062147,0.0,0.045181780458999656,0.022598870056497175
grado_desc,UCuenca,32,0.1807909604519774,0.02824858757062147,0.0,0.045181780458999656,0.022598870056497175
grado_desc,UCuenca,33,0.1864406779661017,0.02824858757062147,0.0,0.045181780458999656,0.022598870056497175
grado_desc,UCuenca,34,0.192090395480226,0.02824858757062147,0.0,0.045181780458999656,0.022598870056497175
grado_desc,UCuenca,35,0.1977401129943503,0.02824858757062147,0.0,0.045181780458999656,0.022598870056497175
grado_desc,UCuenca,36,0.2033898305084746,0.022598870056497175,0.0,0.045181780458999656,0.022598870056497175
grado_desc,UCuenca,37,0.20903954802259886,0.022598870056497175,0.0,0.045181780458999656,0.022598870056497175
grado_desc,UCuenca,38,0.21468926553672316,0.01694915254237288,0.0,0.045181780458999656,0.022598870056497175
grado_desc,UCuenca,39,0.22033898305084745,0.01694915254237288,0.0,0.045181780458999656,0.022598870056497175
grado_desc,UCuenca,40,0.22598870056497175,0.01694915254237288,0.0,0.045181780458999656,0.022598870056497175
grado_desc,UCuenca,41,0.23163841807909605,0.01694915254237288,0.0,0.045181780458999656,0.022598870056497175
grado_desc,UCuenca,42,0.23728813559322035,0.01694915254237288,0.0,0.045181780458999656,0.022598870056497175
grado_desc,UCuenca,43,0.24293785310734464,0.01694915254237288,0.0,0.045181780458999656,0.022598870056497175
grado_desc,UCuenca,44,0.24858757062146894,0.01694915254237288,0.0,0.045181780458999656,0.022598870056497175
grado_desc,UCuenca,45,0.2542372881355932,0.01694915254237288,0.0,0.045181780458999656,0.022598870056497175
grado_desc,UCuenca,46,0.2598870056497175,0.01694915254237288,0.0,0.045181780458999656,0.022598870056497175
grado_desc,UCuenca,47,0.2655367231638418,0.01694915254237288,0.0,0.045181780458999656,0.022598870056497175
grado_desc,UCuenca,48,0.2711864406779661,0.01694915254237288,0.0,0.045181780458999656,0.022598870056497175
grado_desc,UCuenca,49,0.2768361581920904,0.01694915254237288,0.0,0.045181780458999656,0.022598870056497175
grado_desc,UCuenca,50,0.2824858757062147,0.01694915254237288,0.0,0.045181780458999656,0.022598870056497175
grado_desc,UCuenca,51,0.288135593220339,0.01694915254237288,0.0,0.045181780458999656,0.022598870056497175
grado_desc,UCuenca,52,0.2937853107344633,0.01694915254237288,0.0,0.045181780458999656,0.022598870056497175
grado_desc,UCuenca,53,0.2994350282485876,0.01694915254237288,0.0,0.045181780458999656,0.022598870056497175
grado_desc,UCuenca,54,0.3050847457627119,0.011299435028248588,0.0,0.045181780458999656,0.022598870056497175
grado_desc,UCuenca,55,0.3107344632768362,0.011299435028248588,0.0,0.045181780458999656,0.022598870056497175
grado_desc,UCuenca,56,0.3163841807909605,0.011299435028248588,0.0,0.045181780458999656,0.022598870056497175
grado_desc,UCuenca,57,0.3220338983050847,0.011299435028248588,0.0,0.045181780458999656,0.022598870056497175
grado_desc,UCuenca,58,0.327683615819209,0.011299435028248588,0.0,0.045181780458999656,0.022598870056497175
grado_desc,UCuenca,59,0.3333333333333333,0.011299435028248588,0.0,0.045181780458999656,0.022598870056497175
grado_desc,UCuenca,60,0.3389830508474576,0.011299435028248588,0.0,0.045181780458999656,0.022598870056497175
grado_desc,UCuenca,61,0.3446327683615819,0.011299435028248588,0.0,0.045181780458999656,0.022598870056497175
grado_desc,UCuenca,62,0.3502824858757062,0.011299435028248588,0.0,0.045181780458999656,0.022598870056497175
grado_desc,UCuenca,63,0.3559322033898305,0.011299435028248588,0.0,0.045181780458999656,0.022598870056497175
grado_desc,UCuenca,64,0.3615819209039548,0.005649717514124294,0.0,0.045181780458999656,0.022598870056497175
grado_desc,UCuenca,65,0.3672316384180791,0.005649717514124294,0.0,0.045181780458999656,0.022598870056497175
grado_desc,UCuenca,66,0.3728813559322034,0.005649717514124294,0.0,0.045181780458999656,0.022598870056497175
grado_desc,UCuenca,67,0.3785310734463277,0.005649717514124294,0.0,0.045181780458999656,0.022598870056497175
grado_desc,UCuenca,68,0.384180790960452,0.005649717514124294,0.0,0.045181780458999656,0.022598870056497175
grado_desc,UCuenca,69,0.3898305084745763,0.005649717514124294,0.0,0.045181780458999656,0.022598870056497175
grado_desc,UCuenca,70,0.3954802259887006,0.005649717514124294,0.0,0.045181780458999656,0.022598870056497175
grado_desc,UCuenca,71,0.4011299435028249,0.005649717514124294,0.0,0.045181780458999656,0.022598870056497175
grado_desc,UCuenca,72,0.4067796610169492,0.005649717514124294,0.0,0.045181780458999656,0.022598870056497175
grado_desc,UCuenca,73,0.4124293785310734,0.005649717514124294,0.0,0.045181780458999656,0.022598870056497175
grado_desc,UCuenca,74,0.4180790960451977,0.005649717514124294,0.0,0.045181780458999656,0.022598870056497175
grado_desc,UCuenca,75,0.423728813559322,0.005649717514124294,0.0,0.045181780458999656,0.022598870056497175
grado_desc,UCuenca,76,0.4293785310734463,0.005649717514124294,0.0,0.045181780458999656,0.022598870056497175
grado_desc,UCuenca,77,0.4350282485875706,0.005649717514124294,0.0,0.045181780458999656,0.022598870056497175
grado_desc,UCuenca,78,0.4406779661016949,0.005649717514124294,0.0,0.045181780458999656,0.022598870056497175
grado_desc,UCuenca,79,0.4463276836158192,0.005649717514124294,0.0,0.045181780458999656,0.022598870056497175
grado_desc,UCuenca,80,0.4519774011299435,0.005649717514124294,0.0,0.045181780458999656,0.022598870056497175
grado_desc,UCuenca,81,0.4576271186440678,0.005649717514124294,0.0,0.045181780458999656,0.022598870056497175
grado_desc,UCuenca,82,0.4632768361581921,0.005649717514124294,0.0,0.045181780458999656,0.022598870056497175
grado_desc,UCuenca,83,0.4689265536723164,0.005649717514124294,0.0,0.045181780458999656,0.022598870056497175
grado_desc,UCuenca,84,0.4745762711864407,0.005649717514124294,0.0,0.045181780458999656,0.022598870056497175
grado_desc,UCuenca,85,0.480225988700565,0.005649717514124294,0.0,0.045181780458999656,0.022598870056497175
grado_desc,UCuenca,86,0.4858757062146893,0.005649717514124294,0.0,0.045181780458999656,0.022598870056497175
grado_desc,UCuenca,87,0.4915254237288136,0.005649717514124294,0.0,0.045181780458999656,0.022598870056497175
grado_desc,UCuenca,88,0.4971751412429379,0.005649717514124294,0.0,0.045181780458999656,0.022598870056497175
grado_desc,UCuenca,89,0.5028248587570622,0.005649717514124294,0.0,0.045181780458999656,0.022598870056497175
grado_desc,UCuenca,90,0.5084745762711864,0.005649717514124294,0.0,0.045181780458999656,0.022598870056497175
grado_desc,UCuenca,91,0.5141242937853108,0.005649717514124294,0.0,0.045181780458999656,0.022598870056497175
grado_desc,UCuenca,92,0.519774011299435,0.005649717514124294,0.0,0.045181780458999656,0.022598870056497175
grado_desc,UCuenca,93,0.5254237288135594,0.005649717514124294,0.0,0.045181780458999656,0.022598870056497175
grado_desc,UCuenca,94,0.5310734463276836,0.005649717514124294,0.0,0.045181780458999656,0.022598870056497175
grado_desc,UCuenca,95,0.536723163841808,0.005649717514124294,0.0,0.045181780458999656,0.022598870056497175
grado_desc,UCuenca,96,0.5423728813559322,0.005649717514124294,0.0,0.045181780458999656,0.022598870056497175
grado_desc,UCuenca,97,0.5480225988700564,0.005649717514124294,0.0,0.045181780458999656,0.022598870056497175
grado_desc,UCuenca,98,0.5536723163841808,0.005649717514124294,0.0,0.045181780458999656,0.022598870056497175
grado_desc,UCuenca,99,0.559322033898305,0.005649717514124294,0.0,0.045181780458999656,0.022598870056497175
grado_desc,UCuenca,100,0.5649717514124294,0.005649717514124294,0.0,0.045181780458999656,0.022598870056497175
grado_desc,UCuenca,101,0.5706214689265536,0.005649717514124294,0.0,0.045181780458999656,0.022598870056497175
grado_desc,UCuenca,102,0.576271186440678,0.005649717514124294,0.0,0.045181780458999656,0.022598870056497175
grado_desc,UCuenca,103,0.5819209039548022,0.005649717514124294,0.0,0.045181780458999656,0.022598870056497175
grado_desc,UCuenca,104,0.5875706214689266,0.005649717514124294,0.0,0.045181780458999656,0.022598870056497175
grado_desc,UCuenca,105,0.5932203389830508,0.005649717514124294,0.0,0.045181780458999656,0.022598870056497175
grado_desc,UCuenca,106,0.5988700564971752,0.005649717514124294,0.0,0.045181780458999656,0.022598870056497175
grado_desc,UCuenca,107,0.6045197740112994,0.005649717514124294,0.0,0.045181780458999656,0.022598870056497175
grado_desc,UCuenca,108,0.6101694915254238,0.005649717514124294,0.0,0.045181780458999656,0.022598870056497175
grado_desc,UCuenca,109,0.615819209039548,0.005649717514124294,0.0,0.045181780458999656,0.022598870056497175
grado_desc,UCuenca,110,0.6214689265536724,0.005649717514124294,0.0,0.045181780458999656,0.022598870056497175
grado_desc,UCuenca,111,0.6271186440677966,0.005649717514124294,0.0,0.045181780458999656,0.022598870056497175
grado_desc,UCuenca,112,0.632768361581921,0.005649717514124294,0.0,0.045181780458999656,0.022598870056497175
grado_desc,UCuenca,113,0.6384180790960452,0.005649717514124294,0.0,0.045181780458999656,0.022598870056497175
grado_desc,UCuenca,114,0.6440677966101694,0.005649717514124294,0.0,0.045181780458999656,0.022598870056497175
grado_desc,UCuenca,115,0.6497175141242938,0.005649717514124294,0.0,0.045181780458999656,0.022598870056497175
grado_desc,UCuenca,116,0.655367231638418,0.005649717514124294,0.0,0.045181780458999656,0.022598870056497175
grado_desc,UCuenca,117,0.6610169491525424,0.005649717514124294,0.0,0.045181780458999656,0.022598870056497175
grado_desc,UCuenca,118,0.6666666666666666,0.005649717514124294,0.0,0.045181780458999656,0.022598870056497175
grado_desc,UCuenca,119,0.672316384180791,0.005649717514124294,0.0,0.045181780458999656,0.022598870056497175
grado_desc,UCuenca,120,0.6779661016949152,0.005649717514124294,0.0,0.045181780458999656,0.022598870056497175
grado_desc,UCuenca,121,0.6836158192090396,0.005649717514124294,0.0,0.045181780458999656,0.022598870056497175
grado_desc,UCuenca,122,0.6892655367231638,0.005649717514124294,0.0,0.045181780458999656,0.022598870056497175
grado_desc,UCuenca,123,0.6949152542372882,0.005649717514124294,0.0,0.045181780458999656,0.022598870056497175
grado_desc,UCuenca,124,0.7005649717514124,0.005649717514124294,0.0,0.045181780458999656,0.022598870056497175
grado_desc,UCuenca,125,0.7062146892655368,0.005649717514124294,0.0,0.045181780458999656,0.022598870056497175
grado_desc,UCuenca,126,0.711864406779661,0.005649717514124294,0.0,0.045181780458999656,0.022598870056497175
grado_desc,UCuenca,127,0.7175141242937854,0.005649717514124294,0.0,0.045181780458999656,0.022598870056497175
grado_desc,UCuenca,128,0.7231638418079096,0.005649717514124294,0.0,0.045181780458999656,0.022598870056497175
grado_desc,UCuenca,129,0.7288135593220338,0.005649717514124294,0.0,0.045181780458999656,0.022598870056497175
grado_desc,UCuenca,130,0.7344632768361582,0.005649717514124294,0.0,0.045181780458999656,0.022598870056497175
grado_desc,UCuenca,131,0.7401129943502824,0.005649717514124294,0.0,0.045181780458999656,0.022598870056497175
grado_desc,UCuenca,132,0.7457627118644068,0.005649717514124294,0.0,0.045181780458999656,0.022598870056497175
grado_desc,UCuenca,133,0.751412429378531,0.005649717514124294,0.0,0.045181780458999656,0.022598870056497175
grado_desc,UCuenca,134,0.7570621468926554,0.005649717514124294,0.0,0.045181780458999656,0.022598870056497175
grado_desc,UCuenca,135,0.7627118644067796,0.005649717514124294,0.0,0.045181780458999656,0.022598870056497175
grado_desc,UCuenca,136,0.768361581920904,0.005649717514124294,0.0,0.045181780458999656,0.022598870056497175
grado_desc,UCuenca,137,0.7740112994350282,0.005649717514124294,0.0,0.045181780458999656,0.022598870056497175
grado_desc,UCuenca,138,0.7796610169491526,0.005649717514124294,0.0,0.045181780458999656,0.022598870056497175
grado_desc,UCuenca,139,0.7853107344632768,0.005649717514124294,0.0,0.045181780458999656,0.022598870056497175
grado_desc,UCuenca,140,0.7909604519774012,0.005649717514124294,0.0,0.045181780458999656,0.022598870056497175
grado_desc,UCuenca,141,0.7966101694915254,0.005649717514124294,0.0,0.045181780458999656,0.022598870056497175
grado_desc,UCuenca,142,0.8022598870056498,0.005649717514124294,0.0,0.045181780458999656,0.022598870056497175
grado_desc,UCuenca,143,0.807909604519774,0.005649717514124294,0.0,0.045181780458999656,0.022598870056497175
grado_desc,UCuenca,144,0.8135593220338984,0.005649717514124294,0.0,0.045181780458999656,0.022598870056497175
grado_desc,UCuenca,145,0.8192090395480226,0.005649717514124294,0.0,0.045181780458999656,0.022598870056497175
grado_desc,UCuenca,146,0.8248587570621468,0.005649717514124294,0.0,0.045181780458999656,0.022598870056497175
grado_desc,UCuenca,147,0.8305084745762712,0.005649717514124294,0.0,0.045181780458999656,0.022598870056497175
grado_desc,UCuenca,148,0.8361581920903954,0.005649717514124294,0.0,0.045181780458999656,0.022598870056497175
grado_desc,UCuenca,149,0.8418079096045198,0.005649717514124294,0.0,0.045181780458999656,0.022598870056497175
grado_desc,UCuenca,150,0.847457627118644,0.005649717514124294,0.0,0.045181780458999656,0.022598870056497175
grado_desc,UCuenca,151,0.8531073446327684,0.005649717514124294,0.0,0.045181780458999656,0.022598870056497175
grado_desc,UCuenca,152,0.8587570621468926,0.005649717514124294,0.0,0.045181780458999656,0.022598870056497175
grado_desc,UCuenca,153,0.864406779661017,0.005649717514124294,0.0,0.045181780458999656,0.022598870056497175
grado_desc,UCuenca,154,0.8700564971751412,0.005649717514124294,0.0,0.045181780458999656,0.022598870056497175
grado_desc,UCuenca,155,0.8757062146892656,0.005649717514124294,0.0,0.045181780458999656,0.022598870056497175
grado_desc,UCuenca,156,0.8813559322033898,0.005649717514124294,0.0,0.045181780458999656,0.022598870056497175
grado_desc,UCuenca,157,0.8870056497175142,0.005649717514124294,0.0,0.045181780458999656,0.022598870056497175
grado_desc,UCuenca,158,0.8926553672316384,0.005649717514124294,0.0,0.045181780458999656,0.022598870056497175
grado_desc,UCuenca,159,0.8983050847457628,0.005649717514124294,0.0,0.045181780458999656,0.022598870056497175
grado_desc,UCuenca,160,0.903954802259887,0.005649717514124294,0.0,0.045181780458999656,0.022598870056497175
grado_desc,UCuenca,161,0.9096045197740112,0.005649717514124294,0.0,0.045181780458999656,0.022598870056497175
grado_desc,UCuenca,162,0.9152542372881356,0.005649717514124294,0.0,0.045181780458999656,0.022598870056497175
grado_desc,UCuenca,163,0.9209039548022598,0.005649717514124294,0.0,0.045181780458999656,0.022598870056497175
grado_desc,UCuenca,164,0.9265536723163842,0.005649717514124294,0.0,0.045181780458999656,0.022598870056497175
grado_desc,UCuenca,165,0.9322033898305084,0.005649717514124294,0.0,0.045181780458999656,0.022598870056497175
grado_desc,UCuenca,166,0.9378531073446328,0.005649717514124294,0.0,0.045181780458999656,0.022598870056497175
grado_desc,UCuenca,167,0.943502824858757,0.005649717514124294,0.0,0.045181780458999656,0.022598870056497175
grado_desc,UCuenca,168,0.9491525423728814,0.005649717514124294,0.0,0.045181780458999656,0.022598870056497175
grado_desc,UCuenca,169,0.9548022598870056,0.005649717514124294,0.0,0.045181780458999656,0.022598870056497175
grado_desc,UCuenca,170,0.96045197740113,0.005649717514124294,0.0,0.045181780458999656,0.022598870056497175
grado_desc,UCuenca,171,0.9661016949152542,0.005649717514124294,0.0,0.045181780458999656,0.022598870056497175
grado_desc,UCuenca,172,0.9717514124293786,0.005649717514124294,0.0,0.045181780458999656,0.022598870056497175
grado_desc,UCuenca,173,0.9774011299435028,0.005649717514124294,0.0,0.045181780458999656,0.022598870056497175
grado_desc,UCuenca,174,0.9830508474576272,0.005649717514124294,0.0,0.045181780458999656,0.022598870056497175
grado_desc,UCuenca,175,0.9887005649717514,0.005649717514124294,0.0,0.045181780458999656,0.022598870056497175
grado_desc,UCuenca,176,0.9943502824858758,0.005649717514124294,0.0,0.045181780458999656,0.022598870056497175
grado_desc,UCuenca,177,1.0,0.0,0.0,0.045181780458999656,0.022598870056497175
grado_desc,Erdos-Renyi,0,0.0,0.8719774011299437,0.028664630169473022,0.11529541319544193,0.10734463276836158
grado_desc,Erdos-Renyi,1,0.005649717514124294,0.8592655367231642,0.028391977569790474,0.11529541319544193,0.10734463276836158
grado_desc,Erdos-Renyi,2,0.011299435028248588,0.8463841807909602,0.028500785981616615,0.11529541319544193,0.10734463276836158
grado_desc,Erdos-Renyi,3,0.01694915254237288,0.8337288135593223,0.030262673868421634,0.11529541319544193,0.10734463276836158
grado_desc,Erdos-Renyi,4,0.022598870056497175,0.82090395480226,0.031074743297291103,0.11529541319544193,0.10734463276836158
grado_desc,Erdos-Renyi,5,0.02824858757062147,0.8063276836158189,0.030164765423993847,0.11529541319544193,0.10734463276836158
grado_desc,Erdos-Renyi,6,0.03389830508474576,0.7910169491525427,0.031833224784459234,0.11529541319544193,0.10734463276836158
grado_desc,Erdos-Renyi,7,0.03954802259887006,0.7749152542372886,0.03344558733569848,0.11529541319544193,0.10734463276836158
grado_desc,Erdos-Renyi,8,0.04519774011299435,0.7593220338983053,0.03605532362564817,0.11529541319544193,0.10734463276836158
grado_desc,Erdos-Renyi,9,0.05084745762711865,0.7424858757062153,0.03842898757821071,0.11529541319544193,0.10734463276836158
grado_desc,Erdos-Renyi,10,0.05649717514124294,0.7240677966101698,0.0384921958123038,0.11529541319544193,0.10734463276836158
grado_desc,Erdos-Renyi,11,0.062146892655367235,0.7045762711864405,0.039879219088461836,0.11529541319544193,0.10734463276836158
grado_desc,Erdos-Renyi,12,0.06779661016949153,0.6836723163841806,0.046028258075529356,0.11529541319544193,0.10734463276836158
grado_desc,Erdos-Renyi,13,0.07344632768361582,0.6581920903954803,0.0461052810987338,0.11529541319544193,0.10734463276836158
grado_desc,Erdos-Renyi,14,0.07909604519774012,0.6292090395480225,0.06207502342325999,0.11529541319544193,0.10734463276836158
grado_desc,Erdos-Renyi,15,0.0847457627118644,0.6062146892655368,0.07186207018993028,0.11529541319544193,0.10734463276836158
grado_desc,Erdos-Renyi,16,0.0903954802259887,0.5732768361581919,0.08291874872587991,0.11529541319544193,0.10734463276836158
grado_desc,Erdos-Renyi,17,0.096045197740113,0.5411299435028248,0.08829370494537128,0.11529541319544193,0.10734463276836158
grado_desc,Erdos-Renyi,18,0.1016949152542373,0.5094350282485873,0.09534289423222257,0.11529541319544193,0.10734463276836158
grado_desc,Erdos-Renyi,19,0.10734463276836158,0.47836158192090394,0.09976823583963358,0.11529541319544193,0.10734463276836158
grado_desc,Erdos-Renyi,20,0.11299435028248588,0.4332203389830511,0.11163330264902172,0.11529541319544193,0.10734463276836158
grado_desc,Erdos-Renyi,21,0.11864406779661017,0.4064971751412431,0.11740898186607131,0.11529541319544193,0.10734463276836158
grado_desc,Erdos-Renyi,22,0.12429378531073447,0.3718079096045197,0.12108162795171228,0.11529541319544193,0.10734463276836158
grado_desc,Erdos-Renyi,23,0.12994350282485875,0.3403954802259887,0.12223097993346173,0.11529541319544193,0.10734463276836158
grado_desc,Erdos-Renyi,24,0.13559322033898305,0.3122033898305084,0.11581432337146615,0.11529541319544193,0.10734463276836158
grado_desc,Erdos-Renyi,25,0.14124293785310735,0.2760451977401131,0.11086569980556248,0.11529541319544193,0.10734463276836158
grado_desc,Erdos-Renyi,26,0.14689265536723164,0.2517514124293785,0.1065602981541722,0.11529541319544193,0.10734463276836158
grado_desc,Erdos-Renyi,27,0.15254237288135594,0.2251977401129943,0.10454335425632076,0.11529541319544193,0.10734463276836158
grado_desc,Erdos-Renyi,28,0.15819209039548024,0.20192090395480214,0.09684458082791156,0.11529541319544193,0.10734463276836158
grado_desc,Erdos-Renyi,29,0.1638418079096045,0.17666666666666658,0.08291252712984858,0.11529541319544193,0.10734463276836158
grado_desc,Erdos-Renyi,30,0.1694915254237288,0.16406779661016946,0.07526499543763729,0.11529541319544193,0.10734463276836158
grado_desc,Erdos-Renyi,31,0.1751412429378531,0.14830508474576276,0.0691217813664575,0.11529541319544193,0.10734463276836158
grado_desc,Erdos-Renyi,32,0.1807909604519774,0.13350282485875709,0.06172604491763779,0.11529541319544193,0.10734463276836158
grado_desc,Erdos-Renyi,33,0.1864406779661017,0.12045197740112991,0.053944978822742934,0.11529541319544193,0.10734463276836158
grado_desc,Erdos-Renyi,34,0.192090395480226,0.10683615819209036,0.04839524956897978,0.11529541319544193,0.10734463276836158
grado_desc,Erdos-Renyi,35,0.1977401129943503,0.09994350282485867,0.04721907499306152,0.11529541319544193,0.10734463276836158
grado_desc,Erdos-Renyi,36,0.2033898305084746,0.08999999999999998,0.0391280148650605,0.11529541319544193,0.10734463276836158
grado_desc,Erdos-Renyi,37,0.20903954802259886,0.08242937853107345,0.03479102793617803,0.11529541319544193,0.10734463276836158
grado_desc,Erdos-Renyi,38,0.21468926553672316,0.07666666666666666,0.031227459136333856,0.11529541319544193,0.10734463276836158
grado_desc,Erdos-Renyi,39,0.22033898305084745,0.07096045197740113,0.025270387943789156,0.11529541319544193,0.10734463276836158
grado_desc,Erdos-Renyi,40,0.22598870056497175,0.0683050847457627,0.025165228849095014,0.11529541319544193,0.10734463276836158
grado_desc,Erdos-Renyi,41,0.23163841807909605,0.06649717514124293,0.0250851544886043,0.11529541319544193,0.10734463276836158
grado_desc,Erdos-Renyi,42,0.23728813559322035,0.06355932203389827,0.024122241527307624,0.11529541319544193,0.10734463276836158
grado_desc,Erdos-Renyi,43,0.24293785310734464,0.06112994350282484,0.022346072224335673,0.11529541319544193,0.10734463276836158
grado_desc,Erdos-Renyi,44,0.24858757062146894,0.05870056497175139,0.02013785479933502,0.11529541319544193,0.10734463276836158
grado_desc,Erdos-Renyi,45,0.2542372881355932,0.0559322033898305,0.01807231796698051,0.11529541319544193,0.10734463276836158
grado_desc,Erdos-Renyi,46,0.2598870056497175,0.05412429378531071,0.01675168886455074,0.11529541319544193,0.10734463276836158
grado_desc,Erdos-Renyi,47,0.2655367231638418,0.05271186440677963,0.016594571385333143,0.11529541319544193,0.10734463276836158
grado_desc,Erdos-Renyi,48,0.2711864406779661,0.05152542372881354,0.016165968208557882,0.11529541319544193,0.10734463276836158
grado_desc,Erdos-Renyi,49,0.2768361581920904,0.04915254237288133,0.014774182883906924,0.11529541319544193,0.10734463276836158
grado_desc,Erdos-Renyi,50,0.2824858757062147,0.048135593220338974,0.01490411319824329,0.11529541319544193,0.10734463276836158
grado_desc,Erdos-Renyi,51,0.288135593220339,0.045762711864406766,0.013376904540741355,0.11529541319544193,0.10734463276836158
grado_desc,Erdos-Renyi,52,0.2937853107344633,0.0443502824858757,0.013446020760563752,0.11529541319544193,0.10734463276836158
grado_desc,Erdos-Renyi,53,0.2994350282485876,0.04242937853107345,0.013352659525905168,0.11529541319544193,0.10734463276836158
grado_desc,Erdos-Renyi,54,0.3050847457627119,0.04090395480225989,0.012546593136013732,0.11529541319544193,0.10734463276836158
grado_desc,Erdos-Renyi,55,0.3107344632768362,0.03954802259887005,0.012231173497340698,0.11529541319544193,0.10734463276836158
grado_desc,Erdos-Renyi,56,0.3163841807909605,0.03813559322033897,0.011281587228404007,0.11529541319544193,0.10734463276836158
grado_desc,Erdos-Renyi,57,0.3220338983050847,0.03768361581920903,0.011442764979652395,0.11529541319544193,0.10734463276836158
grado_desc,Erdos-Renyi,58,0.327683615819209,0.0363276836158192,0.010477895715310628,0.11529541319544193,0.10734463276836158
grado_desc,Erdos-Renyi,59,0.3333333333333333,0.035536723163841794,0.01081227411575931,0.11529541319544193,0.10734463276836158
grado_desc,Erdos-Renyi,60,0.3389830508474576,0.03451977401129942,0.010740468739431788,0.11529541319544193,0.10734463276836158
grado_desc,Erdos-Renyi,61,0.3446327683615819,0.0330508474576271,0.010603915162846728,0.11529541319544193,0.10734463276836158
grado_desc,Erdos-Renyi,62,0.3502824858757062,0.03169491525423727,0.009257174597048286,0.11529541319544193,0.10734463276836158
grado_desc,Erdos-Renyi,63,0.3559322033898305,0.030225988700564956,0.00792406208383342,0.11529541319544193,0.10734463276836158
grado_desc,Erdos-Renyi,64,0.3615819209039548,0.029265536723163833,0.007199430359323671,0.11529541319544193,0.10734463276836158
grado_desc,Erdos-Renyi,65,0.3672316384180791,0.028192090395480218,0.006837198068515807,0.11529541319544193,0.10734463276836158
grado_desc,Erdos-Renyi,66,0.3728813559322034,0.02740112994350281,0.006392682280858964,0.11529541319544193,0.10734463276836158
grado_desc,Erdos-Renyi,67,0.3785310734463277,0.026497175141242918,0.006557990340040541,0.11529541319544193,0.10734463276836158
grado_desc,Erdos-Renyi,68,0.384180790960452,0.02593220338983049,0.00652842527698397,0.11529541319544193,0.10734463276836158
grado_desc,Erdos-Renyi,69,0.3898305084745763,0.02553672316384179,0.006547411540565104,0.11529541319544193,0.10734463276836158
grado_desc,Erdos-Renyi,70,0.3954802259887006,0.024519774011299414,0.006231527411578091,0.11529541319544193,0.10734463276836158
grado_desc,Erdos-Renyi,71,0.4011299435028249,0.024067796610169473,0.005825048638809157,0.11529541319544193,0.10734463276836158
grado_desc,Erdos-Renyi,72,0.4067796610169492,0.02361581920903953,0.005349556554018316,0.11529541319544193,0.10734463276836158
grado_desc,Erdos-Renyi,73,0.4124293785310734,0.022994350282485854,0.0051577754407328095,0.11529541319544193,0.10734463276836158
grado_desc,Erdos-Renyi,74,0.4180790960451977,0.022768361581920887,0.005232250844792347,0.11529541319544193,0.10734463276836158
grado_desc,Erdos-Renyi,75,0.423728813559322,0.021920903954802243,0.005282843682082624,0.11529541319544193,0.10734463276836158
grado_desc,Erdos-Renyi,76,0.4293785310734463,0.021694915254237276,0.0051867615659268,0.11529541319544193,0.10734463276836158
grado_desc,Erdos-Renyi,77,0.4350282485875706,0.021468926553672302,0.005141810449471394,0.11529541319544193,0.10734463276836158
grado_desc,Erdos-Renyi,78,0.4406779661016949,0.021016949152542357,0.005083794542843338,0.11529541319544193,0.10734463276836158
grado_desc,Erdos-Renyi,79,0.4463276836158192,0.020621468926553657,0.004776088421353647,0.11529541319544193,0.10734463276836158
grado_desc,Erdos-Renyi,80,0.4519774011299435,0.020225988700564964,0.004555301786450159,0.11529541319544193,0.10734463276836158
grado_desc,Erdos-Renyi,81,0.4576271186440678,0.01994350282485875,0.004283545941754371,0.11529541319544193,0.10734463276836158
grado_desc,Erdos-Renyi,82,0.4632768361581921,0.01954802259887005,0.004428980202837203,0.11529541319544193,0.10734463276836158
grado_desc,Erdos-Renyi,83,0.4689265536723164,0.01920903954802259,0.004324372860919396,0.11529541319544193,0.10734463276836158
grado_desc,Erdos-Renyi,84,0.4745762711864407,0.018983050847457616,0.004436253947601236,0.11529541319544193,0.10734463276836158
grado_desc,Erdos-Renyi,85,0.480225988700565,0.018757062146892642,0.0044623412587282765,0.11529541319544193,0.10734463276836158
grado_desc,Erdos-Renyi,86,0.4858757062146893,0.018531073446327668,0.004330333405252197,0.11529541319544193,0.10734463276836158
grado_desc,Erdos-Renyi,87,0.4915254237288136,0.018248587570621456,0.004313548381211797,0.11529541319544193,0.10734463276836158
grado_desc,Erdos-Renyi,88,0.4971751412429379,0.018022598870056483,0.004448954385690407,0.11529541319544193,0.10734463276836158
grado_desc,Erdos-Renyi,89,0.5028248587570622,0.017683615819209023,0.004588798399955406,0.11529541319544193,0.10734463276836158
grado_desc,Erdos-Renyi,90,0.5084745762711864,0.01745762711864405,0.004619610149954356,0.11529541319544193,0.10734463276836158
grado_desc,Erdos-Renyi,91,0.5141242937853108,0.01728813559322032,0.004529749876526836,0.11529541319544193,0.10734463276836158
grado_desc,Erdos-Renyi,92,0.519774011299435,0.017231638418079075,0.004569082740997265,0.11529541319544193,0.10734463276836158
grado_desc,Erdos-Renyi,93,0.5254237288135594,0.01689265536723162,0.00421066796488127,0.11529541319544193,0.10734463276836158
grado_desc,Erdos-Renyi,94,0.5310734463276836,0.016553672316384157,0.004114623910454054,0.11529541319544193,0.10734463276836158
grado_desc,Erdos-Renyi,95,0.536723163841808,0.016271186440677942,0.0038744996157687073,0.11529541319544193,0.10734463276836158
grado_desc,Erdos-Renyi,96,0.5423728813559322,0.01610169491525421,0.0038823970109394183,0.11529541319544193,0.10734463276836158
grado_desc,Erdos-Renyi,97,0.5480225988700564,0.015819209039547998,0.0037664783427495303,0.11529541319544193,0.10734463276836158
grado_desc,Erdos-Renyi,98,0.5536723163841808,0.015593220338983022,0.0037767365869201936,0.11529541319544193,0.10734463276836158
grado_desc,Erdos-Renyi,99,0.559322033898305,0.015423728813559294,0.003754045564880634,0.11529541319544193,0.10734463276836158
grado_desc,Erdos-Renyi,100,0.5649717514124294,0.015141242937853079,0.003580406395389776,0.11529541319544193,0.10734463276836158
grado_desc,Erdos-Renyi,101,0.5706214689265536,0.014689265536723138,0.0035911961930154166,0.11529541319544193,0.10734463276836158
grado_desc,Erdos-Renyi,102,0.576271186440678,0.014632768361581895,0.003599715179661841,0.11529541319544193,0.10734463276836158
grado_desc,Erdos-Renyi,103,0.5819209039548022,0.014463276836158168,0.0035296179160696187,0.11529541319544193,0.10734463276836158
grado_desc,Erdos-Renyi,104,0.5875706214689266,0.01429378531073444,0.003257414891763605,0.11529541319544193,0.10734463276836158
grado_desc,Erdos-Renyi,105,0.5932203389830508,0.013954802259886982,0.003257414891763603,0.11529541319544193,0.10734463276836158
grado_desc,Erdos-Renyi,106,0.5988700564971752,0.013841807909604497,0.003249486885139926,0.11529541319544193,0.10734463276836158
grado_desc,Erdos-Renyi,107,0.6045197740112994,0.013446327683615795,0.0029809091694726077,0.11529541319544193,0.10734463276836158
grado_desc,Erdos-Renyi,108,0.6101694915254238,0.01316384180790958,0.002901433173560865,0.11529541319544193,0.10734463276836158
grado_desc,Erdos-Renyi,109,0.615819209039548,0.013050847457627097,0.003078285732119613,0.11529541319544193,0.10734463276836158
grado_desc,Erdos-Renyi,110,0.6214689265536724,0.012768361581920884,0.002963552927800015,0.11529541319544193,0.10734463276836158
grado_desc,Erdos-Renyi,111,0.6271186440677966,0.012598870056497156,0.0028791227066021644,0.11529541319544193,0.10734463276836158
grado_desc,Erdos-Renyi,112,0.632768361581921,0.012542372881355911,0.00284816047139942,0.11529541319544193,0.10734463276836158
grado_desc,Erdos-Renyi,113,0.6384180790960452,0.012259887005649702,0.0026699523312161627,0.11529541319544193,0.10734463276836158
grado_desc,Erdos-Renyi,114,0.6440677966101694,0.012146892655367215,0.002586533971877782,0.11529541319544193,0.10734463276836158
grado_desc,Erdos-Renyi,115,0.6497175141242938,0.011864406779661003,0.002341173485906068,0.11529541319544193,0.10734463276836158
grado_desc,Erdos-Renyi,116,0.655367231638418,0.011694915254237276,0.002307186346488866,0.11529541319544193,0.10734463276836158
grado_desc,Erdos-Renyi,117,0.6610169491525424,0.01152542372881355,0.002398316864624202,0.11529541319544193,0.10734463276836158
grado_desc,Erdos-Renyi,118,0.6666666666666666,0.011412429378531064,0.002268431032364579,0.11529541319544193,0.10734463276836158
grado_desc,Erdos-Renyi,119,0.672316384180791,0.011186440677966094,0.002406369434112528,0.11529541319544193,0.10734463276836158
grado_desc,Erdos-Renyi,120,0.6779661016949152,0.01090395480225988,0.0025715321983396378,0.11529541319544193,0.10734463276836158
grado_desc,Erdos-Renyi,121,0.6836158192090396,0.010621468926553667,0.0026969859500106433,0.11529541319544193,0.10734463276836158
grado_desc,Erdos-Renyi,122,0.6892655367231638,0.010621468926553667,0.0026969859500106433,0.11529541319544193,0.10734463276836158
grado_desc,Erdos-Renyi,123,0.6949152542372882,0.01045197740112994,0.002458723954176523,0.11529541319544193,0.10734463276836158
grado_desc,Erdos-Renyi,124,0.7005649717514124,0.010395480225988695,0.0023712774789496037,0.11529541319544193,0.10734463276836158
grado_desc,Erdos-Renyi,125,0.7062146892655368,0.010169491525423725,0.0024090476424362766,0.11529541319544193,0.10734463276836158
grado_desc,Erdos-Renyi,126,0.711864406779661,0.01005649717514124,0.002485460632625852,0.11529541319544193,0.10734463276836158
grado_desc,Erdos-Renyi,127,0.7175141242937854,0.009943502824858752,0.0025545498994822106,0.11529541319544193,0.10734463276836158
grado_desc,Erdos-Renyi,128,0.7231638418079096,0.009774011299435023,0.0025208816007823366,0.11529541319544193,0.10734463276836158
grado_desc,Erdos-Renyi,129,0.7288135593220338,0.009717514124293778,0.002549496383357137,0.11529541319544193,0.10734463276836158
grado_desc,Erdos-Renyi,130,0.7344632768361582,0.009548022598870049,0.002626119766732946,0.11529541319544193,0.10734463276836158
grado_desc,Erdos-Renyi,131,0.7401129943502824,0.009548022598870049,0.002626119766732946,0.11529541319544193,0.10734463276836158
grado_desc,Erdos-Renyi,132,0.7457627118644068,0.009435028248587565,0.0026699523312161636,0.11529541319544193,0.10734463276836158
grado_desc,Erdos-Renyi,133,0.751412429378531,0.009265536723163836,0.002725526278669052,0.11529541319544193,0.10734463276836158
grado_desc,Erdos-Renyi,134,0.7570621468926554,0.009096045197740106,0.0027695318079107175,0.11529541319544193,0.10734463276836158
grado_desc,Erdos-Renyi,135,0.7627118644067796,0.008926553672316376,0.0028025139194850744,0.11529541319544193,0.10734463276836158
grado_desc,Erdos-Renyi,136,0.768361581920904,0.00864406779661016,0.002833974904218035,0.11529541319544193,0.10734463276836158
grado_desc,Erdos-Renyi,137,0.7740112994350282,0.008305084745762702,0.0028339749042180333,0.11529541319544193,0.10734463276836158
grado_desc,Erdos-Renyi,138,0.7796610169491526,0.008192090395480217,0.0028248587570621443,0.11529541319544193,0.10734463276836158
grado_desc,Erdos-Renyi,139,0.7853107344632768,0.007909604519774002,0.0027817286097024346,0.11529541319544193,0.10734463276836158
grado_desc,Erdos-Renyi,140,0.7909604519774012,0.00785310734463276,0.002769531807910721,0.11529541319544193,0.10734463276836158
grado_desc,Erdos-Renyi,141,0.7966101694915254,0.007796610169491516,0.0027561114757884914,0.11529541319544193,0.10734463276836158
grado_desc,Erdos-Renyi,142,0.8022598870056498,0.007514124293785301,0.0026699523312161614,0.11529541319544193,0.10734463276836158
grado_desc,Erdos-Renyi,143,0.807909604519774,0.007401129943502815,0.0026261197667329494,0.11529541319544193,0.10734463276836158
grado_desc,Erdos-Renyi,144,0.8135593220338984,0.007231638418079086,0.0025494963833571334,0.11529541319544193,0.10734463276836158
grado_desc,Erdos-Renyi,145,0.8192090395480226,0.007062146892655358,0.002458723954176524,0.11529541319544193,0.10734463276836158
grado_desc,Erdos-Renyi,146,0.8248587570621468,0.006779661016949141,0.002271271898890875,0.11529541319544193,0.10734463276836158
grado_desc,Erdos-Renyi,147,0.8305084745762712,0.006610169491525414,0.0021329105540600956,0.11529541319544193,0.10734463276836158
grado_desc,Erdos-Renyi,148,0.8361581920903954,0.0065536723163841714,0.0020816550800987063,0.11529541319544193,0.10734463276836158
grado_desc,Erdos-Renyi,149,0.8418079096045198,0.006384180790960443,0.0019095913502239052,0.11529541319544193,0.10734463276836158
grado_desc,Erdos-Renyi,150,0.847457627118644,0.0062711864406779574,0.0017766442809899448,0.11529541319544193,0.10734463276836158
grado_desc,Erdos-Renyi,151,0.8531073446327684,0.006214689265536715,0.001703453924168155,0.11529541319544193,0.10734463276836158
grado_desc,Erdos-Renyi,152,0.8587570621468926,0.006045197740112988,0.001448770621334705,0.11529541319544193,0.10734463276836158
grado_desc,Erdos-Renyi,153,0.864406779661017,0.005988700564971745,0.0013484929750053228,0.11529541319544193,0.10734463276836158
grado_desc,Erdos-Renyi,154,0.8700564971751412,0.00587570621468926,0.0011126914438809746,0.11529541319544193,0.10734463276836158
grado_desc,Erdos-Renyi,155,0.8757062146892656,0.00587570621468926,0.0011126914438809746,0.11529541319544193,0.10734463276836158
grado_desc,Erdos-Renyi,156,0.8813559322033898,0.00587570621468926,0.0011126914438809746,0.11529541319544193,0.10734463276836158
grado_desc,Erdos-Renyi,157,0.8870056497175142,0.005706214689265533,0.0005649717514124277,0.11529541319544193,0.10734463276836158
grado_desc,Erdos-Renyi,158,0.8926553672316384,0.005706214689265533,0.0005649717514124277,0.11529541319544193,0.10734463276836158
grado_desc,Erdos-Renyi,159,0.8983050847457628,0.005706214689265533,0.0005649717514124277,0.11529541319544193,0.10734463276836158
grado_desc,Erdos-Renyi,160,0.903954802259887,0.00564971751412429,3.486925384749193e-18,0.11529541319544193,0.10734463276836158
grado_desc,Erdos-Renyi,161,0.9096045197740112,0.00564971751412429,3.486925384749193e-18,0.11529541319544193,0.10734463276836158
grado_desc,Erdos-Renyi,162,0.9152542372881356,0.00564971751412429,3.486925384749193e-18,0.11529541319544193,0.10734463276836158
grado_desc,Erdos-Renyi,163,0.9209039548022598,0.00564971751412429,3.486925384749193e-18,0.11529541319544193,0.10734463276836158
grado_desc,Erdos-Renyi,164,0.9265536723163842,0.00564971751412429,3.486925384749193e-18,0.11529541319544193,0.10734463276836158
grado_desc,Erdos-Renyi,165,0.9322033898305084,0.00564971751412429,3.486925384749193e-18,0.11529541319544193,0.10734463276836158
grado_desc,Erdos-Renyi,166,0.9378531073446328,0.00564971751412429,3.486925384749193e-18,0.11529541319544193,0.10734463276836158
grado_desc,Erdos-Renyi,167,0.943502824858757,0.00564971751412429,3.486925384749193e-18,0.11529541319544193,0.10734463276836158
grado_desc,Erdos-Renyi,168,0.9491525423728814,0.00564971751412429,3.486925384749193e-18,0.11529541319544193,0.10734463276836158
grado_desc,Erdos-Renyi,169,0.9548022598870056,0.00564971751412429,3.486925384749193e-18,0.11529541319544193,0.10734463276836158
grado_desc,Erdos-Renyi,170,0.96045197740113,0.00564971751412429,3.486925384749193e-18,0.11529541319544193,0.10734463276836158
grado_desc,Erdos-Renyi,171,0.9661016949152542,0.00564971751412429,3.486925384749193e-18,0.11529541319544193,0.10734463276836158
grado_desc,Erdos-Renyi,172,0.9717514124293786,0.00564971751412429,3.486925384749193e-18,0.11529541319544193,0.10734463276836158
grado_desc,Erdos-Renyi,173,0.9774011299435028,0.00564971751412429,3.486925384749193e-18,0.11529541319544193,0.10734463276836158
grado_desc,Erdos-Renyi,174,0.9830508474576272,0.00564971751412429,3.486925384749193e-18,0.11529541319544193,0.10734463276836158
grado_desc,Erdos-Renyi,175,0.9887005649717514,0.00564971751412429,3.486925384749193e-18,0.11529541319544193,0.10734463276836158
grado_desc,Erdos-Renyi,176,0.9943502824858758,0.00564971751412429,3.486925384749193e-18,0.11529541319544193,0.10734463276836158
grado_desc,Erdos-Renyi,177,1.0,0.0,0.0,0.11529541319544193,0.10734463276836158
grado_desc,Configuracion,0,0.0,0.7982485875706213,0.03273011363732519,0.05894458808133039,0.04519774011299435
grado_desc,Configuracion,1,0.005649717514124294,0.7541807909604524,0.03284025708130782,0.05894458808133039,0.04519774011299435
grado_desc,Configuracion,2,0.011299435028248588,0.7085310734463277,0.033784883200011565,0.05894458808133039,0.04519774011299435
grado_desc,Configuracion,3,0.01694915254237288,0.6737288135593217,0.032632247553980136,0.05894458808133039,0.04519774011299435
grado_desc,Configuracion,4,0.022598870056497175,0.6346892655367232,0.033043103369373814,0.05894458808133039,0.04519774011299435
grado_desc,Configuracion,5,0.02824858757062147,0.5942937853107345,0.03378106568828889,0.05894458808133039,0.04519774011299435
grado_desc,Configuracion,6,0.03389830508474576,0.5614124293785308,0.0357919501173909,0.05894458808133039,0.04519774011299435
grado_desc,Configuracion,7,0.03954802259887006,0.5274011299435025,0.033538532904318116,0.05894458808133039,0.04519774011299435
grado_desc,Configuracion,8,0.04519774011299435,0.4903389830508475,0.04056060956169957,0.05894458808133039,0.04519774011299435
grado_desc,Configuracion,9,0.05084745762711865,0.4524858757062149,0.043718997376576564,0.05894458808133039,0.04519774011299435
grado_desc,Configuracion,10,0.05649717514124294,0.4075141242937854,0.05100671288282342,0.05894458808133039,0.04519774011299435
grado_desc,Configuracion,11,0.062146892655367235,0.35779661016949177,0.06140344302786542,0.05894458808133039,0.04519774011299435
grado_desc,Configuracion,12,0.06779661016949153,0.3096610169491525,0.06726040597118298,0.05894458808133039,0.04519774011299435
grado_desc,Configuracion,13,0.07344632768361582,0.26412429378531077,0.06878043137709511,0.05894458808133039,0.04519774011299435
grado_desc,Configuracion,14,0.07909604519774012,0.226045197740113,0.06768949955452955,0.05894458808133039,0.04519774011299435
grado_desc,Configuracion,15,0.0847457627118644,0.18983050847457622,0.06296381925943112,0.05894458808133039,0.04519774011299435
grado_desc,Configuracion,16,0.0903954802259887,0.16435028248587574,0.05888956805995631,0.05894458808133039,0.04519774011299435
grado_desc,Configuracion,17,0.096045197740113,0.1424293785310735,0.052860742859282016,0.05894458808133039,0.04519774011299435
grado_desc,Configuracion,18,0.1016949152542373,0.1205649717514125,0.05102924253916109,0.05894458808133039,0.04519774011299435
grado_desc,Configuracion,19,0.10734463276836158,0.10480225988700567,0.04872907201811885,0.05894458808133039,0.04519774011299435
grado_desc,Configuracion,20,0.11299435028248588,0.08926553672316388,0.03716497691859382,0.05894458808133039,0.04519774011299435
grado_desc,Configuracion,21,0.11864406779661017,0.07954802259887009,0.03369491379979163,0.05894458808133039,0.04519774011299435
grado_desc,Configuracion,22,0.12429378531073447,0.0722033898305085,0.029772077751780215,0.05894458808133039,0.04519774011299435
grado_desc,Configuracion,23,0.12994350282485875,0.06384180790960453,0.024925850946555285,0.05894458808133039,0.04519774011299435
grado_desc,Configuracion,24,0.13559322033898305,0.05672316384180791,0.021545980059441146,0.05894458808133039,0.04519774011299435
grado_desc,Configuracion,25,0.14124293785310735,0.051412429378531056,0.017947000728973962,0.05894458808133039,0.04519774011299435
grado_desc,Configuracion,26,0.14689265536723164,0.04661016949152542,0.01626726651660462,0.05894458808133039,0.04519774011299435
grado_desc,Configuracion,27,0.15254237288135594,0.042259887005649734,0.01437555432357222,0.05894458808133039,0.04519774011299435
grado_desc,Configuracion,28,0.15819209039548024,0.03875706214689267,0.012620896140317955,0.05894458808133039,0.04519774011299435
grado_desc,Configuracion,29,0.1638418079096045,0.034689265536723156,0.01006240100321065,0.05894458808133039,0.04519774011299435
grado_desc,Configuracion,30,0.1694915254237288,0.03214689265536723,0.008637368119806494,0.05894458808133039,0.04519774011299435
grado_desc,Configuracion,31,0.1751412429378531,0.029943502824858758,0.007511525755343366,0.05894458808133039,0.04519774011299435
grado_desc,Configuracion,32,0.1807909604519774,0.028418079096045185,0.007202788354978522,0.05894458808133039,0.04519774011299435
grado_desc,Configuracion,33,0.1864406779661017,0.027175141242937833,0.006606971454827203,0.05894458808133039,0.04519774011299435
grado_desc,Configuracion,34,0.192090395480226,0.025593220338983032,0.005871084095465744,0.05894458808133039,0.04519774011299435
grado_desc,Configuracion,35,0.1977401129943503,0.024463276836158173,0.005508419703061645,0.05894458808133039,0.04519774011299435
grado_desc,Configuracion,36,0.2033898305084746,0.02293785310734462,0.0050032464938027845,0.05894458808133039,0.04519774011299435
grado_desc,Configuracion,37,0.20903954802259886,0.022259887005649705,0.004669936075961608,0.05894458808133039,0.04519774011299435
grado_desc,Configuracion,38,0.21468926553672316,0.02158192090395479,0.00435261275007254,0.05894458808133039,0.04519774011299435
grado_desc,Configuracion,39,0.22033898305084745,0.020960451977401123,0.004038698899378021,0.05894458808133039,0.04519774011299435
grado_desc,Configuracion,40,0.22598870056497175,0.02011299435028248,0.00334193561035619,0.05894458808133039,0.04519774011299435
grado_desc,Configuracion,41,0.23163841807909605,0.019265536723163824,0.003415886468402461,0.05894458808133039,0.04519774011299435
grado_desc,Configuracion,42,0.23728813559322035,0.018757062146892635,0.0033955324982210358,0.05894458808133039,0.04519774011299435
grado_desc,Configuracion,43,0.24293785310734464,0.018587570621468905,0.0033395228343501256,0.05894458808133039,0.04519774011299435
grado_desc,Configuracion,44,0.24858757062146894,0.01830508474576269,0.0033225843439707464,0.05894458808133039,0.04519774011299435
grado_desc,Configuracion,45,0.2542372881355932,0.017740112994350257,0.00350210683474801,0.05894458808133039,0.04519774011299435
grado_desc,Configuracion,46,0.2598870056497175,0.01723163841807907,0.003712591755213392,0.05894458808133039,0.04519774011299435
grado_desc,Configuracion,47,0.2655367231638418,0.01689265536723161,0.0035455674682321305,0.05894458808133039,0.04519774011299435
grado_desc,Configuracion,48,0.2711864406779661,0.016779661016949124,0.0035419281883731822,0.05894458808133039,0.04519774011299435
grado_desc,Configuracion,49,0.2768361581920904,0.016723163841807883,0.003584006603836197,0.05894458808133039,0.04519774011299435
grado_desc,Configuracion,50,0.2824858757062147,0.01649717514124291,0.0035623507765492114,0.05894458808133039,0.04519774011299435
grado_desc,Configuracion,51,0.288135593220339,0.01627118644067794,0.0036162471926131654,0.05894458808133039,0.04519774011299435
grado_desc,Configuracion,52,0.2937853107344633,0.01570621468926551,0.0033669259859735933,0.05894458808133039,0.04519774011299435
grado_desc,Configuracion,53,0.2994350282485876,0.015310734463276809,0.003140500557470582,0.05894458808133039,0.04519774011299435
grado_desc,Configuracion,54,0.3050847457627119,0.015028248587570594,0.003132791273546696,0.05894458808133039,0.04519774011299435
grado_desc,Configuracion,55,0.3107344632768362,0.014689265536723138,0.003212063523248368,0.05894458808133039,0.04519774011299435
grado_desc,Configuracion,56,0.3163841807909605,0.01446327683615817,0.0031430661167232772,0.05894458808133039,0.04519774011299435
grado_desc,Configuracion,57,0.3220338983050847,0.0138418079096045,0.0030445847018967204,0.05894458808133039,0.04519774011299435
grado_desc,Configuracion,58,0.327683615819209,0.013333333333333315,0.0029526534685581367,0.05894458808133039,0.04519774011299435
grado_desc,Configuracion,59,0.3333333333333333,0.01327683615819207,0.0029367774008574646,0.05894458808133039,0.04519774011299435
grado_desc,Configuracion,60,0.3389830508474576,0.01288135593220337,0.002790985635653461,0.05894458808133039,0.04519774011299435
grado_desc,Configuracion,61,0.3446327683615819,0.012316384180790944,0.002324588813216049,0.05894458808133039,0.04519774011299435
grado_desc,Configuracion,62,0.3502824858757062,0.011694915254237277,0.0014487706213347055,0.05894458808133039,0.04519774011299435
grado_desc,Configuracion,63,0.3559322033898305,0.01152542372881355,0.0011126914438809728,0.05894458808133039,0.04519774011299435
grado_desc,Configuracion,64,0.3615819209039548,0.01129943502824858,6.973850769498386e-18,0.05894458808133039,0.04519774011299435
grado_desc,Configuracion,65,0.3672316384180791,0.01129943502824858,6.973850769498386e-18,0.05894458808133039,0.04519774011299435
grado_desc,Configuracion,66,0.3728813559322034,0.01129943502824858,6.973850769498386e-18,0.05894458808133039,0.04519774011299435
grado_desc,Configuracion,67,0.3785310734463277,0.01129943502824858,6.973850769498386e-18,0.05894458808133039,0.04519774011299435
grado_desc,Configuracion,68,0.384180790960452,0.01129943502824858,6.973850769498386e-18,0.05894458808133039,0.04519774011299435
grado_desc,Configuracion,69,0.3898305084745763,0.01129943502824858,6.973850769498386e-18,0.05894458808133039,0.04519774011299435
grado_desc,Configuracion,70,0.3954802259887006,0.01129943502824858,6.973850769498386e-18,0.05894458808133039,0.04519774011299435
grado_desc,Configuracion,71,0.4011299435028249,0.01129943502824858,6.973850769498386e-18,0.05894458808133039,0.04519774011299435
grado_desc,Configuracion,72,0.4067796610169492,0.01129943502824858,6.973850769498386e-18,0.05894458808133039,0.04519774011299435
grado_desc,Configuracion,73,0.4124293785310734,0.01129943502824858,6.973850769498386e-18,0.05894458808133039,0.04519774011299435
grado_desc,Configuracion,74,0.4180790960451977,0.01129943502824858,6.973850769498386e-18,0.05894458808133039,0.04519774011299435
grado_desc,Configuracion,75,0.423728813559322,0.01129943502824858,6.973850769498386e-18,0.05894458808133039,0.04519774011299435
grado_desc,Configuracion,76,0.4293785310734463,0.01129943502824858,6.973850769498386e-18,0.05894458808133039,0.04519774011299435
grado_desc,Configuracion,77,0.4350282485875706,0.01129943502824858,6.973850769498386e-18,0.05894458808133039,0.04519774011299435
grado_desc,Configuracion,78,0.4406779661016949,0.01129943502824858,6.973850769498386e-18,0.05894458808133039,0.04519774011299435
grado_desc,Configuracion,79,0.4463276836158192,0.01129943502824858,6.973850769498386e-18,0.05894458808133039,0.04519774011299435
grado_desc,Configuracion,80,0.4519774011299435,0.01129943502824858,6.973850769498386e-18,0.05894458808133039,0.04519774011299435
grado_desc,Configuracion,81,0.4576271186440678,0.01129943502824858,6.973850769498386e-18,0.05894458808133039,0.04519774011299435
grado_desc,Configuracion,82,0.4632768361581921,0.01129943502824858,6.973850769498386e-18,0.05894458808133039,0.04519774011299435
grado_desc,Configuracion,83,0.4689265536723164,0.01129943502824858,6.973850769498386e-18,0.05894458808133039,0.04519774011299435
grado_desc,Configuracion,84,0.4745762711864407,0.01129943502824858,6.973850769498386e-18,0.05894458808133039,0.04519774011299435
grado_desc,Configuracion,85,0.480225988700565,0.01129943502824858,6.973850769498386e-18,0.05894458808133039,0.04519774011299435
grado_desc,Configuracion,86,0.4858757062146893,0.01129943502824858,6.973850769498386e-18,0.05894458808133039,0.04519774011299435
grado_desc,Configuracion,87,0.4915254237288136,0.01129943502824858,6.973850769498386e-18,0.05894458808133039,0.04519774011299435
grado_desc,Configuracion,88,0.4971751412429379,0.01129943502824858,6.973850769498386e-18,0.05894458808133039,0.04519774011299435
grado_desc,Configuracion,89,0.5028248587570622,0.01129943502824858,6.973850769498386e-18,0.05894458808133039,0.04519774011299435
grado_desc,Configuracion,90,0.5084745762711864,0.01129943502824858,6.973850769498386e-18,0.05894458808133039,0.04519774011299435
grado_desc,Configuracion,91,0.5141242937853108,0.01129943502824858,6.973850769498386e-18,0.05894458808133039,0.04519774011299435
grado_desc,Configuracion,92,0.519774011299435,0.01129943502824858,6.973850769498386e-18,0.05894458808133039,0.04519774011299435
grado_desc,Configuracion,93,0.5254237288135594,0.01129943502824858,6.973850769498386e-18,0.05894458808133039,0.04519774011299435
grado_desc,Configuracion,94,0.5310734463276836,0.01129943502824858,6.973850769498386e-18,0.05894458808133039,0.04519774011299435
grado_desc,Configuracion,95,0.536723163841808,0.01129943502824858,6.973850769498386e-18,0.05894458808133039,0.04519774011299435
grado_desc,Configuracion,96,0.5423728813559322,0.01129943502824858,6.973850769498386e-18,0.05894458808133039,0.04519774011299435
grado_desc,Configuracion,97,0.5480225988700564,0.01129943502824858,6.973850769498386e-18,0.05894458808133039,0.04519774011299435
grado_desc,Configuracion,98,0.5536723163841808,0.01129943502824858,6.973850769498386e-18,0.05894458808133039,0.04519774011299435
grado_desc,Configuracion,99,0.559322033898305,0.01129943502824858,6.973850769498386e-18,0.05894458808133039,0.04519774011299435
grado_desc,Configuracion,100,0.5649717514124294,0.01129943502824858,6.973850769498386e-18,0.05894458808133039,0.04519774011299435
grado_desc,Configuracion,101,0.5706214689265536,0.01129943502824858,6.973850769498386e-18,0.05894458808133039,0.04519774011299435
grado_desc,Configuracion,102,0.576271186440678,0.01129943502824858,6.973850769498386e-18,0.05894458808133039,0.04519774011299435
grado_desc,Configuracion,103,0.5819209039548022,0.01129943502824858,6.973850769498386e-18,0.05894458808133039,0.04519774011299435
grado_desc,Configuracion,104,0.5875706214689266,0.01129943502824858,6.973850769498386e-18,0.05894458808133039,0.04519774011299435
grado_desc,Configuracion,105,0.5932203389830508,0.01129943502824858,6.973850769498386e-18,0.05894458808133039,0.04519774011299435
grado_desc,Configuracion,106,0.5988700564971752,0.01129943502824858,6.973850769498386e-18,0.05894458808133039,0.04519774011299435
grado_desc,Configuracion,107,0.6045197740112994,0.01129943502824858,6.973850769498386e-18,0.05894458808133039,0.04519774011299435
grado_desc,Configuracion,108,0.6101694915254238,0.01129943502824858,6.973850769498386e-18,0.05894458808133039,0.04519774011299435
grado_desc,Configuracion,109,0.615819209039548,0.01129943502824858,6.973850769498386e-18,0.05894458808133039,0.04519774011299435
grado_desc,Configuracion,110,0.6214689265536724,0.01129943502824858,6.973850769498386e-18,0.05894458808133039,0.04519774011299435
grado_desc,Configuracion,111,0.6271186440677966,0.01129943502824858,6.973850769498386e-18,0.05894458808133039,0.04519774011299435
grado_desc,Configuracion,112,0.632768361581921,0.01129943502824858,6.973850769498386e-18,0.05894458808133039,0.04519774011299435
grado_desc,Configuracion,113,0.6384180790960452,0.01129943502824858,6.973850769498386e-18,0.05894458808133039,0.04519774011299435
grado_desc,Configuracion,114,0.6440677966101694,0.01129943502824858,6.973850769498386e-18,0.05894458808133039,0.04519774011299435
grado_desc,Configuracion,115,0.6497175141242938,0.01129943502824858,6.973850769498386e-18,0.05894458808133039,0.04519774011299435
grado_desc,Configuracion,116,0.655367231638418,0.01129943502824858,6.973850769498386e-18,0.05894458808133039,0.04519774011299435
grado_desc,Configuracion,117,0.6610169491525424,0.01129943502824858,6.973850769498386e-18,0.05894458808133039,0.04519774011299435
grado_desc,Configuracion,118,0.6666666666666666,0.011242937853107338,0.0005649717514124269,0.05894458808133039,0.04519774011299435
grado_desc,Configuracion,119,0.672316384180791,0.011242937853107338,0.0005649717514124269,0.05894458808133039,0.04519774011299435
grado_desc,Configuracion,120,0.6779661016949152,0.011242937853107338,0.0005649717514124269,0.05894458808133039,0.04519774011299435
grado_desc,Configuracion,121,0.6836158192090396,0.011242937853107338,0.0005649717514124269,0.05894458808133039,0.04519774011299435
grado_desc,Configuracion,122,0.6892655367231638,0.011242937853107338,0.0005649717514124269,0.05894458808133039,0.04519774011299435
grado_desc,Configuracion,123,0.6949152542372882,0.011242937853107338,0.0005649717514124269,0.05894458808133039,0.04519774011299435
grado_desc,Configuracion,124,0.7005649717514124,0.011242937853107338,0.0005649717514124269,0.05894458808133039,0.04519774011299435
grado_desc,Configuracion,125,0.7062146892655368,0.011242937853107338,0.0005649717514124269,0.05894458808133039,0.04519774011299435
grado_desc,Configuracion,126,0.711864406779661,0.011186440677966097,0.0007949451646118079,0.05894458808133039,0.04519774011299435
grado_desc,Configuracion,127,0.7175141242937854,0.011186440677966097,0.0007949451646118079,0.05894458808133039,0.04519774011299435
grado_desc,Configuracion,128,0.7231638418079096,0.011186440677966097,0.0007949451646118079,0.05894458808133039,0.04519774011299435
grado_desc,Configuracion,129,0.7288135593220338,0.011129943502824853,0.0009686249039421769,0.05894458808133039,0.04519774011299435
grado_desc,Configuracion,130,0.7344632768361582,0.01107344632768361,0.0011126914438809737,0.05894458808133039,0.04519774011299435
grado_desc,Configuracion,131,0.7401129943502824,0.011016949152542366,0.0012375305850711317,0.05894458808133039,0.04519774011299435
grado_desc,Configuracion,132,0.7457627118644068,0.010960451977401125,0.0013484929750053217,0.05894458808133039,0.04519774011299435
grado_desc,Configuracion,133,0.751412429378531,0.01090395480225988,0.001448770621334704,0.05894458808133039,0.04519774011299435
grado_desc,Configuracion,134,0.7570621468926554,0.010847457627118638,0.0015404515499677454,0.05894458808133039,0.04519774011299435
grado_desc,Configuracion,135,0.7627118644067796,0.010621468926553666,0.0018451900133959905,0.05894458808133039,0.04519774011299435
grado_desc,Configuracion,136,0.768361581920904,0.010564971751412425,0.0019095913502239035,0.05894458808133039,0.04519774011299435
grado_desc,Configuracion,137,0.7740112994350282,0.01050847457627118,0.001970254734575013,0.05894458808133039,0.04519774011299435
grado_desc,Configuracion,138,0.7796610169491526,0.01045197740112994,0.0020275157134612247,0.05894458808133039,0.04519774011299435
grado_desc,Configuracion,139,0.7853107344632768,0.010338983050847454,0.0021329105540600947,0.05894458808133039,0.04519774011299435
grado_desc,Configuracion,140,0.7909604519774012,0.010338983050847454,0.0021329105540600947,0.05894458808133039,0.04519774011299435
grado_desc,Configuracion,141,0.7966101694915254,0.010282485875706212,0.0021814854218382444,0.05894458808133039,0.04519774011299435
grado_desc,Configuracion,142,0.8022598870056498,0.010112994350282482,0.0023127693827137423,0.05894458808133039,0.04519774011299435
grado_desc,Configuracion,143,0.807909604519774,0.009943502824858752,0.002425054779609762,0.05894458808133039,0.04519774011299435
grado_desc,Configuracion,144,0.8135593220338984,0.009774011299435023,0.0025208816007823366,0.05894458808133039,0.04519774011299435
grado_desc,Configuracion,145,0.8192090395480226,0.009661016949152536,0.00257654249475745,0.05894458808133039,0.04519774011299435
grado_desc,Configuracion,146,0.8248587570621468,0.009548022598870049,0.0026261197667329463,0.05894458808133039,0.04519774011299435
grado_desc,Configuracion,147,0.8305084745762712,0.009548022598870049,0.0026261197667329463,0.05894458808133039,0.04519774011299435
grado_desc,Configuracion,148,0.8361581920903954,0.009435028248587562,0.002669952331216162,0.05894458808133039,0.04519774011299435
grado_desc,Configuracion,149,0.8418079096045198,0.009322033898305077,0.00270831912678589,0.05894458808133039,0.04519774011299435
grado_desc,Configuracion,150,0.847457627118644,0.009209039548022591,0.0027414496445983625,0.05894458808133039,0.04519774011299435
grado_desc,Configuracion,151,0.8531073446327684,0.008926553672316375,0.0028025139194850744,0.05894458808133039,0.04519774011299435
grado_desc,Configuracion,152,0.8587570621468926,0.00887005649717513,0.002811129107097417,0.05894458808133039,0.04519774011299435
grado_desc,Configuracion,153,0.864406779661017,0.008700564971751402,0.0028299902031753313,0.05894458808133039,0.04519774011299435
grado_desc,Configuracion,154,0.8700564971751412,0.008474576271186429,0.0028390898736135955,0.05894458808133039,0.04519774011299435
grado_desc,Configuracion,155,0.8757062146892656,0.0083050847457627,0.0028339749042180337,0.05894458808133039,0.04519774011299435
grado_desc,Configuracion,156,0.8813559322033898,0.008135593220338973,0.0028185743026545706,0.05894458808133039,0.04519774011299435
grado_desc,Configuracion,157,0.8870056497175142,0.007909604519774,0.002781728609702436,0.05894458808133039,0.04519774011299435
grado_desc,Configuracion,158,0.8926553672316384,0.007796610169491514,0.002756111475788493,0.05894458808133039,0.04519774011299435
grado_desc,Configuracion,159,0.8983050847457628,0.007740112994350273,0.00274144964459836,0.05894458808133039,0.04519774011299435
grado_desc,Configuracion,160,0.903954802259887,0.0075141242937853,0.0026699523312161627,0.05894458808133039,0.04519774011299435
grado_desc,Configuracion,161,0.9096045197740112,0.007401129943502814,0.002626119766732949,0.05894458808133039,0.04519774011299435
grado_desc,Configuracion,162,0.9152542372881356,0.007175141242937843,0.0025208816007823366,0.05894458808133039,0.04519774011299435
grado_desc,Configuracion,163,0.9209039548022598,0.006892655367231629,0.0023521649711481718,0.05894458808133039,0.04519774011299435
grado_desc,Configuracion,164,0.9265536723163842,0.0067796610169491445,0.002271271898890876,0.05894458808133039,0.04519774011299435
grado_desc,Configuracion,165,0.9322033898305084,0.006553672316384172,0.0020816550800987063,0.05894458808133039,0.04519774011299435
grado_desc,Configuracion,166,0.9378531073446328,0.006440677966101687,0.00197025473457501,0.05894458808133039,0.04519774011299435
grado_desc,Configuracion,167,0.943502824858757,0.006271186440677958,0.0017766442809899448,0.05894458808133039,0.04519774011299435
grado_desc,Configuracion,168,0.9491525423728814,0.006158192090395473,0.0016249914760715339,0.05894458808133039,0.04519774011299435
grado_desc,Configuracion,169,0.9548022598870056,0.006045197740112989,0.001448770621334705,0.05894458808133039,0.04519774011299435
grado_desc,Configuracion,170,0.96045197740113,0.005988700564971746,0.0013484929750053225,0.05894458808133039,0.04519774011299435
grado_desc,Configuracion,171,0.9661016949152542,0.005932203389830503,0.0012375305850711314,0.05894458808133039,0.04519774011299435
grado_desc,Configuracion,172,0.9717514124293786,0.00587570621468926,0.0011126914438809748,0.05894458808133039,0.04519774011299435
grado_desc,Configuracion,173,0.9774011299435028,0.005706214689265533,0.0005649717514124284,0.05894458808133039,0.04519774011299435
grado_desc,Configuracion,174,0.9830508474576272,0.005706214689265533,0.0005649717514124284,0.05894458808133039,0.04519774011299435
grado_desc,Configuracion,175,0.9887005649717514,0.00564971751412429,3.486925384749193e-18,0.05894458808133039,0.04519774011299435
grado_desc,Configuracion,176,0.9943502824858758,0.00564971751412429,3.486925384749193e-18,0.05894458808133039,0.04519774011299435
grado_desc,Configuracion,177,1.0,0.0,0.0,0.05894458808133039,0.04519774011299435
